<?xml version='1.0' encoding='UTF-8' standalone='no'?>
<sbml xmlns="http://www.sbml.org/sbml/level2/version4" level="2" metaid="c1b74ad8-5ecd-4ed4-bff7-f5781a25720b" version="4" xmlns:celldesigner="http://www.sbml.org/2001/ns/celldesigner">
  <model id="MODEL1406130000" metaid="PFKL" name="Yugi2014 - Insulin induced signalling (PFKL phosphorylation) - model 1">
    <notes>
      <body xmlns="http://www.w3.org/1999/xhtml">
        <div class="dc:title">Yugi2014 - Insulin induced signalling (PFKL
phosphorylation) - model 1</div>
<div class="dc:description">
  <p>Insulin induces phosphorylation and activation of liver-type
  phosphofructokinase 1, which thereby controls a key reaction in
  glycolysis. This mechanism is revealed using the mathematical
  model. In this model, the PFKL phosphorylation time courses are
  obtained from experimental data.</p>
  <p>
  <b>Author's Note:</b> Katsuyuki Yugi thank Akira Funahashi (Keio
  University, Japan) for his kind advice in converting the model
  from MATLAB to SBML.</p>
</div>
<div class="dc:bibliographicCitation">
  <p>This model is described in the article:</p>
  <div class="bibo:title">
    <a href="http://identifiers.org/pubmed/25131207" title="Access to this publication">Reconstruction of insulin
    signal flow from phosphoproteome and metabolome data.</a>
  </div>
  <div class="bibo:authorList">Yugi K, Kubota H, Toyoshima Y,
  Noguchi R, Kawata K, Komori Y, Uda S, Kunida K, Tomizawa Y,
  Funato Y, Miki H, Matsumoto M, Nakayama KI, Kashikura K, Endo K,
  Ikeda K, Soga T, Kuroda S.</div>
  <div class="bibo:Journal">Cell Rep 2014 Aug; 8(4):
  1171-1183</div>
  <p>Abstract:</p>
  <div class="bibo:abstract">
    <p>Cellular homeostasis is regulated by signals through
    multiple molecular networks that include protein
    phosphorylation and metabolites. However, where and when the
    signal flows through a network and regulates homeostasis has
    not been explored. We have developed a reconstruction method
    for the signal flow based on time-course phosphoproteome and
    metabolome data, using multiple databases, and have applied it
    to acute action of insulin, an important hormone for metabolic
    homeostasis. An insulin signal flows through a network, through
    signaling pathways that involve 13 protein kinases, 26
    phosphorylated metabolic enzymes, and 35 allosteric effectors,
    resulting in quantitative changes in 44 metabolites. Analysis
    of the network reveals that insulin induces phosphorylation and
    activation of liver-type phosphofructokinase 1, thereby
    controlling a key reaction in glycolysis. We thus provide a
    versatile method of reconstruction of signal flow through the
    network using phosphoproteome and metabolome data.</p>
  </div>
</div>
<div class="dc:publisher">
  <p>This model is hosted on 
  <a href="http://www.ebi.ac.uk/biomodels/">BioModels Database</a>
  and identified by: 
  <a href="http://identifiers.org/biomodels.db/BIOMD0000000540">BIOMD0000000540</a>.</p>
  <p>To cite BioModels Database, please use: 
  <a href="http://identifiers.org/pubmed/20587024" title="Latest BioModels Database publication">BioModels Database:
  An enhanced, curated and annotated resource for published
  quantitative kinetic models</a>.</p>
</div>
<div class="dc:license">
  <p>To the extent possible under law, all copyright and related or
  neighbouring rights to this encoded model have been dedicated to
  the public domain worldwide. Please refer to 
  <a href="http://creativecommons.org/publicdomain/zero/1.0/" title="Access to: CC0 1.0 Universal (CC0 1.0), Public Domain Dedication">CC0
  Public Domain Dedication</a> for more information.</p>
</div>
</body>
    </notes>
    <annotation>
<celldesigner:extension>
<celldesigner:modelVersion>4.0</celldesigner:modelVersion>
<celldesigner:modelDisplay sizeX="600" sizeY="600"/>
<celldesigner:listOfCompartmentAliases/>
<celldesigner:listOfComplexSpeciesAliases/>
<celldesigner:listOfSpeciesAliases>
<celldesigner:speciesAlias id="sa1" species="s1">
<celldesigner:activity>inactive</celldesigner:activity>
<celldesigner:bounds x="441.0" y="207.0" w="80.0" h="40.0"/>
<celldesigner:font size="12"/>
<celldesigner:view state="usual"/>
<celldesigner:usualView>
<celldesigner:innerPosition x="0.0" y="0.0"/>
<celldesigner:boxSize width="80.0" height="40.0"/>
<celldesigner:singleLine width="1.0"/>
<celldesigner:paint color="ffccffcc" scheme="Color"/>
</celldesigner:usualView>
<celldesigner:briefView>
<celldesigner:innerPosition x="0.0" y="0.0"/>
<celldesigner:boxSize width="80.0" height="60.0"/>
<celldesigner:singleLine width="1.0"/>
<celldesigner:paint color="3fff0000" scheme="Color"/>
</celldesigner:briefView>
<celldesigner:info state="empty" angle="-1.5707963267948966"/>
</celldesigner:speciesAlias>
<celldesigner:speciesAlias id="sa2" species="s2">
<celldesigner:activity>inactive</celldesigner:activity>
<celldesigner:bounds x="51.0" y="224.0" w="80.0" h="40.0"/>
<celldesigner:font size="12"/>
<celldesigner:view state="usual"/>
<celldesigner:usualView>
<celldesigner:innerPosition x="0.0" y="0.0"/>
<celldesigner:boxSize width="80.0" height="40.0"/>
<celldesigner:singleLine width="1.0"/>
<celldesigner:paint color="ffccffcc" scheme="Color"/>
</celldesigner:usualView>
<celldesigner:briefView>
<celldesigner:innerPosition x="0.0" y="0.0"/>
<celldesigner:boxSize width="80.0" height="60.0"/>
<celldesigner:singleLine width="1.0"/>
<celldesigner:paint color="3fff0000" scheme="Color"/>
</celldesigner:briefView>
<celldesigner:info state="empty" angle="-1.5707963267948966"/>
</celldesigner:speciesAlias>
<celldesigner:speciesAlias id="sa3" species="s3">
<celldesigner:activity>inactive</celldesigner:activity>
<celldesigner:bounds x="204.0" y="54.5" w="70.0" h="25.0"/>
<celldesigner:font size="12"/>
<celldesigner:view state="usual"/>
<celldesigner:usualView>
<celldesigner:innerPosition x="0.0" y="0.0"/>
<celldesigner:boxSize width="70.0" height="25.0"/>
<celldesigner:singleLine width="1.0"/>
<celldesigner:paint color="ffccff66" scheme="Color"/>
</celldesigner:usualView>
<celldesigner:briefView>
<celldesigner:innerPosition x="0.0" y="0.0"/>
<celldesigner:boxSize width="80.0" height="60.0"/>
<celldesigner:singleLine width="1.0"/>
<celldesigner:paint color="3fff0000" scheme="Color"/>
</celldesigner:briefView>
<celldesigner:info state="empty" angle="-1.5707963267948966"/>
</celldesigner:speciesAlias>
<celldesigner:speciesAlias id="sa4" species="s4">
<celldesigner:activity>inactive</celldesigner:activity>
<celldesigner:bounds x="206.0" y="370.5" w="70.0" h="25.0"/>
<celldesigner:font size="12"/>
<celldesigner:view state="usual"/>
<celldesigner:usualView>
<celldesigner:innerPosition x="0.0" y="0.0"/>
<celldesigner:boxSize width="70.0" height="25.0"/>
<celldesigner:singleLine width="1.0"/>
<celldesigner:paint color="ffccff66" scheme="Color"/>
</celldesigner:usualView>
<celldesigner:briefView>
<celldesigner:innerPosition x="0.0" y="0.0"/>
<celldesigner:boxSize width="80.0" height="60.0"/>
<celldesigner:singleLine width="1.0"/>
<celldesigner:paint color="3fff0000" scheme="Color"/>
</celldesigner:briefView>
<celldesigner:info state="empty" angle="-1.5707963267948966"/>
</celldesigner:speciesAlias>
<celldesigner:speciesAlias id="sa5" species="s5">
<celldesigner:activity>inactive</celldesigner:activity>
<celldesigner:bounds x="381.0" y="141.5" w="70.0" h="25.0"/>
<celldesigner:font size="12"/>
<celldesigner:view state="usual"/>
<celldesigner:usualView>
<celldesigner:innerPosition x="0.0" y="0.0"/>
<celldesigner:boxSize width="70.0" height="25.0"/>
<celldesigner:singleLine width="1.0"/>
<celldesigner:paint color="ffccff66" scheme="Color"/>
</celldesigner:usualView>
<celldesigner:briefView>
<celldesigner:innerPosition x="0.0" y="0.0"/>
<celldesigner:boxSize width="80.0" height="60.0"/>
<celldesigner:singleLine width="1.0"/>
<celldesigner:paint color="3fff0000" scheme="Color"/>
</celldesigner:briefView>
<celldesigner:info state="empty" angle="-1.5707963267948966"/>
</celldesigner:speciesAlias>
<celldesigner:speciesAlias id="sa6" species="s6">
<celldesigner:activity>inactive</celldesigner:activity>
<celldesigner:bounds x="410.0" y="170.5" w="70.0" h="25.0"/>
<celldesigner:font size="12"/>
<celldesigner:view state="usual"/>
<celldesigner:usualView>
<celldesigner:innerPosition x="0.0" y="0.0"/>
<celldesigner:boxSize width="70.0" height="25.0"/>
<celldesigner:singleLine width="1.0"/>
<celldesigner:paint color="ffccff66" scheme="Color"/>
</celldesigner:usualView>
<celldesigner:briefView>
<celldesigner:innerPosition x="0.0" y="0.0"/>
<celldesigner:boxSize width="80.0" height="60.0"/>
<celldesigner:singleLine width="1.0"/>
<celldesigner:paint color="3fff0000" scheme="Color"/>
</celldesigner:briefView>
<celldesigner:info state="empty" angle="-1.5707963267948966"/>
</celldesigner:speciesAlias>
<celldesigner:speciesAlias id="sa7" species="s7">
<celldesigner:activity>inactive</celldesigner:activity>
<celldesigner:bounds x="350.0" y="114.5" w="70.0" h="25.0"/>
<celldesigner:font size="12"/>
<celldesigner:view state="usual"/>
<celldesigner:usualView>
<celldesigner:innerPosition x="0.0" y="0.0"/>
<celldesigner:boxSize width="70.0" height="25.0"/>
<celldesigner:singleLine width="1.0"/>
<celldesigner:paint color="ffccff66" scheme="Color"/>
</celldesigner:usualView>
<celldesigner:briefView>
<celldesigner:innerPosition x="0.0" y="0.0"/>
<celldesigner:boxSize width="80.0" height="60.0"/>
<celldesigner:singleLine width="1.0"/>
<celldesigner:paint color="3fff0000" scheme="Color"/>
</celldesigner:briefView>
<celldesigner:info state="empty" angle="-1.5707963267948966"/>
</celldesigner:speciesAlias>
<celldesigner:speciesAlias id="sa8" species="s8">
<celldesigner:activity>inactive</celldesigner:activity>
<celldesigner:bounds x="300.0" y="91.5" w="70.0" h="25.0"/>
<celldesigner:font size="12"/>
<celldesigner:view state="usual"/>
<celldesigner:usualView>
<celldesigner:innerPosition x="0.0" y="0.0"/>
<celldesigner:boxSize width="70.0" height="25.0"/>
<celldesigner:singleLine width="1.0"/>
<celldesigner:paint color="ffccff66" scheme="Color"/>
</celldesigner:usualView>
<celldesigner:briefView>
<celldesigner:innerPosition x="0.0" y="0.0"/>
<celldesigner:boxSize width="80.0" height="60.0"/>
<celldesigner:singleLine width="1.0"/>
<celldesigner:paint color="3fff0000" scheme="Color"/>
</celldesigner:briefView>
<celldesigner:info state="empty" angle="-1.5707963267948966"/>
</celldesigner:speciesAlias>
<celldesigner:speciesAlias id="sa9" species="s9">
<celldesigner:activity>inactive</celldesigner:activity>
<celldesigner:bounds x="315.0" y="298.5" w="70.0" h="25.0"/>
<celldesigner:font size="12"/>
<celldesigner:view state="usual"/>
<celldesigner:usualView>
<celldesigner:innerPosition x="0.0" y="0.0"/>
<celldesigner:boxSize width="70.0" height="25.0"/>
<celldesigner:singleLine width="1.0"/>
<celldesigner:paint color="ffccff66" scheme="Color"/>
</celldesigner:usualView>
<celldesigner:briefView>
<celldesigner:innerPosition x="0.0" y="0.0"/>
<celldesigner:boxSize width="80.0" height="60.0"/>
<celldesigner:singleLine width="1.0"/>
<celldesigner:paint color="3fff0000" scheme="Color"/>
</celldesigner:briefView>
<celldesigner:info state="empty" angle="-1.5707963267948966"/>
</celldesigner:speciesAlias>
<celldesigner:speciesAlias id="sa10" species="s10">
<celldesigner:activity>inactive</celldesigner:activity>
<celldesigner:bounds x="104.0" y="295.5" w="70.0" h="25.0"/>
<celldesigner:font size="12"/>
<celldesigner:view state="usual"/>
<celldesigner:usualView>
<celldesigner:innerPosition x="0.0" y="0.0"/>
<celldesigner:boxSize width="70.0" height="25.0"/>
<celldesigner:singleLine width="1.0"/>
<celldesigner:paint color="ffccff66" scheme="Color"/>
</celldesigner:usualView>
<celldesigner:briefView>
<celldesigner:innerPosition x="0.0" y="0.0"/>
<celldesigner:boxSize width="80.0" height="60.0"/>
<celldesigner:singleLine width="1.0"/>
<celldesigner:paint color="3fff0000" scheme="Color"/>
</celldesigner:briefView>
<celldesigner:info state="empty" angle="-1.5707963267948966"/>
</celldesigner:speciesAlias>
<celldesigner:speciesAlias id="sa11" species="s11">
<celldesigner:activity>inactive</celldesigner:activity>
<celldesigner:bounds x="226.0" y="442.0" w="30.0" h="30.0"/>
<celldesigner:font size="12"/>
<celldesigner:view state="usual"/>
<celldesigner:usualView>
<celldesigner:innerPosition x="0.0" y="0.0"/>
<celldesigner:boxSize width="30.0" height="30.0"/>
<celldesigner:singleLine width="1.0"/>
<celldesigner:paint color="ffffcccc" scheme="Color"/>
</celldesigner:usualView>
<celldesigner:briefView>
<celldesigner:innerPosition x="0.0" y="0.0"/>
<celldesigner:boxSize width="0.0" height="0.0"/>
<celldesigner:singleLine width="1.0"/>
<celldesigner:paint color="3fff0000" scheme="Color"/>
</celldesigner:briefView>
<celldesigner:info state="empty" angle="-1.5707963267948966"/>
</celldesigner:speciesAlias>
<celldesigner:speciesAlias id="sa12" species="s12">
<celldesigner:activity>inactive</celldesigner:activity>
<celldesigner:bounds x="93.0" y="400.0" w="80.0" h="40.0"/>
<celldesigner:font size="12"/>
<celldesigner:view state="usual"/>
<celldesigner:usualView>
<celldesigner:innerPosition x="0.0" y="0.0"/>
<celldesigner:boxSize width="80.0" height="40.0"/>
<celldesigner:singleLine width="1.0"/>
<celldesigner:paint color="ffccffcc" scheme="Color"/>
</celldesigner:usualView>
<celldesigner:briefView>
<celldesigner:innerPosition x="0.0" y="0.0"/>
<celldesigner:boxSize width="80.0" height="60.0"/>
<celldesigner:singleLine width="1.0"/>
<celldesigner:paint color="3fff0000" scheme="Color"/>
</celldesigner:briefView>
<celldesigner:info state="empty" angle="-1.5707963267948966"/>
</celldesigner:speciesAlias>
<celldesigner:speciesAlias id="sa13" species="s13">
<celldesigner:activity>inactive</celldesigner:activity>
<celldesigner:bounds x="441.0" y="259.0" w="80.0" h="40.0"/>
<celldesigner:font size="12"/>
<celldesigner:view state="usual"/>
<celldesigner:usualView>
<celldesigner:innerPosition x="0.0" y="0.0"/>
<celldesigner:boxSize width="80.0" height="40.0"/>
<celldesigner:singleLine width="1.0"/>
<celldesigner:paint color="ffccffcc" scheme="Color"/>
</celldesigner:usualView>
<celldesigner:briefView>
<celldesigner:innerPosition x="0.0" y="0.0"/>
<celldesigner:boxSize width="80.0" height="60.0"/>
<celldesigner:singleLine width="1.0"/>
<celldesigner:paint color="3fff0000" scheme="Color"/>
</celldesigner:briefView>
<celldesigner:info state="empty" angle="-1.5707963267948966"/>
</celldesigner:speciesAlias>
<celldesigner:speciesAlias id="sa14" species="s14">
<celldesigner:activity>inactive</celldesigner:activity>
<celldesigner:bounds x="420.0" y="89.0" w="30.0" h="30.0"/>
<celldesigner:font size="12"/>
<celldesigner:view state="usual"/>
<celldesigner:usualView>
<celldesigner:innerPosition x="0.0" y="0.0"/>
<celldesigner:boxSize width="30.0" height="30.0"/>
<celldesigner:singleLine width="1.0"/>
<celldesigner:paint color="ffffcccc" scheme="Color"/>
</celldesigner:usualView>
<celldesigner:briefView>
<celldesigner:innerPosition x="0.0" y="0.0"/>
<celldesigner:boxSize width="0.0" height="0.0"/>
<celldesigner:singleLine width="1.0"/>
<celldesigner:paint color="3fff0000" scheme="Color"/>
</celldesigner:briefView>
<celldesigner:info state="empty" angle="-1.5707963267948966"/>
</celldesigner:speciesAlias>
<celldesigner:speciesAlias id="sa15" species="s15">
<celldesigner:activity>inactive</celldesigner:activity>
<celldesigner:bounds x="470.0" y="112.0" w="30.0" h="30.0"/>
<celldesigner:font size="12"/>
<celldesigner:view state="usual"/>
<celldesigner:usualView>
<celldesigner:innerPosition x="0.0" y="0.0"/>
<celldesigner:boxSize width="30.0" height="30.0"/>
<celldesigner:singleLine width="1.0"/>
<celldesigner:paint color="ffffcccc" scheme="Color"/>
</celldesigner:usualView>
<celldesigner:briefView>
<celldesigner:innerPosition x="0.0" y="0.0"/>
<celldesigner:boxSize width="0.0" height="0.0"/>
<celldesigner:singleLine width="1.0"/>
<celldesigner:paint color="3fff0000" scheme="Color"/>
</celldesigner:briefView>
<celldesigner:info state="empty" angle="-1.5707963267948966"/>
</celldesigner:speciesAlias>
<celldesigner:speciesAlias id="sa16" species="s16">
<celldesigner:activity>inactive</celldesigner:activity>
<celldesigner:bounds x="501.0" y="139.0" w="30.0" h="30.0"/>
<celldesigner:font size="12"/>
<celldesigner:view state="usual"/>
<celldesigner:usualView>
<celldesigner:innerPosition x="0.0" y="0.0"/>
<celldesigner:boxSize width="30.0" height="30.0"/>
<celldesigner:singleLine width="1.0"/>
<celldesigner:paint color="ffffcccc" scheme="Color"/>
</celldesigner:usualView>
<celldesigner:briefView>
<celldesigner:innerPosition x="0.0" y="0.0"/>
<celldesigner:boxSize width="0.0" height="0.0"/>
<celldesigner:singleLine width="1.0"/>
<celldesigner:paint color="3fff0000" scheme="Color"/>
</celldesigner:briefView>
<celldesigner:info state="empty" angle="-1.5707963267948966"/>
</celldesigner:speciesAlias>
<celldesigner:speciesAlias id="sa17" species="s17">
<celldesigner:activity>inactive</celldesigner:activity>
<celldesigner:bounds x="530.0" y="168.0" w="30.0" h="30.0"/>
<celldesigner:font size="12"/>
<celldesigner:view state="usual"/>
<celldesigner:usualView>
<celldesigner:innerPosition x="0.0" y="0.0"/>
<celldesigner:boxSize width="30.0" height="30.0"/>
<celldesigner:singleLine width="1.0"/>
<celldesigner:paint color="ffffcccc" scheme="Color"/>
</celldesigner:usualView>
<celldesigner:briefView>
<celldesigner:innerPosition x="0.0" y="0.0"/>
<celldesigner:boxSize width="0.0" height="0.0"/>
<celldesigner:singleLine width="1.0"/>
<celldesigner:paint color="3fff0000" scheme="Color"/>
</celldesigner:briefView>
<celldesigner:info state="empty" angle="-1.5707963267948966"/>
</celldesigner:speciesAlias>
<celldesigner:speciesAlias id="sa18" species="s18">
<celldesigner:activity>inactive</celldesigner:activity>
<celldesigner:bounds x="348.0" y="363.0" w="30.0" h="30.0"/>
<celldesigner:font size="12"/>
<celldesigner:view state="usual"/>
<celldesigner:usualView>
<celldesigner:innerPosition x="0.0" y="0.0"/>
<celldesigner:boxSize width="30.0" height="30.0"/>
<celldesigner:singleLine width="1.0"/>
<celldesigner:paint color="ffffcccc" scheme="Color"/>
</celldesigner:usualView>
<celldesigner:briefView>
<celldesigner:innerPosition x="0.0" y="0.0"/>
<celldesigner:boxSize width="0.0" height="0.0"/>
<celldesigner:singleLine width="1.0"/>
<celldesigner:paint color="3fff0000" scheme="Color"/>
</celldesigner:briefView>
<celldesigner:info state="empty" angle="-1.5707963267948966"/>
</celldesigner:speciesAlias>
<celldesigner:speciesAlias id="sa20" species="s20">
<celldesigner:activity>inactive</celldesigner:activity>
<celldesigner:bounds x="556.0" y="264.0" w="30.0" h="30.0"/>
<celldesigner:font size="12"/>
<celldesigner:view state="usual"/>
<celldesigner:usualView>
<celldesigner:innerPosition x="0.0" y="0.0"/>
<celldesigner:boxSize width="30.0" height="30.0"/>
<celldesigner:singleLine width="1.0"/>
<celldesigner:paint color="ffffcccc" scheme="Color"/>
</celldesigner:usualView>
<celldesigner:briefView>
<celldesigner:innerPosition x="0.0" y="0.0"/>
<celldesigner:boxSize width="0.0" height="0.0"/>
<celldesigner:singleLine width="1.0"/>
<celldesigner:paint color="3fff0000" scheme="Color"/>
</celldesigner:briefView>
<celldesigner:info state="empty" angle="-1.5707963267948966"/>
</celldesigner:speciesAlias>
<celldesigner:speciesAlias id="sa21" species="s21">
<celldesigner:activity>inactive</celldesigner:activity>
<celldesigner:bounds x="94.0" y="53.0" w="30.0" h="30.0"/>
<celldesigner:font size="12"/>
<celldesigner:view state="usual"/>
<celldesigner:usualView>
<celldesigner:innerPosition x="0.0" y="0.0"/>
<celldesigner:boxSize width="30.0" height="30.0"/>
<celldesigner:singleLine width="1.0"/>
<celldesigner:paint color="ffffcccc" scheme="Color"/>
</celldesigner:usualView>
<celldesigner:briefView>
<celldesigner:innerPosition x="0.0" y="0.0"/>
<celldesigner:boxSize width="0.0" height="0.0"/>
<celldesigner:singleLine width="1.0"/>
<celldesigner:paint color="3fff0000" scheme="Color"/>
</celldesigner:briefView>
<celldesigner:info state="empty" angle="-1.5707963267948966"/>
</celldesigner:speciesAlias>
<celldesigner:speciesAlias id="sa19" species="s19">
<celldesigner:activity>inactive</celldesigner:activity>
<celldesigner:bounds x="123.0" y="359.0" w="30.0" h="30.0"/>
<celldesigner:font size="12"/>
<celldesigner:view state="usual"/>
<celldesigner:usualView>
<celldesigner:innerPosition x="0.0" y="0.0"/>
<celldesigner:boxSize width="30.0" height="30.0"/>
<celldesigner:singleLine width="1.0"/>
<celldesigner:paint color="ffffcccc" scheme="Color"/>
</celldesigner:usualView>
<celldesigner:briefView>
<celldesigner:innerPosition x="0.0" y="0.0"/>
<celldesigner:boxSize width="0.0" height="0.0"/>
<celldesigner:singleLine width="1.0"/>
<celldesigner:paint color="3fff0000" scheme="Color"/>
</celldesigner:briefView>
<celldesigner:info state="empty" angle="-1.5707963267948966"/>
</celldesigner:speciesAlias>
<celldesigner:speciesAlias id="sa22" species="s22">
<celldesigner:activity>inactive</celldesigner:activity>
<celldesigner:bounds x="204.5" y="113.5" w="70.0" h="25.0"/>
<celldesigner:font size="12"/>
<celldesigner:view state="usual"/>
<celldesigner:usualView>
<celldesigner:innerPosition x="0.0" y="0.0"/>
<celldesigner:boxSize width="70.0" height="25.0"/>
<celldesigner:singleLine width="1.0"/>
<celldesigner:paint color="ffccff66" scheme="Color"/>
</celldesigner:usualView>
<celldesigner:briefView>
<celldesigner:innerPosition x="0.0" y="0.0"/>
<celldesigner:boxSize width="80.0" height="60.0"/>
<celldesigner:singleLine width="1.0"/>
<celldesigner:paint color="3fff0000" scheme="Color"/>
</celldesigner:briefView>
<celldesigner:info state="empty" angle="-1.5707963267948966"/>
</celldesigner:speciesAlias>
</celldesigner:listOfSpeciesAliases>
<celldesigner:listOfGroups/>
<celldesigner:listOfProteins>
<celldesigner:protein id="pr1" name="PFKL" type="GENERIC"/>
<celldesigner:protein id="pr2" name="FBPase" type="GENERIC"/>
<celldesigner:protein id="pr3" name="ALDO" type="GENERIC"/>
<celldesigner:protein id="pr4" name="pPFKL" type="GENERIC"/>
</celldesigner:listOfProteins>
<celldesigner:listOfGenes/>
<celldesigner:listOfRNAs/>
<celldesigner:listOfAntisenseRNAs/>
<celldesigner:listOfLayers/>
<celldesigner:listOfBlockDiagrams/>
</celldesigner:extension>
	<rdf:RDF xmlns:rdf="http://www.w3.org/1999/02/22-rdf-syntax-ns#" xmlns:dc="http://purl.org/dc/elements/1.1/" xmlns:vCard="http://www.w3.org/2001/vcard-rdf/3.0#" xmlns:dcterms="http://purl.org/dc/terms/" xmlns:bqmodel="http://biomodels.net/model-qualifiers/" xmlns:bqbiol="http://biomodels.net/biology-qualifiers/">
        <rdf:Description rdf:about="#PFKL">
	<dc:creator>
	<rdf:Bag>
	<rdf:li rdf:parseType="Resource">
	<vCard:N rdf:parseType="Resource">
	<vCard:Family>Chelliah</vCard:Family>
	<vCard:Given>Vijayalakshmi</vCard:Given>
	</vCard:N>
	<vCard:EMAIL>viji@ebi.ac.uk</vCard:EMAIL>
	<vCard:ORG rdf:parseType="Resource">
	<vCard:Orgname>EMBL-EBI</vCard:Orgname>
	</vCard:ORG>
	</rdf:li>
	
	<rdf:li rdf:parseType="Resource">
	<vCard:N rdf:parseType="Resource">
	<vCard:Family>Lloret i Villas</vCard:Family>
	<vCard:Given>Audald</vCard:Given>
	</vCard:N>
	<vCard:EMAIL>lloret@ebi.ac.uk</vCard:EMAIL>
	<vCard:ORG rdf:parseType="Resource">
	<vCard:Orgname>EMBL-EBI</vCard:Orgname>
	</vCard:ORG>
	</rdf:li>
	<rdf:li rdf:parseType="Resource">
	<vCard:N rdf:parseType="Resource">
	<vCard:Family>Yugi</vCard:Family>
	<vCard:Given>Katsuyuki</vCard:Given>
	</vCard:N>
	<vCard:EMAIL>yugi@bs.s.u-tokyo.ac.jp</vCard:EMAIL>
	<vCard:ORG rdf:parseType="Resource">
	<vCard:Orgname>University of Tokyo</vCard:Orgname>
	</vCard:ORG>
	</rdf:li>
	</rdf:Bag>
	</dc:creator>
	<dcterms:created rdf:parseType="Resource">
	<dcterms:W3CDTF>2014-08-14T12:58:48Z</dcterms:W3CDTF>
	</dcterms:created>
	<dcterms:modified rdf:parseType="Resource">
	<dcterms:W3CDTF>2014-09-08T14:05:40Z</dcterms:W3CDTF>
	</dcterms:modified>
	<bqmodel:is>
	<rdf:Bag>
	<rdf:li rdf:resource="http://identifiers.org/biomodels.db/MODEL1406130000"/>
	</rdf:Bag>
	</bqmodel:is>
	<bqmodel:is>
	<rdf:Bag>
	<rdf:li rdf:resource="http://identifiers.org/biomodels.db/BIOMD0000000540"/>
	</rdf:Bag>
	</bqmodel:is>
	<bqmodel:isDescribedBy>
	<rdf:Bag>
	<rdf:li rdf:resource="http://identifiers.org/pubmed/25131207"/>
	</rdf:Bag>
	</bqmodel:isDescribedBy>
	<bqbiol:isVersionOf>
	<rdf:Bag>
	<rdf:li rdf:resource="http://identifiers.org/go/GO:0006110"/>
	<rdf:li rdf:resource="http://identifiers.org/go/GO:0032868"/>
	</rdf:Bag>
	</bqbiol:isVersionOf>
	<bqbiol:hasTaxon>
	<rdf:Bag>
	<rdf:li rdf:resource="http://identifiers.org/taxonomy/131567"/>
	</rdf:Bag>
	</bqbiol:hasTaxon>
	</rdf:Description>
	
	</rdf:RDF>
	</annotation>
      <listOfUnitDefinitions>
      <unitDefinition id="substance" metaid="substance" name="substance">
        <listOfUnits>
          <unit kind="mole" metaid="CDMT00021"/>
        </listOfUnits>
      </unitDefinition>
      <unitDefinition id="volume" metaid="volume" name="volume">
        <listOfUnits>
          <unit kind="litre" metaid="CDMT00022"/>
        </listOfUnits>
      </unitDefinition>
      <unitDefinition id="area" metaid="area" name="area">
        <listOfUnits>
          <unit exponent="2" kind="metre" metaid="CDMT00048"/>
        </listOfUnits>
      </unitDefinition>
      <unitDefinition id="length" metaid="length" name="length">
        <listOfUnits>
          <unit kind="metre" metaid="CDMT00049"/>
        </listOfUnits>
      </unitDefinition>
      <unitDefinition id="time" metaid="time" name="time">
        <listOfUnits>
          <unit kind="second" metaid="CDMT00050"/>
        </listOfUnits>
      </unitDefinition>
    </listOfUnitDefinitions>
    <listOfCompartments>
      <compartment id="default" metaid="default" size="1" units="volume">
        <annotation>
	<rdf:RDF xmlns:rdf="http://www.w3.org/1999/02/22-rdf-syntax-ns#" xmlns:bqmodel="http://biomodels.net/model-qualifiers/" xmlns:bqbiol="http://biomodels.net/biology-qualifiers/">
            <rdf:Description rdf:about="#default">
	<bqbiol:isVersionOf>
	<rdf:Bag>
	<rdf:li rdf:resource="http://identifiers.org/go/GO:0005623"/>
	</rdf:Bag>
	</bqbiol:isVersionOf>
	</rdf:Description>
	
	</rdf:RDF>
	</annotation>
            </compartment>
    </listOfCompartments>
    <listOfSpecies>
      <species charge="0" compartment="default" hasOnlySubstanceUnits="true" id="s1" initialAmount="1" metaid="s1" name="PFKL">
        <annotation>
<celldesigner:extension>
<celldesigner:positionToCompartment>inside</celldesigner:positionToCompartment>
<celldesigner:speciesIdentity>
<celldesigner:class>PROTEIN</celldesigner:class>
<celldesigner:proteinReference>pr1</celldesigner:proteinReference>
</celldesigner:speciesIdentity>
<celldesigner:listOfCatalyzedReactions>
<celldesigner:catalyzed reaction="re1"/>
</celldesigner:listOfCatalyzedReactions>
</celldesigner:extension>
	<rdf:RDF xmlns:rdf="http://www.w3.org/1999/02/22-rdf-syntax-ns#" xmlns:bqmodel="http://biomodels.net/model-qualifiers/" xmlns:bqbiol="http://biomodels.net/biology-qualifiers/">
            <rdf:Description rdf:about="#s1">
	<bqbiol:is>
	<rdf:Bag>
	<rdf:li rdf:resource="http://identifiers.org/uniprot/P17858"/>
	</rdf:Bag>
	</bqbiol:is>
	</rdf:Description>
	
	</rdf:RDF>
	</annotation>
            </species>
      <species charge="0" compartment="default" hasOnlySubstanceUnits="true" id="s2" initialAmount="1" metaid="s2" name="FBPase">
        <annotation>
<celldesigner:extension>
<celldesigner:positionToCompartment>inside</celldesigner:positionToCompartment>
<celldesigner:speciesIdentity>
<celldesigner:class>PROTEIN</celldesigner:class>
<celldesigner:proteinReference>pr2</celldesigner:proteinReference>
</celldesigner:speciesIdentity>
<celldesigner:listOfCatalyzedReactions>
<celldesigner:catalyzed reaction="re2"/>
</celldesigner:listOfCatalyzedReactions>
</celldesigner:extension>
	<rdf:RDF xmlns:rdf="http://www.w3.org/1999/02/22-rdf-syntax-ns#" xmlns:bqmodel="http://biomodels.net/model-qualifiers/" xmlns:bqbiol="http://biomodels.net/biology-qualifiers/">
            <rdf:Description rdf:about="#s2">
	<bqbiol:is>
	<rdf:Bag>
	<rdf:li rdf:resource="http://identifiers.org/uniprot/P09467"/>
	</rdf:Bag>
	</bqbiol:is>
	</rdf:Description>
	
	</rdf:RDF>
	</annotation>
            </species>
      <species charge="0" compartment="default" hasOnlySubstanceUnits="true" id="s3" initialAmount="14.0774258421" metaid="s3" name="F6P">
        <annotation>
<celldesigner:extension>
<celldesigner:positionToCompartment>inside</celldesigner:positionToCompartment>
<celldesigner:speciesIdentity>
<celldesigner:class>SIMPLE_MOLECULE</celldesigner:class>
<celldesigner:name>F6P</celldesigner:name>
</celldesigner:speciesIdentity>
</celldesigner:extension>
	<rdf:RDF xmlns:rdf="http://www.w3.org/1999/02/22-rdf-syntax-ns#" xmlns:bqmodel="http://biomodels.net/model-qualifiers/" xmlns:bqbiol="http://biomodels.net/biology-qualifiers/">
            <rdf:Description rdf:about="#s3">
	<bqbiol:is>
	<rdf:Bag>
	<rdf:li rdf:resource="http://identifiers.org/chebi/CHEBI:15946"/>
	</rdf:Bag>
	</bqbiol:is>
	</rdf:Description>
	
	</rdf:RDF>
	</annotation>
            </species>
      <species charge="0" compartment="default" hasOnlySubstanceUnits="true" id="s4" initialAmount="104.07239819" metaid="s4" name="F1,6BP">
        <annotation>
<celldesigner:extension>
<celldesigner:positionToCompartment>inside</celldesigner:positionToCompartment>
<celldesigner:speciesIdentity>
<celldesigner:class>SIMPLE_MOLECULE</celldesigner:class>
<celldesigner:name>F1,6BP</celldesigner:name>
</celldesigner:speciesIdentity>
</celldesigner:extension>
	<rdf:RDF xmlns:rdf="http://www.w3.org/1999/02/22-rdf-syntax-ns#" xmlns:bqmodel="http://biomodels.net/model-qualifiers/" xmlns:bqbiol="http://biomodels.net/biology-qualifiers/">
            <rdf:Description rdf:about="#s4">
	<bqbiol:is>
	<rdf:Bag>
	<rdf:li rdf:resource="http://identifiers.org/chebi/CHEBI:16905"/>
	</rdf:Bag>
	</bqbiol:is>
	</rdf:Description>
	
	</rdf:RDF>
	</annotation>
            </species>
      <species charge="0" compartment="default" hasOnlySubstanceUnits="true" id="s5" initialAmount="108.094519859" metaid="s5" name="PEP">
        <annotation>
<celldesigner:extension>
<celldesigner:positionToCompartment>inside</celldesigner:positionToCompartment>
<celldesigner:speciesIdentity>
<celldesigner:class>SIMPLE_MOLECULE</celldesigner:class>
<celldesigner:name>PEP</celldesigner:name>
</celldesigner:speciesIdentity>
<celldesigner:listOfCatalyzedReactions>
<celldesigner:catalyzed reaction="re1"/>
</celldesigner:listOfCatalyzedReactions>
</celldesigner:extension>
	<rdf:RDF xmlns:rdf="http://www.w3.org/1999/02/22-rdf-syntax-ns#" xmlns:bqmodel="http://biomodels.net/model-qualifiers/" xmlns:bqbiol="http://biomodels.net/biology-qualifiers/">
            <rdf:Description rdf:about="#s5">
	<bqbiol:is>
	<rdf:Bag>
	<rdf:li rdf:resource="http://identifiers.org/chebi/CHEBI:18021"/>
	</rdf:Bag>
	</bqbiol:is>
	</rdf:Description>
	
	</rdf:RDF>
	</annotation>
            </species>
      <species charge="0" compartment="default" hasOnlySubstanceUnits="true" id="s6" initialAmount="1.79487179487" metaid="s6" name="Isocitrate">
        <annotation>
<celldesigner:extension>
<celldesigner:positionToCompartment>inside</celldesigner:positionToCompartment>
<celldesigner:speciesIdentity>
<celldesigner:class>SIMPLE_MOLECULE</celldesigner:class>
<celldesigner:name>Isocitrate</celldesigner:name>
</celldesigner:speciesIdentity>
<celldesigner:listOfCatalyzedReactions>
<celldesigner:catalyzed reaction="re1"/>
</celldesigner:listOfCatalyzedReactions>
</celldesigner:extension>
	<rdf:RDF xmlns:rdf="http://www.w3.org/1999/02/22-rdf-syntax-ns#" xmlns:bqmodel="http://biomodels.net/model-qualifiers/" xmlns:bqbiol="http://biomodels.net/biology-qualifiers/">
            <rdf:Description rdf:about="#s6">
	<bqbiol:is>
	<rdf:Bag>
	<rdf:li rdf:resource="http://identifiers.org/chebi/CHEBI:30887"/>
	</rdf:Bag>
	</bqbiol:is>
	</rdf:Description>
	
	</rdf:RDF>
	</annotation>
            </species>
      <species charge="0" compartment="default" hasOnlySubstanceUnits="true" id="s7" initialAmount="25.1885369533" metaid="s7" name="2-oxoglutarate">
        <annotation>
<celldesigner:extension>
<celldesigner:positionToCompartment>inside</celldesigner:positionToCompartment>
<celldesigner:speciesIdentity>
<celldesigner:class>SIMPLE_MOLECULE</celldesigner:class>
<celldesigner:name>2-oxoglutarate</celldesigner:name>
</celldesigner:speciesIdentity>
<celldesigner:listOfCatalyzedReactions>
<celldesigner:catalyzed reaction="re1"/>
</celldesigner:listOfCatalyzedReactions>
</celldesigner:extension>
	<rdf:RDF xmlns:rdf="http://www.w3.org/1999/02/22-rdf-syntax-ns#" xmlns:bqmodel="http://biomodels.net/model-qualifiers/" xmlns:bqbiol="http://biomodels.net/biology-qualifiers/">
            <rdf:Description rdf:about="#s7">
	<bqbiol:is>
	<rdf:Bag>
	<rdf:li rdf:resource="http://identifiers.org/chebi/CHEBI:30915"/>
	</rdf:Bag>
	</bqbiol:is>
	</rdf:Description>
	
	</rdf:RDF>
	</annotation>
            </species>
      <species charge="0" compartment="default" hasOnlySubstanceUnits="true" id="s8" initialAmount="68.8788335846" metaid="s8" name="Malate">
        <annotation>
<celldesigner:extension>
<celldesigner:positionToCompartment>inside</celldesigner:positionToCompartment>
<celldesigner:speciesIdentity>
<celldesigner:class>SIMPLE_MOLECULE</celldesigner:class>
<celldesigner:name>Malate</celldesigner:name>
</celldesigner:speciesIdentity>
<celldesigner:listOfCatalyzedReactions>
<celldesigner:catalyzed reaction="re1"/>
</celldesigner:listOfCatalyzedReactions>
</celldesigner:extension>
	<rdf:RDF xmlns:rdf="http://www.w3.org/1999/02/22-rdf-syntax-ns#" xmlns:bqmodel="http://biomodels.net/model-qualifiers/" xmlns:bqbiol="http://biomodels.net/biology-qualifiers/">
            <rdf:Description rdf:about="#s8">
	<bqbiol:is>
	<rdf:Bag>
	<rdf:li rdf:resource="http://identifiers.org/chebi/CHEBI:6650"/>
	</rdf:Bag>
	</bqbiol:is>
	</rdf:Description>
	
	</rdf:RDF>
	</annotation>
            </species>
      <species charge="0" compartment="default" hasOnlySubstanceUnits="true" id="s9" initialAmount="1" metaid="s9" name="F2,6BP">
        <annotation>
<celldesigner:extension>
<celldesigner:positionToCompartment>inside</celldesigner:positionToCompartment>
<celldesigner:speciesIdentity>
<celldesigner:class>SIMPLE_MOLECULE</celldesigner:class>
<celldesigner:name>F2,6BP</celldesigner:name>
</celldesigner:speciesIdentity>
<celldesigner:listOfCatalyzedReactions>
<celldesigner:catalyzed reaction="re1"/>
<celldesigner:catalyzed reaction="re2"/>
</celldesigner:listOfCatalyzedReactions>
</celldesigner:extension>
	<rdf:RDF xmlns:rdf="http://www.w3.org/1999/02/22-rdf-syntax-ns#" xmlns:bqmodel="http://biomodels.net/model-qualifiers/" xmlns:bqbiol="http://biomodels.net/biology-qualifiers/">
            <rdf:Description rdf:about="#s9">
	<bqbiol:is>
	<rdf:Bag>
	<rdf:li rdf:resource="http://identifiers.org/chebi/CHEBI:28602"/>
	</rdf:Bag>
	</bqbiol:is>
	</rdf:Description>
	
	</rdf:RDF>
	</annotation>
            </species>
      <species charge="0" compartment="default" hasOnlySubstanceUnits="true" id="s10" initialAmount="17.7476118652" metaid="s10" name="Citrate">
        <annotation>
<celldesigner:extension>
<celldesigner:positionToCompartment>inside</celldesigner:positionToCompartment>
<celldesigner:speciesIdentity>
<celldesigner:class>SIMPLE_MOLECULE</celldesigner:class>
<celldesigner:name>Citrate</celldesigner:name>
</celldesigner:speciesIdentity>
<celldesigner:listOfCatalyzedReactions>
<celldesigner:catalyzed reaction="re1"/>
<celldesigner:catalyzed reaction="re2"/>
</celldesigner:listOfCatalyzedReactions>
</celldesigner:extension>
	<rdf:RDF xmlns:rdf="http://www.w3.org/1999/02/22-rdf-syntax-ns#" xmlns:bqmodel="http://biomodels.net/model-qualifiers/" xmlns:bqbiol="http://biomodels.net/biology-qualifiers/">
            <rdf:Description rdf:about="#s10">
	<bqbiol:is>
	<rdf:Bag>
	<rdf:li rdf:resource="http://identifiers.org/chebi/CHEBI:30769"/>
	</rdf:Bag>
	</bqbiol:is>
	</rdf:Description>
	
	</rdf:RDF>
	</annotation>
            </species>
      <species compartment="default" id="s11" initialAmount="0" metaid="s11" name="sa4_degraded" sboTerm="SBO:0000291">
        <annotation>
<celldesigner:extension>
<celldesigner:positionToCompartment>inside</celldesigner:positionToCompartment>
<celldesigner:speciesIdentity>
<celldesigner:class>DEGRADED</celldesigner:class>
<celldesigner:name>sa4_degraded</celldesigner:name>
</celldesigner:speciesIdentity>
</celldesigner:extension>
</annotation>
            </species>
      <species charge="0" compartment="default" hasOnlySubstanceUnits="true" id="s12" initialAmount="1" metaid="s12" name="ALDO">
        <annotation>
<celldesigner:extension>
<celldesigner:positionToCompartment>inside</celldesigner:positionToCompartment>
<celldesigner:speciesIdentity>
<celldesigner:class>PROTEIN</celldesigner:class>
<celldesigner:proteinReference>pr3</celldesigner:proteinReference>
</celldesigner:speciesIdentity>
<celldesigner:listOfCatalyzedReactions>
<celldesigner:catalyzed reaction="re3"/>
</celldesigner:listOfCatalyzedReactions>
</celldesigner:extension>
	<rdf:RDF xmlns:rdf="http://www.w3.org/1999/02/22-rdf-syntax-ns#" xmlns:bqmodel="http://biomodels.net/model-qualifiers/" xmlns:bqbiol="http://biomodels.net/biology-qualifiers/">
            <rdf:Description rdf:about="#s12">
	<bqbiol:is>
	<rdf:Bag>
	<rdf:li rdf:resource="http://identifiers.org/uniprot/P04075"/>
	</rdf:Bag>
	</bqbiol:is>
	</rdf:Description>
	
	</rdf:RDF>
	</annotation>
            </species>
      <species charge="0" compartment="default" hasOnlySubstanceUnits="true" id="s13" initialAmount="0.768939345" metaid="s13" name="pPFKL">
        <annotation>
<celldesigner:extension>
<celldesigner:positionToCompartment>inside</celldesigner:positionToCompartment>
<celldesigner:speciesIdentity>
<celldesigner:class>PROTEIN</celldesigner:class>
<celldesigner:proteinReference>pr4</celldesigner:proteinReference>
</celldesigner:speciesIdentity>
<celldesigner:listOfCatalyzedReactions>
<celldesigner:catalyzed reaction="re1"/>
</celldesigner:listOfCatalyzedReactions>
</celldesigner:extension>
	<rdf:RDF xmlns:rdf="http://www.w3.org/1999/02/22-rdf-syntax-ns#" xmlns:bqmodel="http://biomodels.net/model-qualifiers/" xmlns:bqbiol="http://biomodels.net/biology-qualifiers/">
            <rdf:Description rdf:about="#s13">
              <bqbiol:isVersionOf>
	<rdf:Bag>
	<rdf:li rdf:resource="http://identifiers.org/uniprot/P17858"/>
	</rdf:Bag>
	</bqbiol:isVersionOf>
	
	<bqbiol:hasProperty>
	<rdf:Bag>
	<rdf:li rdf:resource="http://identifiers.org/pato/PATO:0002220"/>
	</rdf:Bag>
	</bqbiol:hasProperty>
	</rdf:Description>
	
	</rdf:RDF>
	</annotation>
            </species>
      <species compartment="default" id="s14" initialAmount="0" metaid="s14" name="sa8_degraded" sboTerm="SBO:0000291">
        <annotation>
<celldesigner:extension>
<celldesigner:positionToCompartment>inside</celldesigner:positionToCompartment>
<celldesigner:speciesIdentity>
<celldesigner:class>DEGRADED</celldesigner:class>
<celldesigner:name>sa8_degraded</celldesigner:name>
</celldesigner:speciesIdentity>
</celldesigner:extension>
</annotation>
            </species>
      <species compartment="default" id="s15" initialAmount="0" metaid="s15" name="sa7_degraded" sboTerm="SBO:0000291">
        <annotation>
<celldesigner:extension>
<celldesigner:positionToCompartment>inside</celldesigner:positionToCompartment>
<celldesigner:speciesIdentity>
<celldesigner:class>DEGRADED</celldesigner:class>
<celldesigner:name>sa7_degraded</celldesigner:name>
</celldesigner:speciesIdentity>
</celldesigner:extension>
</annotation>
            </species>
      <species compartment="default" id="s16" initialAmount="0" metaid="s16" name="sa5_degraded" sboTerm="SBO:0000291">
        <annotation>
<celldesigner:extension>
<celldesigner:positionToCompartment>inside</celldesigner:positionToCompartment>
<celldesigner:speciesIdentity>
<celldesigner:class>DEGRADED</celldesigner:class>
<celldesigner:name>sa5_degraded</celldesigner:name>
</celldesigner:speciesIdentity>
</celldesigner:extension>
</annotation>
            </species>
      <species compartment="default" id="s17" initialAmount="0" metaid="s17" name="sa6_degraded" sboTerm="SBO:0000291">
        <annotation>
<celldesigner:extension>
<celldesigner:positionToCompartment>inside</celldesigner:positionToCompartment>
<celldesigner:speciesIdentity>
<celldesigner:class>DEGRADED</celldesigner:class>
<celldesigner:name>sa6_degraded</celldesigner:name>
</celldesigner:speciesIdentity>
</celldesigner:extension>
</annotation>
            </species>
      <species compartment="default" id="s18" initialAmount="0" metaid="s18" name="sa9_degraded" sboTerm="SBO:0000291">
        <annotation>
<celldesigner:extension>
<celldesigner:positionToCompartment>inside</celldesigner:positionToCompartment>
<celldesigner:speciesIdentity>
<celldesigner:class>DEGRADED</celldesigner:class>
<celldesigner:name>sa9_degraded</celldesigner:name>
</celldesigner:speciesIdentity>
</celldesigner:extension>
</annotation>
            </species>
      <species compartment="default" id="s20" initialAmount="0" metaid="s20" name="sa13_degraded" sboTerm="SBO:0000291">
        <annotation>
<celldesigner:extension>
<celldesigner:positionToCompartment>inside</celldesigner:positionToCompartment>
<celldesigner:speciesIdentity>
<celldesigner:class>DEGRADED</celldesigner:class>
<celldesigner:name>sa13_degraded</celldesigner:name>
</celldesigner:speciesIdentity>
</celldesigner:extension>
</annotation>
            </species>
      <species compartment="default" id="s21" initialAmount="0" metaid="s21" name="sa3_degraded" sboTerm="SBO:0000291">
        <annotation>
<celldesigner:extension>
<celldesigner:positionToCompartment>inside</celldesigner:positionToCompartment>
<celldesigner:speciesIdentity>
<celldesigner:class>DEGRADED</celldesigner:class>
<celldesigner:name>sa3_degraded</celldesigner:name>
</celldesigner:speciesIdentity>
</celldesigner:extension>
</annotation>
            </species>
      <species compartment="default" id="s19" initialAmount="0" metaid="s19" name="sa10_degraded" sboTerm="SBO:0000291">
        <annotation>
<celldesigner:extension>
<celldesigner:positionToCompartment>inside</celldesigner:positionToCompartment>
<celldesigner:speciesIdentity>
<celldesigner:class>DEGRADED</celldesigner:class>
<celldesigner:name>sa10_degraded</celldesigner:name>
</celldesigner:speciesIdentity>
</celldesigner:extension>
</annotation>
            </species>
      <species boundaryCondition="true" charge="0" compartment="default" hasOnlySubstanceUnits="true" id="s22" initialAmount="14.0774258421" metaid="s22" name="F6P_proxy" substanceUnits="substance">
        <annotation>
<celldesigner:extension>
<celldesigner:positionToCompartment>inside</celldesigner:positionToCompartment>
<celldesigner:speciesIdentity>
<celldesigner:class>SIMPLE_MOLECULE</celldesigner:class>
<celldesigner:name>F6P_proxy</celldesigner:name>
</celldesigner:speciesIdentity>
</celldesigner:extension>
	<rdf:RDF xmlns:rdf="http://www.w3.org/1999/02/22-rdf-syntax-ns#" xmlns:bqmodel="http://biomodels.net/model-qualifiers/" xmlns:bqbiol="http://biomodels.net/biology-qualifiers/">
            <rdf:Description rdf:about="#s22">
	<bqbiol:isVersionOf>
	<rdf:Bag>
	<rdf:li rdf:resource="http://identifiers.org/chebi/CHEBI:57579"/>
	</rdf:Bag>
	</bqbiol:isVersionOf>
	</rdf:Description>
	
	</rdf:RDF>
	</annotation>
            </species>
    </listOfSpecies>
    <listOfParameters>
      <parameter id="K_FBPase_cit" metaid="K_FBPase_cit" name="K_FBPase_cit" units="dimensionless" value="0.0211646"/>
      <parameter id="K_FBPase_f16bp" metaid="K_FBPase_f16bp" name="K_FBPase_f16bp" units="dimensionless" value="0.104089638"/>
      <parameter id="K_FBPase_f26bp" metaid="K_FBPase_f26bp" name="K_FBPase_f26bp" units="dimensionless" value="17.51744342"/>
      <parameter id="K_PFKL_PHOS_S775" metaid="K_PFKL_PHOS_S775" name="K_PFKL_PHOS_S775" units="dimensionless" value="6.283705757"/>
      <parameter id="K_PFKL_akg" metaid="K_PFKL_akg" name="K_PFKL_akg" units="dimensionless" value="2.466101154E4"/>
      <parameter id="K_PFKL_cit" metaid="K_PFKL_cit" name="K_PFKL_cit" units="dimensionless" value="41.30426029"/>
      <parameter id="K_PFKL_f26bp" metaid="K_PFKL_f26bp" name="K_PFKL_f26bp" units="dimensionless" value="1.282443082"/>
      <parameter id="K_PFKL_f6p" metaid="K_PFKL_f6p" name="K_PFKL_f6p" units="dimensionless" value="0.014114844"/>
      <parameter id="K_PFKL_icit" metaid="K_PFKL_icit" name="K_PFKL_icit" units="dimensionless" value="1784.508205"/>
      <parameter id="K_PFKL_mal" metaid="K_PFKL_mal" name="K_PFKL_mal" units="dimensionless" value="9.544729149"/>
      <parameter id="K_PFKL_pep" metaid="K_PFKL_pep" name="K_PFKL_pep" units="dimensionless" value="0.633518366"/>
      <parameter id="Vf_FBPase" metaid="Vf_FBPase" name="Vf_FBPase" units="dimensionless" value="9.932861302"/>
      <parameter id="Vf_PFKL" metaid="Vf_PFKL" name="Vf_PFKL" units="dimensionless" value="6.950637194E5"/>
      <parameter id="k_ALDO" metaid="k_ALDO" name="k_ALDO" units="dimensionless" value="0.008187906"/>
      <parameter constant="false" id="k_mal" metaid="k_mal" name="k_mal" units="substance" value="1.005530417"/>
      <parameter constant="false" id="k_akg" metaid="k_akg" name="k_akg" units="substance" value="-3.544494721"/>
      <parameter constant="false" id="k_pep" metaid="k_pep" name="k_pep" units="substance" value="43.99195576"/>
      <parameter constant="false" id="k_icit" metaid="k_icit" name="k_icit" units="substance" value="-0.038210156"/>
      <parameter constant="false" id="k_f26bp" metaid="k_f26bp" name="k_f26bp" units="substance" value="-0.083430336"/>
      <parameter constant="false" id="k_cit" metaid="k_cit" name="k_cit" units="substance" value="-0.351935646"/>
      <parameter constant="false" id="k_pfkl_s775" metaid="k_pfkl_s775" name="k_pfkl_s775" units="substance" value="-0.011384308"/>
      <parameter constant="false" id="k_f6p" metaid="k_f6p" name="k_f6p" units="dimensionless" value="-0.930115636"/>
    </listOfParameters>
    <listOfRules>
      <assignmentRule metaid="CDMT00042" variable="s22">
        <math xmlns="http://www.w3.org/1998/Math/MathML">        
          <ci> s3 </ci>
        </math>
            </assignmentRule>
    </listOfRules>
    <listOfReactions>
      <reaction fast="false" id="re1" metaid="re1" reversible="false">
        <annotation>
<celldesigner:extension>
<celldesigner:reactionType>STATE_TRANSITION</celldesigner:reactionType>
<celldesigner:baseReactants>
<celldesigner:baseReactant species="s22" alias="sa22">
<celldesigner:linkAnchor position="SSE"/>
</celldesigner:baseReactant>
</celldesigner:baseReactants>
<celldesigner:baseProducts>
<celldesigner:baseProduct species="s4" alias="sa4">
<celldesigner:linkAnchor position="NNE"/>
</celldesigner:baseProduct>
</celldesigner:baseProducts>
<celldesigner:connectScheme connectPolicy="direct" rectangleIndex="0">
<celldesigner:listOfLineDirection>
<celldesigner:lineDirection index="0" value="unknown"/>
</celldesigner:listOfLineDirection>
</celldesigner:connectScheme>
<celldesigner:line width="1.0" color="ff000000"/>
<celldesigner:listOfModification>
<celldesigner:modification type="CATALYSIS" modifiers="s1" aliases="sa1" targetLineIndex="-1,2">
<celldesigner:connectScheme connectPolicy="direct">
<celldesigner:listOfLineDirection>
<celldesigner:lineDirection index="0" value="unknown"/>
</celldesigner:listOfLineDirection>
</celldesigner:connectScheme>
<celldesigner:linkTarget species="s1" alias="sa1">
<celldesigner:linkAnchor position="W"/>
</celldesigner:linkTarget>
<celldesigner:line width="1.0" color="ff000000"/>
</celldesigner:modification>
<celldesigner:modification type="INHIBITION" modifiers="s5" aliases="sa5" targetLineIndex="-1,2">
<celldesigner:connectScheme connectPolicy="direct">
<celldesigner:listOfLineDirection>
<celldesigner:lineDirection index="0" value="unknown"/>
</celldesigner:listOfLineDirection>
</celldesigner:connectScheme>
<celldesigner:linkTarget species="s5" alias="sa5">
<celldesigner:linkAnchor position="SW"/>
</celldesigner:linkTarget>
<celldesigner:line width="1.0" color="ff000000"/>
</celldesigner:modification>
<celldesigner:modification type="INHIBITION" modifiers="s6" aliases="sa6" targetLineIndex="-1,2">
<celldesigner:connectScheme connectPolicy="direct">
<celldesigner:listOfLineDirection>
<celldesigner:lineDirection index="0" value="unknown"/>
</celldesigner:listOfLineDirection>
</celldesigner:connectScheme>
<celldesigner:linkTarget species="s6" alias="sa6">
<celldesigner:linkAnchor position="WSW"/>
</celldesigner:linkTarget>
<celldesigner:line width="1.0" color="ff000000"/>
</celldesigner:modification>
<celldesigner:modification type="INHIBITION" modifiers="s7" aliases="sa7" targetLineIndex="-1,5">
<celldesigner:connectScheme connectPolicy="direct">
<celldesigner:listOfLineDirection>
<celldesigner:lineDirection index="0" value="unknown"/>
</celldesigner:listOfLineDirection>
</celldesigner:connectScheme>
<celldesigner:linkTarget species="s7" alias="sa7">
<celldesigner:linkAnchor position="SW"/>
</celldesigner:linkTarget>
<celldesigner:line width="1.0" color="ff000000"/>
</celldesigner:modification>
<celldesigner:modification type="INHIBITION" modifiers="s8" aliases="sa8" targetLineIndex="-1,2">
<celldesigner:connectScheme connectPolicy="direct">
<celldesigner:listOfLineDirection>
<celldesigner:lineDirection index="0" value="unknown"/>
</celldesigner:listOfLineDirection>
</celldesigner:connectScheme>
<celldesigner:linkTarget species="s8" alias="sa8">
<celldesigner:linkAnchor position="SW"/>
</celldesigner:linkTarget>
<celldesigner:line width="1.0" color="ff000000"/>
</celldesigner:modification>
<celldesigner:modification type="PHYSICAL_STIMULATION" modifiers="s9" aliases="sa9" targetLineIndex="-1,5">
<celldesigner:connectScheme connectPolicy="direct">
<celldesigner:listOfLineDirection>
<celldesigner:lineDirection index="0" value="unknown"/>
</celldesigner:listOfLineDirection>
</celldesigner:connectScheme>
<celldesigner:linkTarget species="s9" alias="sa9">
<celldesigner:linkAnchor position="NNW"/>
</celldesigner:linkTarget>
<celldesigner:line width="1.0" color="ff000000"/>
</celldesigner:modification>
<celldesigner:modification type="INHIBITION" modifiers="s10" aliases="sa10" targetLineIndex="-1,7">
<celldesigner:connectScheme connectPolicy="direct">
<celldesigner:listOfLineDirection>
<celldesigner:lineDirection index="0" value="unknown"/>
</celldesigner:listOfLineDirection>
</celldesigner:connectScheme>
<celldesigner:linkTarget species="s10" alias="sa10">
<celldesigner:linkAnchor position="ENE"/>
</celldesigner:linkTarget>
<celldesigner:line width="1.0" color="ff000000"/>
</celldesigner:modification>
<celldesigner:modification type="CATALYSIS" modifiers="s13" aliases="sa13" targetLineIndex="-1,2">
<celldesigner:connectScheme connectPolicy="direct">
<celldesigner:listOfLineDirection>
<celldesigner:lineDirection index="0" value="unknown"/>
</celldesigner:listOfLineDirection>
</celldesigner:connectScheme>
<celldesigner:linkTarget species="s13" alias="sa13">
<celldesigner:linkAnchor position="W"/>
</celldesigner:linkTarget>
<celldesigner:line width="1.0" color="ff000000"/>
</celldesigner:modification>
</celldesigner:listOfModification>
</celldesigner:extension>
</annotation>
              <listOfReactants>
          <speciesReference metaid="CDMT00001" species="s22">
            <annotation>
<celldesigner:extension>
<celldesigner:alias>sa22</celldesigner:alias>
</celldesigner:extension>
</annotation>
                    </speciesReference>
        </listOfReactants>
        <listOfProducts>
          <speciesReference metaid="CDMT00002" species="s4">
            <annotation>
<celldesigner:extension>
<celldesigner:alias>sa4</celldesigner:alias>
</celldesigner:extension>
</annotation>
                    </speciesReference>
        </listOfProducts>
        <listOfModifiers>
          <modifierSpeciesReference metaid="CDMT00003" species="s1">
            <annotation>
<celldesigner:extension>
<celldesigner:alias>sa1</celldesigner:alias>
</celldesigner:extension>
</annotation>
                    </modifierSpeciesReference>
          <modifierSpeciesReference metaid="CDMT00004" species="s5">
            <annotation>
<celldesigner:extension>
<celldesigner:alias>sa5</celldesigner:alias>
</celldesigner:extension>
</annotation>
                    </modifierSpeciesReference>
          <modifierSpeciesReference metaid="CDMT00005" species="s6">
            <annotation>
<celldesigner:extension>
<celldesigner:alias>sa6</celldesigner:alias>
</celldesigner:extension>
</annotation>
                    </modifierSpeciesReference>
          <modifierSpeciesReference metaid="CDMT00006" species="s7">
            <annotation>
<celldesigner:extension>
<celldesigner:alias>sa7</celldesigner:alias>
</celldesigner:extension>
</annotation>
                    </modifierSpeciesReference>
          <modifierSpeciesReference metaid="CDMT00007" species="s8">
            <annotation>
<celldesigner:extension>
<celldesigner:alias>sa8</celldesigner:alias>
</celldesigner:extension>
</annotation>
                    </modifierSpeciesReference>
          <modifierSpeciesReference metaid="CDMT00008" species="s9">
            <annotation>
<celldesigner:extension>
<celldesigner:alias>sa9</celldesigner:alias>
</celldesigner:extension>
</annotation>
                    </modifierSpeciesReference>
          <modifierSpeciesReference metaid="CDMT00009" species="s10">
            <annotation>
<celldesigner:extension>
<celldesigner:alias>sa10</celldesigner:alias>
</celldesigner:extension>
</annotation>
                    </modifierSpeciesReference>
          <modifierSpeciesReference metaid="CDMT00023" species="s13">
            <annotation>
<celldesigner:extension>
<celldesigner:alias>sa13</celldesigner:alias>
</celldesigner:extension>
</annotation>
                    </modifierSpeciesReference>
          <modifierSpeciesReference metaid="_3e0b6d51-fc2a-476e-874e-4ed4a3c3bb1d" species="s9"/>
          <modifierSpeciesReference metaid="_166adf3e-d971-4251-bcf1-5badee652425" species="s7"/>
          <modifierSpeciesReference metaid="_6fd8c61b-44b3-45be-a261-546dc9d872f7" species="s5"/>
          <modifierSpeciesReference metaid="_2badea3f-b4cc-4204-bffc-3564c4ed5901" species="s10"/>
          <modifierSpeciesReference metaid="_2ca67338-9642-471c-b0b6-1190deacb89e" species="s6"/>
          <modifierSpeciesReference metaid="abf42de5-0a0e-47c4-af7f-1e13880f9416" species="s8"/>
          <modifierSpeciesReference metaid="_4eaf1530-3de1-4ab0-8357-d8ad7a5134e8" species="s13"/>
          <modifierSpeciesReference metaid="_35bd66ba-d82a-4bc4-a25a-8b2f2d876a1c" species="s22"/>
        </listOfModifiers>
        <kineticLaw metaid="CDMT00024">
          <annotation/>
          <math xmlns="http://www.w3.org/1998/Math/MathML">          
            <apply>
              <times/>
              <apply>
                <divide/>
                <ci> s9 </ci>
                <apply>
                  <plus/>
                  <ci> K_PFKL_f26bp </ci>
                  <ci> s9 </ci>
                </apply>
              </apply>
              <apply>
                <divide/>
                <ci> K_PFKL_akg </ci>
                <apply>
                  <plus/>
                  <ci> K_PFKL_akg </ci>
                  <ci> s7 </ci>
                </apply>
              </apply>
              <apply>
                <divide/>
                <ci> K_PFKL_pep </ci>
                <apply>
                  <plus/>
                  <ci> K_PFKL_pep </ci>
                  <ci> s5 </ci>
                </apply>
              </apply>
              <apply>
                <divide/>
                <ci> K_PFKL_cit </ci>
                <apply>
                  <plus/>
                  <ci> K_PFKL_cit </ci>
                  <ci> s10 </ci>
                </apply>
              </apply>
              <apply>
                <divide/>
                <ci> K_PFKL_icit </ci>
                <apply>
                  <plus/>
                  <ci> K_PFKL_icit </ci>
                  <ci> s6 </ci>
                </apply>
              </apply>
              <apply>
                <divide/>
                <ci> K_PFKL_mal </ci>
                <apply>
                  <plus/>
                  <ci> K_PFKL_mal </ci>
                  <ci> s8 </ci>
                </apply>
              </apply>
              <apply>
                <divide/>
                <ci> s13 </ci>
                <apply>
                  <plus/>
                  <ci> K_PFKL_PHOS_S775 </ci>
                  <ci> s13 </ci>
                </apply>
              </apply>
              <apply>
                <divide/>
                <apply>
                  <times/>
                  <ci> Vf_PFKL </ci>
                  <ci> s22 </ci>
                </apply>
                <apply>
                  <plus/>
                  <ci> K_PFKL_f6p </ci>
                  <ci> s22 </ci>
                </apply>
              </apply>
            </apply>
          </math>
                </kineticLaw>
      </reaction>
      <reaction fast="false" id="re2" metaid="re2" reversible="false">
        <annotation>
<celldesigner:extension>
<celldesigner:reactionType>STATE_TRANSITION</celldesigner:reactionType>
<celldesigner:baseReactants>
<celldesigner:baseReactant species="s4" alias="sa4">
<celldesigner:linkAnchor position="NNW"/>
</celldesigner:baseReactant>
</celldesigner:baseReactants>
<celldesigner:baseProducts>
<celldesigner:baseProduct species="s22" alias="sa22">
<celldesigner:linkAnchor position="SSW"/>
</celldesigner:baseProduct>
</celldesigner:baseProducts>
<celldesigner:connectScheme connectPolicy="direct" rectangleIndex="0">
<celldesigner:listOfLineDirection>
<celldesigner:lineDirection index="0" value="unknown"/>
</celldesigner:listOfLineDirection>
</celldesigner:connectScheme>
<celldesigner:line width="1.0" color="ff000000"/>
<celldesigner:listOfModification>
<celldesigner:modification type="CATALYSIS" modifiers="s2" aliases="sa2" targetLineIndex="-1,2">
<celldesigner:connectScheme connectPolicy="direct">
<celldesigner:listOfLineDirection>
<celldesigner:lineDirection index="0" value="unknown"/>
</celldesigner:listOfLineDirection>
</celldesigner:connectScheme>
<celldesigner:linkTarget species="s2" alias="sa2">
<celldesigner:linkAnchor position="E"/>
</celldesigner:linkTarget>
<celldesigner:line width="1.0" color="ff000000"/>
</celldesigner:modification>
<celldesigner:modification type="INHIBITION" modifiers="s9" aliases="sa9" targetLineIndex="-1,6">
<celldesigner:connectScheme connectPolicy="direct">
<celldesigner:listOfLineDirection>
<celldesigner:lineDirection index="0" value="unknown"/>
</celldesigner:listOfLineDirection>
</celldesigner:connectScheme>
<celldesigner:linkTarget species="s9" alias="sa9">
<celldesigner:linkAnchor position="NW"/>
</celldesigner:linkTarget>
<celldesigner:line width="1.0" color="ff000000"/>
</celldesigner:modification>
<celldesigner:modification type="PHYSICAL_STIMULATION" modifiers="s10" aliases="sa10" targetLineIndex="-1,4">
<celldesigner:connectScheme connectPolicy="direct">
<celldesigner:listOfLineDirection>
<celldesigner:lineDirection index="0" value="unknown"/>
</celldesigner:listOfLineDirection>
</celldesigner:connectScheme>
<celldesigner:line width="1.0" color="ff000000"/>
</celldesigner:modification>
</celldesigner:listOfModification>
</celldesigner:extension>
</annotation>
              <listOfReactants>
          <speciesReference metaid="CDMT00010" species="s4">
            <annotation>
<celldesigner:extension>
<celldesigner:alias>sa4</celldesigner:alias>
</celldesigner:extension>
</annotation>
                    </speciesReference>
        </listOfReactants>
        <listOfProducts>
          <speciesReference metaid="CDMT00011" species="s22">
            <annotation>
<celldesigner:extension>
<celldesigner:alias>sa22</celldesigner:alias>
</celldesigner:extension>
</annotation>
                    </speciesReference>
        </listOfProducts>
        <listOfModifiers>
          <modifierSpeciesReference metaid="CDMT00012" species="s2">
            <annotation>
<celldesigner:extension>
<celldesigner:alias>sa2</celldesigner:alias>
</celldesigner:extension>
</annotation>
                    </modifierSpeciesReference>
          <modifierSpeciesReference metaid="CDMT00013" species="s9">
            <annotation>
<celldesigner:extension>
<celldesigner:alias>sa9</celldesigner:alias>
</celldesigner:extension>
</annotation>
                    </modifierSpeciesReference>
          <modifierSpeciesReference metaid="CDMT00014" species="s10">
            <annotation>
<celldesigner:extension>
<celldesigner:alias>sa10</celldesigner:alias>
</celldesigner:extension>
</annotation>
                    </modifierSpeciesReference>
          <modifierSpeciesReference metaid="_92c3c8af-5360-4f0a-a32a-d070c26bb75d" species="s9"/>
          <modifierSpeciesReference metaid="_7063aea0-5599-4396-adbc-c4458195beb0" species="s10"/>
          <modifierSpeciesReference metaid="_9f734f9f-683a-48e3-89e5-304b141d96fb" species="s4"/>
        </listOfModifiers>
        <kineticLaw metaid="CDMT00025">
          <math xmlns="http://www.w3.org/1998/Math/MathML">          
            <apply>
              <times/>
              <apply>
                <divide/>
                <ci> K_FBPase_f26bp </ci>
                <apply>
                  <plus/>
                  <ci> K_FBPase_f26bp </ci>
                  <ci> s9 </ci>
                </apply>
              </apply>
              <apply>
                <divide/>
                <ci> s10 </ci>
                <apply>
                  <plus/>
                  <ci> K_FBPase_cit </ci>
                  <ci> s10 </ci>
                </apply>
              </apply>
              <apply>
                <divide/>
                <apply>
                  <times/>
                  <ci> Vf_FBPase </ci>
                  <ci> s4 </ci>
                </apply>
                <apply>
                  <plus/>
                  <ci> K_FBPase_f16bp </ci>
                  <ci> s4 </ci>
                </apply>
              </apply>
            </apply>
          </math>
                </kineticLaw>
      </reaction>
      <reaction fast="false" id="re3" metaid="re3" reversible="false">
        <annotation>
<celldesigner:extension>
<celldesigner:reactionType>STATE_TRANSITION</celldesigner:reactionType>
<celldesigner:baseReactants>
<celldesigner:baseReactant species="s4" alias="sa4">
<celldesigner:linkAnchor position="S"/>
</celldesigner:baseReactant>
</celldesigner:baseReactants>
<celldesigner:baseProducts>
<celldesigner:baseProduct species="s11" alias="sa11">
<celldesigner:linkAnchor position="N"/>
</celldesigner:baseProduct>
</celldesigner:baseProducts>
<celldesigner:connectScheme connectPolicy="direct" rectangleIndex="0">
<celldesigner:listOfLineDirection>
<celldesigner:lineDirection index="0" value="unknown"/>
</celldesigner:listOfLineDirection>
</celldesigner:connectScheme>
<celldesigner:line width="1.0" color="ff000000"/>
<celldesigner:listOfModification>
<celldesigner:modification type="CATALYSIS" modifiers="s12" aliases="sa12" targetLineIndex="-1,3">
<celldesigner:connectScheme connectPolicy="direct">
<celldesigner:listOfLineDirection>
<celldesigner:lineDirection index="0" value="unknown"/>
</celldesigner:listOfLineDirection>
</celldesigner:connectScheme>
<celldesigner:linkTarget species="s12" alias="sa12">
<celldesigner:linkAnchor position="E"/>
</celldesigner:linkTarget>
<celldesigner:line width="1.0" color="ff000000"/>
</celldesigner:modification>
</celldesigner:listOfModification>
</celldesigner:extension>
</annotation>
              <listOfReactants>
          <speciesReference metaid="CDMT00015" species="s4">
            <annotation>
<celldesigner:extension>
<celldesigner:alias>sa4</celldesigner:alias>
</celldesigner:extension>
</annotation>
                    </speciesReference>
        </listOfReactants>
        <listOfProducts>
          <speciesReference metaid="CDMT00016" species="s11">
            <annotation>
<celldesigner:extension>
<celldesigner:alias>sa11</celldesigner:alias>
</celldesigner:extension>
</annotation>
                    </speciesReference>
        </listOfProducts>
        <listOfModifiers>
          <modifierSpeciesReference metaid="CDMT00017" species="s12">
            <annotation>
<celldesigner:extension>
<celldesigner:alias>sa12</celldesigner:alias>
</celldesigner:extension>
</annotation>
                    </modifierSpeciesReference>
          <modifierSpeciesReference metaid="_87282a0b-7771-4169-908f-2e446735d347" species="s4"/>
        </listOfModifiers>
        <kineticLaw metaid="CDMT00026">
          <math xmlns="http://www.w3.org/1998/Math/MathML">          
            <apply>
              <times/>
              <ci> k_ALDO </ci>
              <ci> s4 </ci>
            </apply>
          </math>
                </kineticLaw>
      </reaction>
      <reaction fast="false" id="re4" metaid="re4" reversible="false">
        <annotation>
<celldesigner:extension>
<celldesigner:reactionType>STATE_TRANSITION</celldesigner:reactionType>
<celldesigner:baseReactants>
<celldesigner:baseReactant species="s8" alias="sa8">
<celldesigner:linkAnchor position="E"/>
</celldesigner:baseReactant>
</celldesigner:baseReactants>
<celldesigner:baseProducts>
<celldesigner:baseProduct species="s14" alias="sa14">
<celldesigner:linkAnchor position="W"/>
</celldesigner:baseProduct>
</celldesigner:baseProducts>
<celldesigner:connectScheme connectPolicy="direct" rectangleIndex="0">
<celldesigner:listOfLineDirection>
<celldesigner:lineDirection index="0" value="unknown"/>
</celldesigner:listOfLineDirection>
</celldesigner:connectScheme>
<celldesigner:line width="1.0" color="ff000000"/>
</celldesigner:extension>
</annotation>
              <listOfReactants>
          <speciesReference metaid="CDMT00027" species="s8">
            <annotation>
<celldesigner:extension>
<celldesigner:alias>sa8</celldesigner:alias>
</celldesigner:extension>
</annotation>
                    </speciesReference>
        </listOfReactants>
        <listOfProducts>
          <speciesReference metaid="CDMT00028" species="s14">
            <annotation>
<celldesigner:extension>
<celldesigner:alias>sa14</celldesigner:alias>
</celldesigner:extension>
</annotation>
                    </speciesReference>
        </listOfProducts>
        <kineticLaw metaid="CDMT00029">
          <math xmlns="http://www.w3.org/1998/Math/MathML">          
            <apply>
              <minus/>
              <ci> k_mal </ci>
            </apply>
          </math>
                </kineticLaw>
      </reaction>
      <reaction fast="false" id="re5" metaid="re5" reversible="false">
        <annotation>
<celldesigner:extension>
<celldesigner:reactionType>STATE_TRANSITION</celldesigner:reactionType>
<celldesigner:baseReactants>
<celldesigner:baseReactant species="s7" alias="sa7">
<celldesigner:linkAnchor position="E"/>
</celldesigner:baseReactant>
</celldesigner:baseReactants>
<celldesigner:baseProducts>
<celldesigner:baseProduct species="s15" alias="sa15">
<celldesigner:linkAnchor position="W"/>
</celldesigner:baseProduct>
</celldesigner:baseProducts>
<celldesigner:connectScheme connectPolicy="direct" rectangleIndex="0">
<celldesigner:listOfLineDirection>
<celldesigner:lineDirection index="0" value="unknown"/>
</celldesigner:listOfLineDirection>
</celldesigner:connectScheme>
<celldesigner:line width="1.0" color="ff000000"/>
</celldesigner:extension>
</annotation>
              <listOfReactants>
          <speciesReference metaid="CDMT00030" species="s7">
            <annotation>
<celldesigner:extension>
<celldesigner:alias>sa7</celldesigner:alias>
</celldesigner:extension>
</annotation>
                    </speciesReference>
        </listOfReactants>
        <listOfProducts>
          <speciesReference metaid="CDMT00031" species="s15">
            <annotation>
<celldesigner:extension>
<celldesigner:alias>sa15</celldesigner:alias>
</celldesigner:extension>
</annotation>
                    </speciesReference>
        </listOfProducts>
        <kineticLaw metaid="CDMT00032">
          <math xmlns="http://www.w3.org/1998/Math/MathML">          
            <apply>
              <minus/>
              <ci> k_akg </ci>
            </apply>
          </math>
                </kineticLaw>
      </reaction>
      <reaction fast="false" id="re6" metaid="re6" reversible="false">
        <annotation>
<celldesigner:extension>
<celldesigner:reactionType>STATE_TRANSITION</celldesigner:reactionType>
<celldesigner:baseReactants>
<celldesigner:baseReactant species="s5" alias="sa5">
<celldesigner:linkAnchor position="E"/>
</celldesigner:baseReactant>
</celldesigner:baseReactants>
<celldesigner:baseProducts>
<celldesigner:baseProduct species="s16" alias="sa16">
<celldesigner:linkAnchor position="W"/>
</celldesigner:baseProduct>
</celldesigner:baseProducts>
<celldesigner:connectScheme connectPolicy="direct" rectangleIndex="0">
<celldesigner:listOfLineDirection>
<celldesigner:lineDirection index="0" value="unknown"/>
</celldesigner:listOfLineDirection>
</celldesigner:connectScheme>
<celldesigner:line width="1.0" color="ff000000"/>
</celldesigner:extension>
</annotation>
              <listOfReactants>
          <speciesReference metaid="CDMT00033" species="s5">
            <annotation>
<celldesigner:extension>
<celldesigner:alias>sa5</celldesigner:alias>
</celldesigner:extension>
</annotation>
                    </speciesReference>
        </listOfReactants>
        <listOfProducts>
          <speciesReference metaid="CDMT00034" species="s16">
            <annotation>
<celldesigner:extension>
<celldesigner:alias>sa16</celldesigner:alias>
</celldesigner:extension>
</annotation>
                    </speciesReference>
        </listOfProducts>
        <kineticLaw metaid="CDMT00035">
          <math xmlns="http://www.w3.org/1998/Math/MathML">          
            <apply>
              <minus/>
              <ci> k_pep </ci>
            </apply>
          </math>
                </kineticLaw>
      </reaction>
      <reaction fast="false" id="re7" metaid="re7" reversible="false">
        <annotation>
<celldesigner:extension>
<celldesigner:reactionType>STATE_TRANSITION</celldesigner:reactionType>
<celldesigner:baseReactants>
<celldesigner:baseReactant species="s6" alias="sa6">
<celldesigner:linkAnchor position="E"/>
</celldesigner:baseReactant>
</celldesigner:baseReactants>
<celldesigner:baseProducts>
<celldesigner:baseProduct species="s17" alias="sa17">
<celldesigner:linkAnchor position="W"/>
</celldesigner:baseProduct>
</celldesigner:baseProducts>
<celldesigner:connectScheme connectPolicy="direct" rectangleIndex="0">
<celldesigner:listOfLineDirection>
<celldesigner:lineDirection index="0" value="unknown"/>
</celldesigner:listOfLineDirection>
</celldesigner:connectScheme>
<celldesigner:line width="1.0" color="ff000000"/>
</celldesigner:extension>
</annotation>
              <listOfReactants>
          <speciesReference metaid="CDMT00036" species="s6">
            <annotation>
<celldesigner:extension>
<celldesigner:alias>sa6</celldesigner:alias>
</celldesigner:extension>
</annotation>
                    </speciesReference>
        </listOfReactants>
        <listOfProducts>
          <speciesReference metaid="CDMT00037" species="s17">
            <annotation>
<celldesigner:extension>
<celldesigner:alias>sa17</celldesigner:alias>
</celldesigner:extension>
</annotation>
                    </speciesReference>
        </listOfProducts>
        <kineticLaw metaid="CDMT00038">
          <math xmlns="http://www.w3.org/1998/Math/MathML">          
            <apply>
              <minus/>
              <ci> k_icit </ci>
            </apply>
          </math>
                </kineticLaw>
      </reaction>
      <reaction fast="false" id="re8" metaid="re8" reversible="false">
        <annotation>
<celldesigner:extension>
<celldesigner:reactionType>STATE_TRANSITION</celldesigner:reactionType>
<celldesigner:baseReactants>
<celldesigner:baseReactant species="s9" alias="sa9">
<celldesigner:linkAnchor position="SSE"/>
</celldesigner:baseReactant>
</celldesigner:baseReactants>
<celldesigner:baseProducts>
<celldesigner:baseProduct species="s18" alias="sa18">
<celldesigner:linkAnchor position="N"/>
</celldesigner:baseProduct>
</celldesigner:baseProducts>
<celldesigner:connectScheme connectPolicy="direct" rectangleIndex="0">
<celldesigner:listOfLineDirection>
<celldesigner:lineDirection index="0" value="unknown"/>
</celldesigner:listOfLineDirection>
</celldesigner:connectScheme>
<celldesigner:line width="1.0" color="ff000000"/>
</celldesigner:extension>
</annotation>
              <listOfReactants>
          <speciesReference metaid="CDMT00039" species="s9">
            <annotation>
<celldesigner:extension>
<celldesigner:alias>sa9</celldesigner:alias>
</celldesigner:extension>
</annotation>
                    </speciesReference>
        </listOfReactants>
        <listOfProducts>
          <speciesReference metaid="CDMT00040" species="s18">
            <annotation>
<celldesigner:extension>
<celldesigner:alias>sa18</celldesigner:alias>
</celldesigner:extension>
</annotation>
                    </speciesReference>
        </listOfProducts>
        <kineticLaw metaid="CDMT00041">
          <math xmlns="http://www.w3.org/1998/Math/MathML">          
            <apply>
              <minus/>
              <ci> k_f26bp </ci>
            </apply>
          </math>
                </kineticLaw>
      </reaction>
      <reaction fast="false" id="re9" metaid="re9" reversible="false">
        <annotation>
<celldesigner:extension>
<celldesigner:reactionType>STATE_TRANSITION</celldesigner:reactionType>
<celldesigner:baseReactants>
<celldesigner:baseReactant species="s10" alias="sa10">
<celldesigner:linkAnchor position="S"/>
</celldesigner:baseReactant>
</celldesigner:baseReactants>
<celldesigner:baseProducts>
<celldesigner:baseProduct species="s19" alias="sa19">
<celldesigner:linkAnchor position="N"/>
</celldesigner:baseProduct>
</celldesigner:baseProducts>
<celldesigner:connectScheme connectPolicy="direct" rectangleIndex="0">
<celldesigner:listOfLineDirection>
<celldesigner:lineDirection index="0" value="unknown"/>
</celldesigner:listOfLineDirection>
</celldesigner:connectScheme>
<celldesigner:line width="1.0" color="ff000000"/>
</celldesigner:extension>
</annotation>
              <listOfReactants>
          <speciesReference metaid="CDMT00054" species="s10">
            <annotation>
<celldesigner:extension>
<celldesigner:alias>sa10</celldesigner:alias>
</celldesigner:extension>
</annotation>
                    </speciesReference>
        </listOfReactants>
        <listOfProducts>
          <speciesReference metaid="CDMT00055" species="s19">
            <annotation>
<celldesigner:extension>
<celldesigner:alias>sa19</celldesigner:alias>
</celldesigner:extension>
</annotation>
                    </speciesReference>
        </listOfProducts>
        <kineticLaw metaid="CDMT00044">
          <math xmlns="http://www.w3.org/1998/Math/MathML">          
            <apply>
              <minus/>
              <ci> k_cit </ci>
            </apply>
          </math>
                </kineticLaw>
      </reaction>
      <reaction fast="false" id="re10" metaid="re10" reversible="false">
        <annotation>
<celldesigner:extension>
<celldesigner:reactionType>STATE_TRANSITION</celldesigner:reactionType>
<celldesigner:baseReactants>
<celldesigner:baseReactant species="s13" alias="sa13">
<celldesigner:linkAnchor position="E"/>
</celldesigner:baseReactant>
</celldesigner:baseReactants>
<celldesigner:baseProducts>
<celldesigner:baseProduct species="s20" alias="sa20">
<celldesigner:linkAnchor position="W"/>
</celldesigner:baseProduct>
</celldesigner:baseProducts>
<celldesigner:connectScheme connectPolicy="direct" rectangleIndex="0">
<celldesigner:listOfLineDirection>
<celldesigner:lineDirection index="0" value="unknown"/>
</celldesigner:listOfLineDirection>
</celldesigner:connectScheme>
<celldesigner:line width="1.0" color="ff000000"/>
</celldesigner:extension>
</annotation>
              <listOfReactants>
          <speciesReference metaid="CDMT00045" species="s13">
            <annotation>
<celldesigner:extension>
<celldesigner:alias>sa13</celldesigner:alias>
</celldesigner:extension>
</annotation>
                    </speciesReference>
        </listOfReactants>
        <listOfProducts>
          <speciesReference metaid="CDMT00046" species="s20">
            <annotation>
<celldesigner:extension>
<celldesigner:alias>sa20</celldesigner:alias>
</celldesigner:extension>
</annotation>
                    </speciesReference>
        </listOfProducts>
        <kineticLaw metaid="CDMT00047">
          <math xmlns="http://www.w3.org/1998/Math/MathML">          
            <apply>
              <minus/>
              <ci> k_pfkl_s775 </ci>
            </apply>
          </math>
                </kineticLaw>
      </reaction>
      <reaction fast="false" id="re11" metaid="re11" reversible="false">
        <annotation>
<celldesigner:extension>
<celldesigner:reactionType>STATE_TRANSITION</celldesigner:reactionType>
<celldesigner:baseReactants>
<celldesigner:baseReactant species="s3" alias="sa3">
<celldesigner:linkAnchor position="W"/>
</celldesigner:baseReactant>
</celldesigner:baseReactants>
<celldesigner:baseProducts>
<celldesigner:baseProduct species="s21" alias="sa21">
<celldesigner:linkAnchor position="E"/>
</celldesigner:baseProduct>
</celldesigner:baseProducts>
<celldesigner:connectScheme connectPolicy="direct" rectangleIndex="0">
<celldesigner:listOfLineDirection>
<celldesigner:lineDirection index="0" value="unknown"/>
</celldesigner:listOfLineDirection>
</celldesigner:connectScheme>
<celldesigner:line width="1.0" color="ff000000"/>
</celldesigner:extension>
</annotation>
              <listOfReactants>
          <speciesReference metaid="CDMT00018" species="s3">
            <annotation>
<celldesigner:extension>
<celldesigner:alias>sa3</celldesigner:alias>
</celldesigner:extension>
</annotation>
                    </speciesReference>
        </listOfReactants>
        <listOfProducts>
          <speciesReference metaid="CDMT00019" species="s21">
            <annotation>
<celldesigner:extension>
<celldesigner:alias>sa21</celldesigner:alias>
</celldesigner:extension>
</annotation>
                    </speciesReference>
        </listOfProducts>
        <kineticLaw metaid="CDMT00020">
          <math xmlns="http://www.w3.org/1998/Math/MathML">          
            <apply>
              <minus/>
              <ci> k_f6p </ci>
            </apply>
          </math>
                </kineticLaw>
      </reaction>
    </listOfReactions>
    <listOfEvents>
      <event id="ev2min" metaid="ev1" name="ev2min">
        <trigger metaid="CDMT00113">
          <math xmlns="http://www.w3.org/1998/Math/MathML">          
            <apply>
              <gt/>
              <csymbol encoding="text" definitionURL="http://www.sbml.org/sbml/symbols/time"> t </csymbol>
              <cn type="integer"> 2 </cn>
            </apply>
          </math>
                </trigger>
        <listOfEventAssignments>
          <eventAssignment metaid="CDMT00052" variable="k_akg">
            <math xmlns="http://www.w3.org/1998/Math/MathML">            
              <cn> -1.357466063 </cn>
            </math>
                    </eventAssignment>
          <eventAssignment metaid="CDMT00053" variable="k_cit">
            <math xmlns="http://www.w3.org/1998/Math/MathML">            
              <cn> 0.351935646 </cn>
            </math>
                    </eventAssignment>
          <eventAssignment metaid="CDMT00057" variable="k_f6p">
            <math xmlns="http://www.w3.org/1998/Math/MathML">            
              <cn> 1.357466063 </cn>
            </math>
                    </eventAssignment>
          <eventAssignment metaid="CDMT00058" variable="k_icit">
            <math xmlns="http://www.w3.org/1998/Math/MathML">            
              <cn> -0.038210156 </cn>
            </math>
                    </eventAssignment>
          <eventAssignment metaid="CDMT00059" variable="k_f26bp">
            <math xmlns="http://www.w3.org/1998/Math/MathML">            
              <cn> 0.028924455 </cn>
            </math>
                    </eventAssignment>
          <eventAssignment metaid="CDMT00060" variable="k_mal">
            <math xmlns="http://www.w3.org/1998/Math/MathML">            
              <cn> -1.508295626 </cn>
            </math>
                    </eventAssignment>
          <eventAssignment metaid="CDMT00061" variable="k_pep">
            <math xmlns="http://www.w3.org/1998/Math/MathML">            
              <cn> 7.54147813 </cn>
            </math>
                    </eventAssignment>
          <eventAssignment metaid="CDMT00062" variable="k_pfkl_s775">
            <math xmlns="http://www.w3.org/1998/Math/MathML">            
              <cn> -0.011384308 </cn>
            </math>
                    </eventAssignment>
        </listOfEventAssignments>
      </event>
      <event id="ev5min" metaid="ev2" name="ev5min">
        <trigger metaid="CDMT00114">
          <math xmlns="http://www.w3.org/1998/Math/MathML">          
            <apply>
              <gt/>
              <csymbol encoding="text" definitionURL="http://www.sbml.org/sbml/symbols/time"> t </csymbol>
              <cn type="integer"> 5 </cn>
            </apply>
          </math>
                </trigger>
        <listOfEventAssignments>
          <eventAssignment metaid="CDMT00064" variable="k_akg">
            <math xmlns="http://www.w3.org/1998/Math/MathML">            
              <cn type="integer"> 0 </cn>
            </math>
                    </eventAssignment>
          <eventAssignment metaid="CDMT00065" variable="k_cit">
            <math xmlns="http://www.w3.org/1998/Math/MathML">            
              <cn> -0.211161388 </cn>
            </math>
                    </eventAssignment>
          <eventAssignment metaid="CDMT00066" variable="k_f6p">
            <math xmlns="http://www.w3.org/1998/Math/MathML">            
              <cn> 0.271493213 </cn>
            </math>
                    </eventAssignment>
          <eventAssignment metaid="CDMT00067" variable="k_icit">
            <math xmlns="http://www.w3.org/1998/Math/MathML">            
              <cn> -0.038210156 </cn>
            </math>
                    </eventAssignment>
          <eventAssignment metaid="CDMT00068" variable="k_f26bp">
            <math xmlns="http://www.w3.org/1998/Math/MathML">            
              <cn> 0.119075279 </cn>
            </math>
                    </eventAssignment>
          <eventAssignment metaid="CDMT00069" variable="k_mal">
            <math xmlns="http://www.w3.org/1998/Math/MathML">            
              <cn> -0.904977376 </cn>
            </math>
                    </eventAssignment>
          <eventAssignment metaid="CDMT00070" variable="k_pep">
            <math xmlns="http://www.w3.org/1998/Math/MathML">            
              <cn> -6.334841629 </cn>
            </math>
                    </eventAssignment>
          <eventAssignment metaid="CDMT00071" variable="k_pfkl_s775">
            <math xmlns="http://www.w3.org/1998/Math/MathML">            
              <cn> 0.057596439 </cn>
            </math>
                    </eventAssignment>
        </listOfEventAssignments>
      </event>
      <event id="ev10min" metaid="ev10min" name="ev10min">
        <trigger metaid="CDMT00115">
          <math xmlns="http://www.w3.org/1998/Math/MathML">          
            <apply>
              <gt/>
              <csymbol encoding="text" definitionURL="http://www.sbml.org/sbml/symbols/time"> t </csymbol>
              <cn type="integer"> 10 </cn>
            </apply>
          </math>
                </trigger>
        <listOfEventAssignments>
          <eventAssignment metaid="CDMT00056" variable="k_akg">
            <math xmlns="http://www.w3.org/1998/Math/MathML">            
              <cn> 0.36199095 </cn>
            </math>
                    </eventAssignment>
          <eventAssignment metaid="CDMT00063" variable="k_cit">
            <math xmlns="http://www.w3.org/1998/Math/MathML">            
              <cn> 1.085972851 </cn>
            </math>
                    </eventAssignment>
          <eventAssignment metaid="CDMT00072" variable="k_f6p">
            <math xmlns="http://www.w3.org/1998/Math/MathML">            
              <cn> -1.055806938 </cn>
            </math>
                    </eventAssignment>
          <eventAssignment metaid="CDMT00073" variable="k_icit">
            <math xmlns="http://www.w3.org/1998/Math/MathML">            
              <cn> -0.038210156 </cn>
            </math>
                    </eventAssignment>
          <eventAssignment metaid="CDMT00074" variable="k_f26bp">
            <math xmlns="http://www.w3.org/1998/Math/MathML">            
              <cn> -0.050207413 </cn>
            </math>
                    </eventAssignment>
          <eventAssignment metaid="CDMT00075" variable="k_mal">
            <math xmlns="http://www.w3.org/1998/Math/MathML">            
              <cn> 3.921568627 </cn>
            </math>
                    </eventAssignment>
          <eventAssignment metaid="CDMT00076" variable="k_pep">
            <math xmlns="http://www.w3.org/1998/Math/MathML">            
              <cn> 9.049773756 </cn>
            </math>
                    </eventAssignment>
          <eventAssignment metaid="CDMT00077" variable="k_pfkl_s775">
            <math xmlns="http://www.w3.org/1998/Math/MathML">            
              <cn> 0.006730598 </cn>
            </math>
                    </eventAssignment>
        </listOfEventAssignments>
      </event>
      <event id="ev15min" metaid="ev15min" name="ev15min">
        <trigger metaid="CDMT00116">
          <math xmlns="http://www.w3.org/1998/Math/MathML">          
            <apply>
              <gt/>
              <csymbol encoding="text" definitionURL="http://www.sbml.org/sbml/symbols/time"> t </csymbol>
              <cn type="integer"> 15 </cn>
            </apply>
          </math>
                </trigger>
        <listOfEventAssignments>
          <eventAssignment metaid="CDMT00079" variable="k_akg">
            <math xmlns="http://www.w3.org/1998/Math/MathML">            
              <cn> 1.085972851 </cn>
            </math>
                    </eventAssignment>
          <eventAssignment metaid="CDMT00080" variable="k_cit">
            <math xmlns="http://www.w3.org/1998/Math/MathML">            
              <cn> 0.452488688 </cn>
            </math>
                    </eventAssignment>
          <eventAssignment metaid="CDMT00081" variable="k_f6p">
            <math xmlns="http://www.w3.org/1998/Math/MathML">            
              <cn> -0.12066365 </cn>
            </math>
                    </eventAssignment>
          <eventAssignment metaid="CDMT00082" variable="k_icit">
            <math xmlns="http://www.w3.org/1998/Math/MathML">            
              <cn> -0.018099548 </cn>
            </math>
                    </eventAssignment>
          <eventAssignment metaid="CDMT00083" variable="k_f26bp">
            <math xmlns="http://www.w3.org/1998/Math/MathML">            
              <cn> 0.100115778 </cn>
            </math>
                    </eventAssignment>
          <eventAssignment metaid="CDMT00084" variable="k_mal">
            <math xmlns="http://www.w3.org/1998/Math/MathML">            
              <cn> 1.809954751 </cn>
            </math>
                    </eventAssignment>
          <eventAssignment metaid="CDMT00085" variable="k_pep">
            <math xmlns="http://www.w3.org/1998/Math/MathML">            
              <cn> -4.826546003 </cn>
            </math>
                    </eventAssignment>
          <eventAssignment metaid="CDMT00086" variable="k_pfkl_s775">
            <math xmlns="http://www.w3.org/1998/Math/MathML">            
              <cn> 0.006730598 </cn>
            </math>
                    </eventAssignment>
        </listOfEventAssignments>
      </event>
      <event id="ev20min" metaid="ev20min" name="ev20min">
        <trigger metaid="CDMT00117">
          <math xmlns="http://www.w3.org/1998/Math/MathML">          
            <apply>
              <gt/>
              <csymbol encoding="text" definitionURL="http://www.sbml.org/sbml/symbols/time"> t </csymbol>
              <cn type="integer"> 20 </cn>
            </apply>
          </math>
                </trigger>
        <listOfEventAssignments>
          <eventAssignment metaid="CDMT00088" variable="k_akg">
            <math xmlns="http://www.w3.org/1998/Math/MathML">            
              <cn> 0.226244344 </cn>
            </math>
                    </eventAssignment>
          <eventAssignment metaid="CDMT00089" variable="k_cit">
            <math xmlns="http://www.w3.org/1998/Math/MathML">            
              <cn> 0.377073906 </cn>
            </math>
                    </eventAssignment>
          <eventAssignment metaid="CDMT00090" variable="k_f6p">
            <math xmlns="http://www.w3.org/1998/Math/MathML">            
              <cn> -0.165912519 </cn>
            </math>
                    </eventAssignment>
          <eventAssignment metaid="CDMT00091" variable="k_icit">
            <math xmlns="http://www.w3.org/1998/Math/MathML">            
              <cn> 0.031674208 </cn>
            </math>
                    </eventAssignment>
          <eventAssignment metaid="CDMT00092" variable="k_f26bp">
            <math xmlns="http://www.w3.org/1998/Math/MathML">            
              <cn> -0.032601514 </cn>
            </math>
                    </eventAssignment>
          <eventAssignment metaid="CDMT00093" variable="k_mal">
            <math xmlns="http://www.w3.org/1998/Math/MathML">            
              <cn> 1.206636501 </cn>
            </math>
                    </eventAssignment>
          <eventAssignment metaid="CDMT00094" variable="k_pep">
            <math xmlns="http://www.w3.org/1998/Math/MathML">            
              <cn> -3.619909502 </cn>
            </math>
                    </eventAssignment>
          <eventAssignment metaid="CDMT00095" variable="k_pfkl_s775">
            <math xmlns="http://www.w3.org/1998/Math/MathML">            
              <cn> 0.006730598 </cn>
            </math>
                    </eventAssignment>
        </listOfEventAssignments>
      </event>
      <event id="ev30min" metaid="ev30min" name="ev30min">
        <trigger metaid="CDMT00118">
          <math xmlns="http://www.w3.org/1998/Math/MathML">          
            <apply>
              <gt/>
              <csymbol encoding="text" definitionURL="http://www.sbml.org/sbml/symbols/time"> t </csymbol>
              <cn type="integer"> 30 </cn>
            </apply>
          </math>
                </trigger>
        <listOfEventAssignments>
          <eventAssignment metaid="CDMT00097" variable="k_akg">
            <math xmlns="http://www.w3.org/1998/Math/MathML">            
              <cn> 0.369532428 </cn>
            </math>
                    </eventAssignment>
          <eventAssignment metaid="CDMT00098" variable="k_cit">
            <math xmlns="http://www.w3.org/1998/Math/MathML">            
              <cn> 0.306686777 </cn>
            </math>
                    </eventAssignment>
          <eventAssignment metaid="CDMT00099" variable="k_f6p">
            <math xmlns="http://www.w3.org/1998/Math/MathML">            
              <cn> 0.070387129 </cn>
            </math>
                    </eventAssignment>
          <eventAssignment metaid="CDMT00100" variable="k_icit">
            <math xmlns="http://www.w3.org/1998/Math/MathML">            
              <cn> 0.031674208 </cn>
            </math>
                    </eventAssignment>
          <eventAssignment metaid="CDMT00101" variable="k_f26bp">
            <math xmlns="http://www.w3.org/1998/Math/MathML">            
              <cn> -0.003055632 </cn>
            </math>
                    </eventAssignment>
          <eventAssignment metaid="CDMT00102" variable="k_mal">
            <math xmlns="http://www.w3.org/1998/Math/MathML">            
              <cn> 0.502765209 </cn>
            </math>
                    </eventAssignment>
          <eventAssignment metaid="CDMT00103" variable="k_pep">
            <math xmlns="http://www.w3.org/1998/Math/MathML">            
              <cn> -0.301659125 </cn>
            </math>
                    </eventAssignment>
          <eventAssignment metaid="k_pfkl_s755" variable="k_pfkl_s775">
            <math xmlns="http://www.w3.org/1998/Math/MathML">            
              <cn> 0.006730598 </cn>
            </math>
                    </eventAssignment>
        </listOfEventAssignments>
      </event>
      <event id="ev45min" metaid="ev45min" name="ev45min">
        <trigger metaid="CDMT00119">
          <math xmlns="http://www.w3.org/1998/Math/MathML">          
            <apply>
              <gt/>
              <csymbol encoding="text" definitionURL="http://www.sbml.org/sbml/symbols/time"> t </csymbol>
              <cn type="integer"> 45 </cn>
            </apply>
          </math>
                </trigger>
        <listOfEventAssignments>
          <eventAssignment metaid="CDMT00105" variable="k_akg">
            <math xmlns="http://www.w3.org/1998/Math/MathML">            
              <cn> 0.369532428 </cn>
            </math>
                    </eventAssignment>
          <eventAssignment metaid="CDMT00106" variable="k_cit">
            <math xmlns="http://www.w3.org/1998/Math/MathML">            
              <cn> 0.306686777 </cn>
            </math>
                    </eventAssignment>
          <eventAssignment metaid="CDMT00107" variable="k_f6p">
            <math xmlns="http://www.w3.org/1998/Math/MathML">            
              <cn> 0.070387129 </cn>
            </math>
                    </eventAssignment>
          <eventAssignment metaid="CDMT00108" variable="k_icit">
            <math xmlns="http://www.w3.org/1998/Math/MathML">            
              <cn> 0.031674208 </cn>
            </math>
                    </eventAssignment>
          <eventAssignment metaid="CDMT00109" variable="k_f26bp">
            <math xmlns="http://www.w3.org/1998/Math/MathML">            
              <cn> -0.003055632 </cn>
            </math>
                    </eventAssignment>
          <eventAssignment metaid="CDMT00110" variable="k_mal">
            <math xmlns="http://www.w3.org/1998/Math/MathML">            
              <cn> 0.502765209 </cn>
            </math>
                    </eventAssignment>
          <eventAssignment metaid="CDMT00111" variable="k_pep">
            <math xmlns="http://www.w3.org/1998/Math/MathML">            
              <cn> -0.301659125 </cn>
            </math>
                    </eventAssignment>
          <eventAssignment metaid="CDMT00112" variable="k_pfkl_s775">
            <math xmlns="http://www.w3.org/1998/Math/MathML">            
              <cn> 0.00673059831429 </cn>
            </math>
                    </eventAssignment>
        </listOfEventAssignments>
      </event>
    </listOfEvents>
  </model>
</sbml>