<?xml version="1.0" encoding="UTF-8"?>
<sbml xmlns="http://www.sbml.org/sbml/level3/version2/core" level="3" version="2">
  <model>
    <listOfCompartments>
      <compartment id="compartment" size="1" constant="false"/>
    </listOfCompartments>
    <listOfSpecies>
      <species id="S1" compartment="compartment" initialAmount="4.45085480789473" hasOnlySubstanceUnits="true" boundaryCondition="false" constant="false"/>
      <species id="S2" compartment="compartment" initialAmount="2.42088513254085" hasOnlySubstanceUnits="true" boundaryCondition="false" constant="false"/>
      <species id="S3" compartment="compartment" initialAmount="6.45975420793294" hasOnlySubstanceUnits="true" boundaryCondition="false" constant="false"/>
      <species id="S4" compartment="compartment" initialAmount="0.276616880529108" hasOnlySubstanceUnits="true" boundaryCondition="false" constant="false"/>
      <species id="S5" compartment="compartment" initialAmount="0.568159073909198" hasOnlySubstanceUnits="true" boundaryCondition="false" constant="false"/>
      <species id="S6" compartment="compartment" initialAmount="9.78881688984904" hasOnlySubstanceUnits="true" boundaryCondition="false" constant="false"/>
      <species id="S7" compartment="compartment" initialAmount="6.57298488538753" hasOnlySubstanceUnits="true" boundaryCondition="false" constant="false"/>
      <species id="S8" compartment="compartment" initialAmount="0.82202003959042" hasOnlySubstanceUnits="true" boundaryCondition="false" constant="false"/>
      <species id="S9" compartment="compartment" initialAmount="2.54288199894329" hasOnlySubstanceUnits="true" boundaryCondition="false" constant="false"/>
      <species id="S10" compartment="compartment" initialAmount="8.92098817580002" hasOnlySubstanceUnits="true" boundaryCondition="false" constant="false"/>
      <species id="S11" compartment="compartment" initialAmount="0.0924609688758316" hasOnlySubstanceUnits="true" boundaryCondition="false" constant="false"/>
      <species id="S12" compartment="compartment" initialAmount="0.258899777573868" hasOnlySubstanceUnits="true" boundaryCondition="false" constant="false"/>
      <species id="S13" compartment="compartment" initialAmount="6.59213961131372" hasOnlySubstanceUnits="true" boundaryCondition="false" constant="false"/>
      <species id="S14" compartment="compartment" initialAmount="0.535110753471821" hasOnlySubstanceUnits="true" boundaryCondition="false" constant="false"/>
      <species id="S15" compartment="compartment" initialAmount="6.5390441267231" hasOnlySubstanceUnits="true" boundaryCondition="true" constant="false"/>
      <species id="S16" compartment="compartment" initialAmount="4.91965722788809" hasOnlySubstanceUnits="true" boundaryCondition="true" constant="false"/>
      <species id="S17" compartment="compartment" initialAmount="9.08293834012355" hasOnlySubstanceUnits="true" boundaryCondition="false" constant="false"/>
      <species id="S18" compartment="compartment" initialAmount="3.10711159910452" hasOnlySubstanceUnits="true" boundaryCondition="false" constant="false"/>
      <species id="S19" compartment="compartment" initialAmount="4.20545896345525" hasOnlySubstanceUnits="true" boundaryCondition="false" constant="false"/>
      <species id="S20" compartment="compartment" initialAmount="5.48939826474005" hasOnlySubstanceUnits="true" boundaryCondition="false" constant="false"/>
      <species id="S21" compartment="compartment" initialAmount="7.96599622240539" hasOnlySubstanceUnits="true" boundaryCondition="false" constant="false"/>
      <species id="S22" compartment="compartment" initialAmount="8.97809341661189" hasOnlySubstanceUnits="true" boundaryCondition="false" constant="false"/>
      <species id="S23" compartment="compartment" initialAmount="6.15777390953671" hasOnlySubstanceUnits="true" boundaryCondition="false" constant="false"/>
      <species id="S24" compartment="compartment" initialAmount="2.80448989428979" hasOnlySubstanceUnits="true" boundaryCondition="false" constant="false"/>
      <species id="S25" compartment="compartment" initialAmount="7.5865874484476" hasOnlySubstanceUnits="true" boundaryCondition="true" constant="false"/>
      <species id="S_in" compartment="compartment" initialAmount="8.0258498181997" hasOnlySubstanceUnits="true" boundaryCondition="true" constant="false"/>
      <species id="S_out" compartment="compartment" initialAmount="3.57147535101329" hasOnlySubstanceUnits="true" boundaryCondition="false" constant="false"/>
    </listOfSpecies>
    <listOfParameters>
      <parameter id="kf_J1" value="0.475609072783098" constant="false"/>
      <parameter id="kr_J1" value="0.643062834128424" constant="false"/>
      <parameter id="kf_J2" value="0.124710257461045" constant="false"/>
      <parameter id="kr_J2" value="0.361691827365239" constant="false"/>
      <parameter id="K1_J2" value="0.847781759165023" constant="false"/>
      <parameter id="K2_J2" value="0.887009372573192" constant="false"/>
      <parameter id="kf_J3" value="0.854379460271653" constant="false"/>
      <parameter id="kr_J3" value="0.539176154827721" constant="false"/>
      <parameter id="K1_J3" value="0.485367076260983" constant="false"/>
      <parameter id="K2_J3" value="0.291748506855622" constant="false"/>
      <parameter id="kf_J4" value="0.58411351453243" constant="false"/>
      <parameter id="kr_J4" value="0.868543688062956" constant="false"/>
      <parameter id="K1_J4" value="0.335885699120736" constant="false"/>
      <parameter id="K2_J4" value="0.737491441516458" constant="false"/>
      <parameter id="kf_J5" value="0.763062912279794" constant="false"/>
      <parameter id="kr_J5" value="0.0645150611648957" constant="false"/>
      <parameter id="kf_J6" value="0.860038539740553" constant="false"/>
      <parameter id="kr_J6" value="0.403232326599074" constant="false"/>
      <parameter id="kf_J7" value="0.961794460240439" constant="false"/>
      <parameter id="kr_J7" value="0.642802123712449" constant="false"/>
      <parameter id="K1_J7" value="0.143779384092273" constant="false"/>
      <parameter id="K2_J7" value="0.233139091112617" constant="false"/>
      <parameter id="kf_J8" value="0.923833719620227" constant="false"/>
      <parameter id="kr_J8" value="0.244482326430887" constant="false"/>
      <parameter id="K1_J8" value="0.488013986111849" constant="false"/>
      <parameter id="K2_J8" value="0.355368652114018" constant="false"/>
      <parameter id="kf_J9" value="0.846604562116479" constant="false"/>
      <parameter id="kr_J9" value="0.219474649684565" constant="false"/>
      <parameter id="K1_J9" value="0.741830809630787" constant="false"/>
      <parameter id="K2_J9" value="0.48151264524496" constant="false"/>
      <parameter id="kf_J10" value="0.413029270605529" constant="false"/>
      <parameter id="kr_J10" value="0.646742638376587" constant="false"/>
      <parameter id="K1_J10" value="0.701279311458212" constant="false"/>
      <parameter id="K2_J10" value="0.702703781482716" constant="false"/>
      <parameter id="kf_J11" value="0.897885298538264" constant="false"/>
      <parameter id="kr_J11" value="0.553824547149159" constant="false"/>
      <parameter id="K1_J11" value="0.152720375841753" constant="false"/>
      <parameter id="K2_J11" value="0.573493089035699" constant="false"/>
      <parameter id="kf_J12" value="0.613371940547252" constant="false"/>
      <parameter id="kr_J12" value="0.966119128310239" constant="false"/>
      <parameter id="kf_J13" value="0.601356133578891" constant="false"/>
      <parameter id="kr_J13" value="0.839399497318025" constant="false"/>
      <parameter id="K1_J13" value="0.615728926372948" constant="false"/>
      <parameter id="K2_J13" value="0.0817970590619665" constant="false"/>
      <parameter id="kf_J14" value="0.942399746316736" constant="false"/>
      <parameter id="kr_J14" value="0.946260596728692" constant="false"/>
      <parameter id="K1_J14" value="0.158300655301825" constant="false"/>
      <parameter id="K2_J14" value="0.460111606726306" constant="false"/>
      <parameter id="kf_J15" value="0.50737650571276" constant="false"/>
      <parameter id="kr_J15" value="0.792502158883551" constant="false"/>
      <parameter id="K1_J15" value="0.458230906525937" constant="false"/>
      <parameter id="K2_J15" value="0.975751946406979" constant="false"/>
      <parameter id="kf_J16" value="0.495832612291976" constant="false"/>
      <parameter id="kr_J16" value="0.238994563688951" constant="false"/>
      <parameter id="K1_J16" value="0.979330805998673" constant="false"/>
      <parameter id="K2_J16" value="0.741402671007468" constant="false"/>
      <parameter id="kf_J17" value="0.550567323693847" constant="false"/>
      <parameter id="kr_J17" value="0.351276363280118" constant="false"/>
      <parameter id="kf_J18" value="0.422130800372417" constant="false"/>
      <parameter id="kr_J18" value="0.261353312411722" constant="false"/>
      <parameter id="kf_J19" value="0.106286087507088" constant="false"/>
      <parameter id="kr_J19" value="0.231522449844871" constant="false"/>
      <parameter id="K1_J19" value="0.618558098262375" constant="false"/>
      <parameter id="K2_J19" value="0.309287452990235" constant="false"/>
      <parameter id="kf_J20" value="0.770481297815657" constant="false"/>
      <parameter id="kr_J20" value="0.233848447067074" constant="false"/>
      <parameter id="K1_J20" value="0.6866042969406" constant="false"/>
      <parameter id="K2_J20" value="0.736804461674613" constant="false"/>
      <parameter id="kf_J21" value="0.755553695049331" constant="false"/>
      <parameter id="kr_J21" value="0.302763253843132" constant="false"/>
      <parameter id="K1_J21" value="0.0875222874354946" constant="false"/>
      <parameter id="K2_J21" value="0.637431168802338" constant="false"/>
      <parameter id="kf_J22" value="0.239194752890079" constant="false"/>
      <parameter id="kr_J22" value="0.282494592830454" constant="false"/>
      <parameter id="K1_J22" value="0.452413264152691" constant="false"/>
      <parameter id="K2_J22" value="0.0828565342567631" constant="false"/>
      <parameter id="kf_J23" value="0.518657889773119" constant="false"/>
      <parameter id="kr_J23" value="0.234590167852538" constant="false"/>
      <parameter id="K1_J23" value="0.629598678557517" constant="false"/>
      <parameter id="K2_J23" value="0.737922186196944" constant="false"/>
      <parameter id="kf_J24" value="0.989699831788568" constant="false"/>
      <parameter id="kr_J24" value="0.477435042264279" constant="false"/>
      <parameter id="K1_J24" value="0.921384516312798" constant="false"/>
      <parameter id="K2_J24" value="0.74065710449376" constant="false"/>
      <parameter id="kf_J25" value="0.862345184342851" constant="false"/>
      <parameter id="kr_J25" value="0.432806930240828" constant="false"/>
      <parameter id="K1_J25" value="0.778620811349702" constant="false"/>
      <parameter id="K2_J25" value="0.464286741419947" constant="false"/>
      <parameter id="kf_J26" value="0.0244940086184391" constant="false"/>
      <parameter id="kr_J26" value="0.509987403487195" constant="false"/>
      <parameter id="K1_J26" value="0.70276692528247" constant="false"/>
      <parameter id="K2_J26" value="0.247242096806013" constant="false"/>
      <parameter id="kf_J27" value="0.340059566456323" constant="false"/>
      <parameter id="kr_J27" value="0.259227180783827" constant="false"/>
      <parameter id="K1_J27" value="0.377478327259004" constant="false"/>
      <parameter id="K2_J27" value="0.768223290218889" constant="false"/>
      <parameter id="kf_J28" value="0.31815641763657" constant="false"/>
      <parameter id="kr_J28" value="0.909386413581782" constant="false"/>
      <parameter id="K1_J28" value="0.900795113168106" constant="false"/>
      <parameter id="K2_J28" value="0.600330224719091" constant="false"/>
      <parameter id="kf_J29" value="0.975682332531671" constant="false"/>
      <parameter id="kr_J29" value="0.476736286141404" constant="false"/>
      <parameter id="K1_J29" value="0.63554096432452" constant="false"/>
      <parameter id="K2_J29" value="0.770134223296483" constant="false"/>
      <parameter id="kf_J30" value="0.211996549812471" constant="false"/>
      <parameter id="kr_J30" value="0.36046908147425" constant="false"/>
      <parameter id="K1_J30" value="0.502181210917051" constant="false"/>
      <parameter id="K2_J30" value="0.552015226636251" constant="false"/>
      <parameter id="kf_J31" value="0.725438847750514" constant="false"/>
      <parameter id="kr_J31" value="0.428947626723938" constant="false"/>
      <parameter id="K1_J31" value="0.854541902405162" constant="false"/>
      <parameter id="K2_J31" value="0.526957652140995" constant="false"/>
      <parameter id="kf_J32" value="0.873108615628489" constant="false"/>
      <parameter id="kr_J32" value="0.854725147824555" constant="false"/>
      <parameter id="K1_J32" value="0.734036583702784" constant="false"/>
      <parameter id="K2_J32" value="0.456578057158114" constant="false"/>
      <parameter id="kf_J33" value="0.783342423280434" constant="false"/>
      <parameter id="kr_J33" value="0.379447133024793" constant="false"/>
      <parameter id="K1_J33" value="0.178007182156442" constant="false"/>
      <parameter id="K2_J33" value="0.722709788573318" constant="false"/>
      <parameter id="kf_J34" value="0.189235831315968" constant="false"/>
      <parameter id="kr_J34" value="0.695402591397915" constant="false"/>
      <parameter id="K1_J34" value="0.752168660555866" constant="false"/>
      <parameter id="K2_J34" value="0.113967428728434" constant="false"/>
      <parameter id="kf_J35" value="0.733024011587968" constant="false"/>
      <parameter id="kr_J35" value="0.840849796559115" constant="false"/>
    </listOfParameters>
    <listOfReactions>
      <reaction id="r1" reversible="false">
        <listOfReactants>
          <speciesReference species="S_in" stoichiometry="1" constant="true"/>
        </listOfReactants>
        <listOfProducts>
          <speciesReference species="S16" stoichiometry="1" constant="true"/>
          <speciesReference species="S22" stoichiometry="1" constant="true"/>
        </listOfProducts>
        <kineticLaw>
          <math xmlns="http://www.w3.org/1998/Math/MathML">
            <apply>
              <minus/>
              <apply>
                <times/>
                <ci> kf_J1 </ci>
                <ci> S_in </ci>
              </apply>
              <apply>
                <times/>
                <ci> kr_J1 </ci>
                <ci> S16 </ci>
                <ci> S22 </ci>
              </apply>
            </apply>
          </math>
        </kineticLaw>
      </reaction>
      <reaction id="r2" reversible="false">
        <listOfReactants>
          <speciesReference species="S6" stoichiometry="1" constant="true"/>
        </listOfReactants>
        <listOfProducts>
          <speciesReference species="S_out" stoichiometry="1" constant="true"/>
        </listOfProducts>
        <listOfModifiers>
          <modifierSpeciesReference species="S4"/>
        </listOfModifiers>
        <kineticLaw>
          <math xmlns="http://www.w3.org/1998/Math/MathML">
            <apply>
              <divide/>
              <apply>
                <times/>
                <ci> S4 </ci>
                <apply>
                  <minus/>
                  <apply>
                    <divide/>
                    <apply>
                      <times/>
                      <ci> kf_J2 </ci>
                      <ci> S6 </ci>
                    </apply>
                    <ci> K1_J2 </ci>
                  </apply>
                  <apply>
                    <divide/>
                    <apply>
                      <times/>
                      <ci> kr_J2 </ci>
                      <ci> S_out </ci>
                    </apply>
                    <ci> K2_J2 </ci>
                  </apply>
                </apply>
              </apply>
              <apply>
                <plus/>
                <cn type="integer"> 1 </cn>
                <apply>
                  <divide/>
                  <ci> S6 </ci>
                  <ci> K1_J2 </ci>
                </apply>
                <apply>
                  <divide/>
                  <ci> S_out </ci>
                  <ci> K2_J2 </ci>
                </apply>
              </apply>
            </apply>
          </math>
        </kineticLaw>
      </reaction>
      <reaction id="r3" reversible="false">
        <listOfReactants>
          <speciesReference species="S_out" stoichiometry="1" constant="true"/>
        </listOfReactants>
        <listOfProducts>
          <speciesReference species="S6" stoichiometry="1" constant="true"/>
        </listOfProducts>
        <listOfModifiers>
          <modifierSpeciesReference species="S8"/>
        </listOfModifiers>
        <kineticLaw>
          <math xmlns="http://www.w3.org/1998/Math/MathML">
            <apply>
              <divide/>
              <apply>
                <times/>
                <ci> S8 </ci>
                <apply>
                  <minus/>
                  <apply>
                    <divide/>
                    <apply>
                      <times/>
                      <ci> kf_J3 </ci>
                      <ci> S_out </ci>
                    </apply>
                    <ci> K2_J3 </ci>
                  </apply>
                  <apply>
                    <divide/>
                    <apply>
                      <times/>
                      <ci> kr_J3 </ci>
                      <ci> S6 </ci>
                    </apply>
                    <ci> K1_J3 </ci>
                  </apply>
                </apply>
              </apply>
              <apply>
                <plus/>
                <cn type="integer"> 1 </cn>
                <apply>
                  <divide/>
                  <ci> S_out </ci>
                  <ci> K2_J3 </ci>
                </apply>
                <apply>
                  <divide/>
                  <ci> S6 </ci>
                  <ci> K1_J3 </ci>
                </apply>
              </apply>
            </apply>
          </math>
        </kineticLaw>
      </reaction>
      <reaction id="r4" reversible="false">
        <listOfReactants>
          <speciesReference species="S7" stoichiometry="1" constant="true"/>
        </listOfReactants>
        <listOfProducts>
          <speciesReference species="S6" stoichiometry="1" constant="true"/>
        </listOfProducts>
        <listOfModifiers>
          <modifierSpeciesReference species="S25"/>
        </listOfModifiers>
        <kineticLaw>
          <math xmlns="http://www.w3.org/1998/Math/MathML">
            <apply>
              <divide/>
              <apply>
                <times/>
                <ci> S25 </ci>
                <apply>
                  <minus/>
                  <apply>
                    <divide/>
                    <apply>
                      <times/>
                      <ci> kf_J4 </ci>
                      <ci> S7 </ci>
                    </apply>
                    <ci> K1_J4 </ci>
                  </apply>
                  <apply>
                    <divide/>
                    <apply>
                      <times/>
                      <ci> kr_J4 </ci>
                      <ci> S6 </ci>
                    </apply>
                    <ci> K2_J4 </ci>
                  </apply>
                </apply>
              </apply>
              <apply>
                <plus/>
                <cn type="integer"> 1 </cn>
                <apply>
                  <divide/>
                  <ci> S7 </ci>
                  <ci> K1_J4 </ci>
                </apply>
                <apply>
                  <divide/>
                  <ci> S6 </ci>
                  <ci> K2_J4 </ci>
                </apply>
              </apply>
            </apply>
          </math>
        </kineticLaw>
      </reaction>
      <reaction id="r5" reversible="false">
        <listOfReactants>
          <speciesReference species="S22" stoichiometry="1" constant="true"/>
        </listOfReactants>
        <listOfProducts>
          <speciesReference species="S19" stoichiometry="1" constant="true"/>
          <speciesReference species="S20" stoichiometry="1" constant="true"/>
        </listOfProducts>
        <kineticLaw>
          <math xmlns="http://www.w3.org/1998/Math/MathML">
            <apply>
              <minus/>
              <apply>
                <times/>
                <ci> kf_J5 </ci>
                <ci> S22 </ci>
              </apply>
              <apply>
                <times/>
                <ci> kr_J5 </ci>
                <ci> S19 </ci>
                <ci> S20 </ci>
              </apply>
            </apply>
          </math>
        </kineticLaw>
      </reaction>
      <reaction id="r6" reversible="false">
        <listOfReactants>
          <speciesReference species="S19" stoichiometry="1" constant="true"/>
          <speciesReference species="S19" stoichiometry="1" constant="true"/>
        </listOfReactants>
        <listOfProducts>
          <speciesReference species="S17" stoichiometry="1" constant="true"/>
          <speciesReference species="S20" stoichiometry="1" constant="true"/>
        </listOfProducts>
        <kineticLaw>
          <math xmlns="http://www.w3.org/1998/Math/MathML">
            <apply>
              <minus/>
              <apply>
                <times/>
                <ci> kf_J6 </ci>
                <ci> S19 </ci>
                <ci> S19 </ci>
              </apply>
              <apply>
                <times/>
                <ci> kr_J6 </ci>
                <ci> S17 </ci>
                <ci> S20 </ci>
              </apply>
            </apply>
          </math>
        </kineticLaw>
      </reaction>
      <reaction id="r7" reversible="false">
        <listOfReactants>
          <speciesReference species="S20" stoichiometry="1" constant="true"/>
        </listOfReactants>
        <listOfProducts>
          <speciesReference species="S15" stoichiometry="1" constant="true"/>
        </listOfProducts>
        <listOfModifiers>
          <modifierSpeciesReference species="S17"/>
        </listOfModifiers>
        <kineticLaw>
          <math xmlns="http://www.w3.org/1998/Math/MathML">
            <apply>
              <divide/>
              <apply>
                <times/>
                <ci> S17 </ci>
                <apply>
                  <minus/>
                  <apply>
                    <divide/>
                    <apply>
                      <times/>
                      <ci> kf_J7 </ci>
                      <ci> S20 </ci>
                    </apply>
                    <ci> K1_J7 </ci>
                  </apply>
                  <apply>
                    <divide/>
                    <apply>
                      <times/>
                      <ci> kr_J7 </ci>
                      <ci> S15 </ci>
                    </apply>
                    <ci> K2_J7 </ci>
                  </apply>
                </apply>
              </apply>
              <apply>
                <plus/>
                <cn type="integer"> 1 </cn>
                <apply>
                  <divide/>
                  <ci> S20 </ci>
                  <ci> K1_J7 </ci>
                </apply>
                <apply>
                  <divide/>
                  <ci> S15 </ci>
                  <ci> K2_J7 </ci>
                </apply>
              </apply>
            </apply>
          </math>
        </kineticLaw>
      </reaction>
      <reaction id="r8" reversible="false">
        <listOfReactants>
          <speciesReference species="S9" stoichiometry="1" constant="true"/>
        </listOfReactants>
        <listOfProducts>
          <speciesReference species="S24" stoichiometry="1" constant="true"/>
        </listOfProducts>
        <listOfModifiers>
          <modifierSpeciesReference species="S15"/>
        </listOfModifiers>
        <kineticLaw>
          <math xmlns="http://www.w3.org/1998/Math/MathML">
            <apply>
              <divide/>
              <apply>
                <times/>
                <ci> S15 </ci>
                <apply>
                  <minus/>
                  <apply>
                    <divide/>
                    <apply>
                      <times/>
                      <ci> kf_J8 </ci>
                      <ci> S9 </ci>
                    </apply>
                    <ci> K1_J8 </ci>
                  </apply>
                  <apply>
                    <divide/>
                    <apply>
                      <times/>
                      <ci> kr_J8 </ci>
                      <ci> S24 </ci>
                    </apply>
                    <ci> K2_J8 </ci>
                  </apply>
                </apply>
              </apply>
              <apply>
                <plus/>
                <cn type="integer"> 1 </cn>
                <apply>
                  <divide/>
                  <ci> S9 </ci>
                  <ci> K1_J8 </ci>
                </apply>
                <apply>
                  <divide/>
                  <ci> S24 </ci>
                  <ci> K2_J8 </ci>
                </apply>
              </apply>
            </apply>
          </math>
        </kineticLaw>
      </reaction>
      <reaction id="r9" reversible="false">
        <listOfReactants>
          <speciesReference species="S24" stoichiometry="1" constant="true"/>
        </listOfReactants>
        <listOfProducts>
          <speciesReference species="S17" stoichiometry="1" constant="true"/>
        </listOfProducts>
        <listOfModifiers>
          <modifierSpeciesReference species="S15"/>
        </listOfModifiers>
        <kineticLaw>
          <math xmlns="http://www.w3.org/1998/Math/MathML">
            <apply>
              <divide/>
              <apply>
                <times/>
                <ci> S15 </ci>
                <apply>
                  <minus/>
                  <apply>
                    <divide/>
                    <apply>
                      <times/>
                      <ci> kf_J9 </ci>
                      <ci> S24 </ci>
                    </apply>
                    <ci> K1_J9 </ci>
                  </apply>
                  <apply>
                    <divide/>
                    <apply>
                      <times/>
                      <ci> kr_J9 </ci>
                      <ci> S17 </ci>
                    </apply>
                    <ci> K2_J9 </ci>
                  </apply>
                </apply>
              </apply>
              <apply>
                <plus/>
                <cn type="integer"> 1 </cn>
                <apply>
                  <divide/>
                  <ci> S24 </ci>
                  <ci> K1_J9 </ci>
                </apply>
                <apply>
                  <divide/>
                  <ci> S17 </ci>
                  <ci> K2_J9 </ci>
                </apply>
              </apply>
            </apply>
          </math>
        </kineticLaw>
      </reaction>
      <reaction id="r10" reversible="false">
        <listOfReactants>
          <speciesReference species="S17" stoichiometry="1" constant="true"/>
        </listOfReactants>
        <listOfProducts>
          <speciesReference species="S24" stoichiometry="1" constant="true"/>
        </listOfProducts>
        <listOfModifiers>
          <modifierSpeciesReference species="S20"/>
        </listOfModifiers>
        <kineticLaw>
          <math xmlns="http://www.w3.org/1998/Math/MathML">
            <apply>
              <divide/>
              <apply>
                <times/>
                <ci> S20 </ci>
                <apply>
                  <minus/>
                  <apply>
                    <divide/>
                    <apply>
                      <times/>
                      <ci> kf_J10 </ci>
                      <ci> S17 </ci>
                    </apply>
                    <ci> K1_J10 </ci>
                  </apply>
                  <apply>
                    <divide/>
                    <apply>
                      <times/>
                      <ci> kr_J10 </ci>
                      <ci> S24 </ci>
                    </apply>
                    <ci> K2_J10 </ci>
                  </apply>
                </apply>
              </apply>
              <apply>
                <plus/>
                <cn type="integer"> 1 </cn>
                <apply>
                  <divide/>
                  <ci> S17 </ci>
                  <ci> K1_J10 </ci>
                </apply>
                <apply>
                  <divide/>
                  <ci> S24 </ci>
                  <ci> K2_J10 </ci>
                </apply>
              </apply>
            </apply>
          </math>
        </kineticLaw>
      </reaction>
      <reaction id="r11" reversible="false">
        <listOfReactants>
          <speciesReference species="S24" stoichiometry="1" constant="true"/>
        </listOfReactants>
        <listOfProducts>
          <speciesReference species="S9" stoichiometry="1" constant="true"/>
        </listOfProducts>
        <listOfModifiers>
          <modifierSpeciesReference species="S20"/>
        </listOfModifiers>
        <kineticLaw>
          <math xmlns="http://www.w3.org/1998/Math/MathML">
            <apply>
              <divide/>
              <apply>
                <times/>
                <ci> S20 </ci>
                <apply>
                  <minus/>
                  <apply>
                    <divide/>
                    <apply>
                      <times/>
                      <ci> kf_J11 </ci>
                      <ci> S24 </ci>
                    </apply>
                    <ci> K1_J11 </ci>
                  </apply>
                  <apply>
                    <divide/>
                    <apply>
                      <times/>
                      <ci> kr_J11 </ci>
                      <ci> S9 </ci>
                    </apply>
                    <ci> K2_J11 </ci>
                  </apply>
                </apply>
              </apply>
              <apply>
                <plus/>
                <cn type="integer"> 1 </cn>
                <apply>
                  <divide/>
                  <ci> S24 </ci>
                  <ci> K1_J11 </ci>
                </apply>
                <apply>
                  <divide/>
                  <ci> S9 </ci>
                  <ci> K2_J11 </ci>
                </apply>
              </apply>
            </apply>
          </math>
        </kineticLaw>
      </reaction>
      <reaction id="r12" reversible="false">
        <listOfReactants>
          <speciesReference species="S24" stoichiometry="1" constant="true"/>
        </listOfReactants>
        <listOfProducts>
          <speciesReference species="S21" stoichiometry="1" constant="true"/>
          <speciesReference species="S25" stoichiometry="1" constant="true"/>
        </listOfProducts>
        <kineticLaw>
          <math xmlns="http://www.w3.org/1998/Math/MathML">
            <apply>
              <minus/>
              <apply>
                <times/>
                <ci> kf_J12 </ci>
                <ci> S24 </ci>
              </apply>
              <apply>
                <times/>
                <ci> kr_J12 </ci>
                <ci> S21 </ci>
                <ci> S25 </ci>
              </apply>
            </apply>
          </math>
        </kineticLaw>
      </reaction>
      <reaction id="r13" reversible="false">
        <listOfReactants>
          <speciesReference species="S18" stoichiometry="1" constant="true"/>
        </listOfReactants>
        <listOfProducts>
          <speciesReference species="S2" stoichiometry="1" constant="true"/>
        </listOfProducts>
        <listOfModifiers>
          <modifierSpeciesReference species="S15"/>
        </listOfModifiers>
        <kineticLaw>
          <math xmlns="http://www.w3.org/1998/Math/MathML">
            <apply>
              <divide/>
              <apply>
                <times/>
                <ci> S15 </ci>
                <apply>
                  <minus/>
                  <apply>
                    <divide/>
                    <apply>
                      <times/>
                      <ci> kf_J13 </ci>
                      <ci> S18 </ci>
                    </apply>
                    <ci> K1_J13 </ci>
                  </apply>
                  <apply>
                    <divide/>
                    <apply>
                      <times/>
                      <ci> kr_J13 </ci>
                      <ci> S2 </ci>
                    </apply>
                    <ci> K2_J13 </ci>
                  </apply>
                </apply>
              </apply>
              <apply>
                <plus/>
                <cn type="integer"> 1 </cn>
                <apply>
                  <divide/>
                  <ci> S18 </ci>
                  <ci> K1_J13 </ci>
                </apply>
                <apply>
                  <divide/>
                  <ci> S2 </ci>
                  <ci> K2_J13 </ci>
                </apply>
              </apply>
            </apply>
          </math>
        </kineticLaw>
      </reaction>
      <reaction id="r14" reversible="false">
        <listOfReactants>
          <speciesReference species="S2" stoichiometry="1" constant="true"/>
        </listOfReactants>
        <listOfProducts>
          <speciesReference species="S14" stoichiometry="1" constant="true"/>
        </listOfProducts>
        <listOfModifiers>
          <modifierSpeciesReference species="S15"/>
        </listOfModifiers>
        <kineticLaw>
          <math xmlns="http://www.w3.org/1998/Math/MathML">
            <apply>
              <divide/>
              <apply>
                <times/>
                <ci> S15 </ci>
                <apply>
                  <minus/>
                  <apply>
                    <divide/>
                    <apply>
                      <times/>
                      <ci> kf_J14 </ci>
                      <ci> S2 </ci>
                    </apply>
                    <ci> K1_J14 </ci>
                  </apply>
                  <apply>
                    <divide/>
                    <apply>
                      <times/>
                      <ci> kr_J14 </ci>
                      <ci> S14 </ci>
                    </apply>
                    <ci> K2_J14 </ci>
                  </apply>
                </apply>
              </apply>
              <apply>
                <plus/>
                <cn type="integer"> 1 </cn>
                <apply>
                  <divide/>
                  <ci> S2 </ci>
                  <ci> K1_J14 </ci>
                </apply>
                <apply>
                  <divide/>
                  <ci> S14 </ci>
                  <ci> K2_J14 </ci>
                </apply>
              </apply>
            </apply>
          </math>
        </kineticLaw>
      </reaction>
      <reaction id="r15" reversible="false">
        <listOfReactants>
          <speciesReference species="S14" stoichiometry="1" constant="true"/>
        </listOfReactants>
        <listOfProducts>
          <speciesReference species="S2" stoichiometry="1" constant="true"/>
        </listOfProducts>
        <listOfModifiers>
          <modifierSpeciesReference species="S21"/>
        </listOfModifiers>
        <kineticLaw>
          <math xmlns="http://www.w3.org/1998/Math/MathML">
            <apply>
              <divide/>
              <apply>
                <times/>
                <ci> S21 </ci>
                <apply>
                  <minus/>
                  <apply>
                    <divide/>
                    <apply>
                      <times/>
                      <ci> kf_J15 </ci>
                      <ci> S14 </ci>
                    </apply>
                    <ci> K1_J15 </ci>
                  </apply>
                  <apply>
                    <divide/>
                    <apply>
                      <times/>
                      <ci> kr_J15 </ci>
                      <ci> S2 </ci>
                    </apply>
                    <ci> K2_J15 </ci>
                  </apply>
                </apply>
              </apply>
              <apply>
                <plus/>
                <cn type="integer"> 1 </cn>
                <apply>
                  <divide/>
                  <ci> S14 </ci>
                  <ci> K1_J15 </ci>
                </apply>
                <apply>
                  <divide/>
                  <ci> S2 </ci>
                  <ci> K2_J15 </ci>
                </apply>
              </apply>
            </apply>
          </math>
        </kineticLaw>
      </reaction>
      <reaction id="r16" reversible="false">
        <listOfReactants>
          <speciesReference species="S2" stoichiometry="1" constant="true"/>
        </listOfReactants>
        <listOfProducts>
          <speciesReference species="S18" stoichiometry="1" constant="true"/>
        </listOfProducts>
        <listOfModifiers>
          <modifierSpeciesReference species="S21"/>
        </listOfModifiers>
        <kineticLaw>
          <math xmlns="http://www.w3.org/1998/Math/MathML">
            <apply>
              <divide/>
              <apply>
                <times/>
                <ci> S21 </ci>
                <apply>
                  <minus/>
                  <apply>
                    <divide/>
                    <apply>
                      <times/>
                      <ci> kf_J16 </ci>
                      <ci> S2 </ci>
                    </apply>
                    <ci> K1_J16 </ci>
                  </apply>
                  <apply>
                    <divide/>
                    <apply>
                      <times/>
                      <ci> kr_J16 </ci>
                      <ci> S18 </ci>
                    </apply>
                    <ci> K2_J16 </ci>
                  </apply>
                </apply>
              </apply>
              <apply>
                <plus/>
                <cn type="integer"> 1 </cn>
                <apply>
                  <divide/>
                  <ci> S2 </ci>
                  <ci> K1_J16 </ci>
                </apply>
                <apply>
                  <divide/>
                  <ci> S18 </ci>
                  <ci> K2_J16 </ci>
                </apply>
              </apply>
            </apply>
          </math>
        </kineticLaw>
      </reaction>
      <reaction id="r17" reversible="false">
        <listOfReactants>
          <speciesReference species="S23" stoichiometry="1" constant="true"/>
          <speciesReference species="S18" stoichiometry="1" constant="true"/>
        </listOfReactants>
        <listOfProducts>
          <speciesReference species="S23" stoichiometry="1" constant="true"/>
        </listOfProducts>
        <kineticLaw>
          <math xmlns="http://www.w3.org/1998/Math/MathML">
            <apply>
              <minus/>
              <apply>
                <times/>
                <ci> kf_J17 </ci>
                <ci> S23 </ci>
                <ci> S18 </ci>
              </apply>
              <apply>
                <times/>
                <ci> kr_J17 </ci>
                <ci> S23 </ci>
              </apply>
            </apply>
          </math>
        </kineticLaw>
      </reaction>
      <reaction id="r18" reversible="false">
        <listOfReactants>
          <speciesReference species="S23" stoichiometry="1" constant="true"/>
        </listOfReactants>
        <listOfProducts>
          <speciesReference species="S21" stoichiometry="1" constant="true"/>
          <speciesReference species="S23" stoichiometry="1" constant="true"/>
        </listOfProducts>
        <kineticLaw>
          <math xmlns="http://www.w3.org/1998/Math/MathML">
            <apply>
              <minus/>
              <apply>
                <times/>
                <ci> kf_J18 </ci>
                <ci> S23 </ci>
              </apply>
              <apply>
                <times/>
                <ci> kr_J18 </ci>
                <ci> S21 </ci>
                <ci> S23 </ci>
              </apply>
            </apply>
          </math>
        </kineticLaw>
      </reaction>
      <reaction id="r19" reversible="false">
        <listOfReactants>
          <speciesReference species="S13" stoichiometry="1" constant="true"/>
        </listOfReactants>
        <listOfProducts>
          <speciesReference species="S10" stoichiometry="1" constant="true"/>
        </listOfProducts>
        <listOfModifiers>
          <modifierSpeciesReference species="S25"/>
        </listOfModifiers>
        <kineticLaw>
          <math xmlns="http://www.w3.org/1998/Math/MathML">
            <apply>
              <divide/>
              <apply>
                <times/>
                <ci> S25 </ci>
                <apply>
                  <minus/>
                  <apply>
                    <divide/>
                    <apply>
                      <times/>
                      <ci> kf_J19 </ci>
                      <ci> S13 </ci>
                    </apply>
                    <ci> K1_J19 </ci>
                  </apply>
                  <apply>
                    <divide/>
                    <apply>
                      <times/>
                      <ci> kr_J19 </ci>
                      <ci> S10 </ci>
                    </apply>
                    <ci> K2_J19 </ci>
                  </apply>
                </apply>
              </apply>
              <apply>
                <plus/>
                <cn type="integer"> 1 </cn>
                <apply>
                  <divide/>
                  <ci> S13 </ci>
                  <ci> K1_J19 </ci>
                </apply>
                <apply>
                  <divide/>
                  <ci> S10 </ci>
                  <ci> K2_J19 </ci>
                </apply>
              </apply>
            </apply>
          </math>
        </kineticLaw>
      </reaction>
      <reaction id="r20" reversible="false">
        <listOfReactants>
          <speciesReference species="S10" stoichiometry="1" constant="true"/>
        </listOfReactants>
        <listOfProducts>
          <speciesReference species="S1" stoichiometry="1" constant="true"/>
        </listOfProducts>
        <listOfModifiers>
          <modifierSpeciesReference species="S25"/>
        </listOfModifiers>
        <kineticLaw>
          <math xmlns="http://www.w3.org/1998/Math/MathML">
            <apply>
              <divide/>
              <apply>
                <times/>
                <ci> S25 </ci>
                <apply>
                  <minus/>
                  <apply>
                    <divide/>
                    <apply>
                      <times/>
                      <ci> kf_J20 </ci>
                      <ci> S10 </ci>
                    </apply>
                    <ci> K1_J20 </ci>
                  </apply>
                  <apply>
                    <divide/>
                    <apply>
                      <times/>
                      <ci> kr_J20 </ci>
                      <ci> S1 </ci>
                    </apply>
                    <ci> K2_J20 </ci>
                  </apply>
                </apply>
              </apply>
              <apply>
                <plus/>
                <cn type="integer"> 1 </cn>
                <apply>
                  <divide/>
                  <ci> S10 </ci>
                  <ci> K1_J20 </ci>
                </apply>
                <apply>
                  <divide/>
                  <ci> S1 </ci>
                  <ci> K2_J20 </ci>
                </apply>
              </apply>
            </apply>
          </math>
        </kineticLaw>
      </reaction>
      <reaction id="r21" reversible="false">
        <listOfReactants>
          <speciesReference species="S1" stoichiometry="1" constant="true"/>
        </listOfReactants>
        <listOfProducts>
          <speciesReference species="S10" stoichiometry="1" constant="true"/>
        </listOfProducts>
        <listOfModifiers>
          <modifierSpeciesReference species="S21"/>
        </listOfModifiers>
        <kineticLaw>
          <math xmlns="http://www.w3.org/1998/Math/MathML">
            <apply>
              <divide/>
              <apply>
                <times/>
                <ci> S21 </ci>
                <apply>
                  <minus/>
                  <apply>
                    <divide/>
                    <apply>
                      <times/>
                      <ci> kf_J21 </ci>
                      <ci> S1 </ci>
                    </apply>
                    <ci> K1_J21 </ci>
                  </apply>
                  <apply>
                    <divide/>
                    <apply>
                      <times/>
                      <ci> kr_J21 </ci>
                      <ci> S10 </ci>
                    </apply>
                    <ci> K2_J21 </ci>
                  </apply>
                </apply>
              </apply>
              <apply>
                <plus/>
                <cn type="integer"> 1 </cn>
                <apply>
                  <divide/>
                  <ci> S1 </ci>
                  <ci> K1_J21 </ci>
                </apply>
                <apply>
                  <divide/>
                  <ci> S10 </ci>
                  <ci> K2_J21 </ci>
                </apply>
              </apply>
            </apply>
          </math>
        </kineticLaw>
      </reaction>
      <reaction id="r22" reversible="false">
        <listOfReactants>
          <speciesReference species="S10" stoichiometry="1" constant="true"/>
        </listOfReactants>
        <listOfProducts>
          <speciesReference species="S13" stoichiometry="1" constant="true"/>
        </listOfProducts>
        <listOfModifiers>
          <modifierSpeciesReference species="S21"/>
        </listOfModifiers>
        <kineticLaw>
          <math xmlns="http://www.w3.org/1998/Math/MathML">
            <apply>
              <divide/>
              <apply>
                <times/>
                <ci> S21 </ci>
                <apply>
                  <minus/>
                  <apply>
                    <divide/>
                    <apply>
                      <times/>
                      <ci> kf_J22 </ci>
                      <ci> S10 </ci>
                    </apply>
                    <ci> K1_J22 </ci>
                  </apply>
                  <apply>
                    <divide/>
                    <apply>
                      <times/>
                      <ci> kr_J22 </ci>
                      <ci> S13 </ci>
                    </apply>
                    <ci> K2_J22 </ci>
                  </apply>
                </apply>
              </apply>
              <apply>
                <plus/>
                <cn type="integer"> 1 </cn>
                <apply>
                  <divide/>
                  <ci> S10 </ci>
                  <ci> K1_J22 </ci>
                </apply>
                <apply>
                  <divide/>
                  <ci> S13 </ci>
                  <ci> K2_J22 </ci>
                </apply>
              </apply>
            </apply>
          </math>
        </kineticLaw>
      </reaction>
      <reaction id="r23" reversible="false">
        <listOfReactants>
          <speciesReference species="S13" stoichiometry="1" constant="true"/>
        </listOfReactants>
        <listOfProducts>
          <speciesReference species="S21" stoichiometry="1" constant="true"/>
        </listOfProducts>
        <listOfModifiers>
          <modifierSpeciesReference species="S3"/>
        </listOfModifiers>
        <kineticLaw>
          <math xmlns="http://www.w3.org/1998/Math/MathML">
            <apply>
              <divide/>
              <apply>
                <times/>
                <ci> S3 </ci>
                <apply>
                  <minus/>
                  <apply>
                    <divide/>
                    <apply>
                      <times/>
                      <ci> kf_J23 </ci>
                      <ci> S13 </ci>
                    </apply>
                    <ci> K1_J23 </ci>
                  </apply>
                  <apply>
                    <divide/>
                    <apply>
                      <times/>
                      <ci> kr_J23 </ci>
                      <ci> S21 </ci>
                    </apply>
                    <ci> K2_J23 </ci>
                  </apply>
                </apply>
              </apply>
              <apply>
                <plus/>
                <cn type="integer"> 1 </cn>
                <apply>
                  <divide/>
                  <ci> S13 </ci>
                  <ci> K1_J23 </ci>
                </apply>
                <apply>
                  <divide/>
                  <ci> S21 </ci>
                  <ci> K2_J23 </ci>
                </apply>
              </apply>
            </apply>
          </math>
        </kineticLaw>
      </reaction>
      <reaction id="r24" reversible="false">
        <listOfReactants>
          <speciesReference species="S11" stoichiometry="1" constant="true"/>
        </listOfReactants>
        <listOfProducts>
          <speciesReference species="S5" stoichiometry="1" constant="true"/>
        </listOfProducts>
        <listOfModifiers>
          <modifierSpeciesReference species="S21"/>
        </listOfModifiers>
        <kineticLaw>
          <math xmlns="http://www.w3.org/1998/Math/MathML">
            <apply>
              <divide/>
              <apply>
                <times/>
                <ci> S21 </ci>
                <apply>
                  <minus/>
                  <apply>
                    <divide/>
                    <apply>
                      <times/>
                      <ci> kf_J24 </ci>
                      <ci> S11 </ci>
                    </apply>
                    <ci> K1_J24 </ci>
                  </apply>
                  <apply>
                    <divide/>
                    <apply>
                      <times/>
                      <ci> kr_J24 </ci>
                      <ci> S5 </ci>
                    </apply>
                    <ci> K2_J24 </ci>
                  </apply>
                </apply>
              </apply>
              <apply>
                <plus/>
                <cn type="integer"> 1 </cn>
                <apply>
                  <divide/>
                  <ci> S11 </ci>
                  <ci> K1_J24 </ci>
                </apply>
                <apply>
                  <divide/>
                  <ci> S5 </ci>
                  <ci> K2_J24 </ci>
                </apply>
              </apply>
            </apply>
          </math>
        </kineticLaw>
      </reaction>
      <reaction id="r25" reversible="false">
        <listOfReactants>
          <speciesReference species="S5" stoichiometry="1" constant="true"/>
        </listOfReactants>
        <listOfProducts>
          <speciesReference species="S12" stoichiometry="1" constant="true"/>
        </listOfProducts>
        <listOfModifiers>
          <modifierSpeciesReference species="S21"/>
        </listOfModifiers>
        <kineticLaw>
          <math xmlns="http://www.w3.org/1998/Math/MathML">
            <apply>
              <divide/>
              <apply>
                <times/>
                <ci> S21 </ci>
                <apply>
                  <minus/>
                  <apply>
                    <divide/>
                    <apply>
                      <times/>
                      <ci> kf_J25 </ci>
                      <ci> S5 </ci>
                    </apply>
                    <ci> K1_J25 </ci>
                  </apply>
                  <apply>
                    <divide/>
                    <apply>
                      <times/>
                      <ci> kr_J25 </ci>
                      <ci> S12 </ci>
                    </apply>
                    <ci> K2_J25 </ci>
                  </apply>
                </apply>
              </apply>
              <apply>
                <plus/>
                <cn type="integer"> 1 </cn>
                <apply>
                  <divide/>
                  <ci> S5 </ci>
                  <ci> K1_J25 </ci>
                </apply>
                <apply>
                  <divide/>
                  <ci> S12 </ci>
                  <ci> K2_J25 </ci>
                </apply>
              </apply>
            </apply>
          </math>
        </kineticLaw>
      </reaction>
      <reaction id="r26" reversible="false">
        <listOfReactants>
          <speciesReference species="S12" stoichiometry="1" constant="true"/>
        </listOfReactants>
        <listOfProducts>
          <speciesReference species="S5" stoichiometry="1" constant="true"/>
        </listOfProducts>
        <listOfModifiers>
          <modifierSpeciesReference species="S19"/>
        </listOfModifiers>
        <kineticLaw>
          <math xmlns="http://www.w3.org/1998/Math/MathML">
            <apply>
              <divide/>
              <apply>
                <times/>
                <ci> S19 </ci>
                <apply>
                  <minus/>
                  <apply>
                    <divide/>
                    <apply>
                      <times/>
                      <ci> kf_J26 </ci>
                      <ci> S12 </ci>
                    </apply>
                    <ci> K1_J26 </ci>
                  </apply>
                  <apply>
                    <divide/>
                    <apply>
                      <times/>
                      <ci> kr_J26 </ci>
                      <ci> S5 </ci>
                    </apply>
                    <ci> K2_J26 </ci>
                  </apply>
                </apply>
              </apply>
              <apply>
                <plus/>
                <cn type="integer"> 1 </cn>
                <apply>
                  <divide/>
                  <ci> S12 </ci>
                  <ci> K1_J26 </ci>
                </apply>
                <apply>
                  <divide/>
                  <ci> S5 </ci>
                  <ci> K2_J26 </ci>
                </apply>
              </apply>
            </apply>
          </math>
        </kineticLaw>
      </reaction>
      <reaction id="r27" reversible="false">
        <listOfReactants>
          <speciesReference species="S5" stoichiometry="1" constant="true"/>
        </listOfReactants>
        <listOfProducts>
          <speciesReference species="S11" stoichiometry="1" constant="true"/>
        </listOfProducts>
        <listOfModifiers>
          <modifierSpeciesReference species="S19"/>
        </listOfModifiers>
        <kineticLaw>
          <math xmlns="http://www.w3.org/1998/Math/MathML">
            <apply>
              <divide/>
              <apply>
                <times/>
                <ci> S19 </ci>
                <apply>
                  <minus/>
                  <apply>
                    <divide/>
                    <apply>
                      <times/>
                      <ci> kf_J27 </ci>
                      <ci> S5 </ci>
                    </apply>
                    <ci> K1_J27 </ci>
                  </apply>
                  <apply>
                    <divide/>
                    <apply>
                      <times/>
                      <ci> kr_J27 </ci>
                      <ci> S11 </ci>
                    </apply>
                    <ci> K2_J27 </ci>
                  </apply>
                </apply>
              </apply>
              <apply>
                <plus/>
                <cn type="integer"> 1 </cn>
                <apply>
                  <divide/>
                  <ci> S5 </ci>
                  <ci> K1_J27 </ci>
                </apply>
                <apply>
                  <divide/>
                  <ci> S11 </ci>
                  <ci> K2_J27 </ci>
                </apply>
              </apply>
            </apply>
          </math>
        </kineticLaw>
      </reaction>
      <reaction id="r28" reversible="false">
        <listOfReactants>
          <speciesReference species="S7" stoichiometry="1" constant="true"/>
        </listOfReactants>
        <listOfProducts>
          <speciesReference species="S3" stoichiometry="1" constant="true"/>
        </listOfProducts>
        <listOfModifiers>
          <modifierSpeciesReference species="S11"/>
        </listOfModifiers>
        <kineticLaw>
          <math xmlns="http://www.w3.org/1998/Math/MathML">
            <apply>
              <divide/>
              <apply>
                <times/>
                <ci> S11 </ci>
                <apply>
                  <minus/>
                  <apply>
                    <divide/>
                    <apply>
                      <times/>
                      <ci> kf_J28 </ci>
                      <ci> S7 </ci>
                    </apply>
                    <ci> K1_J28 </ci>
                  </apply>
                  <apply>
                    <divide/>
                    <apply>
                      <times/>
                      <ci> kr_J28 </ci>
                      <ci> S3 </ci>
                    </apply>
                    <ci> K2_J28 </ci>
                  </apply>
                </apply>
              </apply>
              <apply>
                <plus/>
                <cn type="integer"> 1 </cn>
                <apply>
                  <divide/>
                  <ci> S7 </ci>
                  <ci> K1_J28 </ci>
                </apply>
                <apply>
                  <divide/>
                  <ci> S3 </ci>
                  <ci> K2_J28 </ci>
                </apply>
              </apply>
            </apply>
          </math>
        </kineticLaw>
      </reaction>
      <reaction id="r29" reversible="false">
        <listOfReactants>
          <speciesReference species="S3" stoichiometry="1" constant="true"/>
        </listOfReactants>
        <listOfProducts>
          <speciesReference species="S23" stoichiometry="1" constant="true"/>
        </listOfProducts>
        <listOfModifiers>
          <modifierSpeciesReference species="S11"/>
        </listOfModifiers>
        <kineticLaw>
          <math xmlns="http://www.w3.org/1998/Math/MathML">
            <apply>
              <divide/>
              <apply>
                <times/>
                <ci> S11 </ci>
                <apply>
                  <minus/>
                  <apply>
                    <divide/>
                    <apply>
                      <times/>
                      <ci> kf_J29 </ci>
                      <ci> S3 </ci>
                    </apply>
                    <ci> K1_J29 </ci>
                  </apply>
                  <apply>
                    <divide/>
                    <apply>
                      <times/>
                      <ci> kr_J29 </ci>
                      <ci> S23 </ci>
                    </apply>
                    <ci> K2_J29 </ci>
                  </apply>
                </apply>
              </apply>
              <apply>
                <plus/>
                <cn type="integer"> 1 </cn>
                <apply>
                  <divide/>
                  <ci> S3 </ci>
                  <ci> K1_J29 </ci>
                </apply>
                <apply>
                  <divide/>
                  <ci> S23 </ci>
                  <ci> K2_J29 </ci>
                </apply>
              </apply>
            </apply>
          </math>
        </kineticLaw>
      </reaction>
      <reaction id="r30" reversible="false">
        <listOfReactants>
          <speciesReference species="S23" stoichiometry="1" constant="true"/>
        </listOfReactants>
        <listOfProducts>
          <speciesReference species="S3" stoichiometry="1" constant="true"/>
        </listOfProducts>
        <listOfModifiers>
          <modifierSpeciesReference species="S12"/>
        </listOfModifiers>
        <kineticLaw>
          <math xmlns="http://www.w3.org/1998/Math/MathML">
            <apply>
              <divide/>
              <apply>
                <times/>
                <ci> S12 </ci>
                <apply>
                  <minus/>
                  <apply>
                    <divide/>
                    <apply>
                      <times/>
                      <ci> kf_J30 </ci>
                      <ci> S23 </ci>
                    </apply>
                    <ci> K1_J30 </ci>
                  </apply>
                  <apply>
                    <divide/>
                    <apply>
                      <times/>
                      <ci> kr_J30 </ci>
                      <ci> S3 </ci>
                    </apply>
                    <ci> K2_J30 </ci>
                  </apply>
                </apply>
              </apply>
              <apply>
                <plus/>
                <cn type="integer"> 1 </cn>
                <apply>
                  <divide/>
                  <ci> S23 </ci>
                  <ci> K1_J30 </ci>
                </apply>
                <apply>
                  <divide/>
                  <ci> S3 </ci>
                  <ci> K2_J30 </ci>
                </apply>
              </apply>
            </apply>
          </math>
        </kineticLaw>
      </reaction>
      <reaction id="r31" reversible="false">
        <listOfReactants>
          <speciesReference species="S3" stoichiometry="1" constant="true"/>
        </listOfReactants>
        <listOfProducts>
          <speciesReference species="S7" stoichiometry="1" constant="true"/>
        </listOfProducts>
        <listOfModifiers>
          <modifierSpeciesReference species="S12"/>
        </listOfModifiers>
        <kineticLaw>
          <math xmlns="http://www.w3.org/1998/Math/MathML">
            <apply>
              <divide/>
              <apply>
                <times/>
                <ci> S12 </ci>
                <apply>
                  <minus/>
                  <apply>
                    <divide/>
                    <apply>
                      <times/>
                      <ci> kf_J31 </ci>
                      <ci> S3 </ci>
                    </apply>
                    <ci> K1_J31 </ci>
                  </apply>
                  <apply>
                    <divide/>
                    <apply>
                      <times/>
                      <ci> kr_J31 </ci>
                      <ci> S7 </ci>
                    </apply>
                    <ci> K2_J31 </ci>
                  </apply>
                </apply>
              </apply>
              <apply>
                <plus/>
                <cn type="integer"> 1 </cn>
                <apply>
                  <divide/>
                  <ci> S3 </ci>
                  <ci> K1_J31 </ci>
                </apply>
                <apply>
                  <divide/>
                  <ci> S7 </ci>
                  <ci> K2_J31 </ci>
                </apply>
              </apply>
            </apply>
          </math>
        </kineticLaw>
      </reaction>
      <reaction id="r32" reversible="false">
        <listOfReactants>
          <speciesReference species="S7" stoichiometry="1" constant="true"/>
        </listOfReactants>
        <listOfProducts>
          <speciesReference species="S21" stoichiometry="1" constant="true"/>
        </listOfProducts>
        <listOfModifiers>
          <modifierSpeciesReference species="S23"/>
        </listOfModifiers>
        <kineticLaw>
          <math xmlns="http://www.w3.org/1998/Math/MathML">
            <apply>
              <divide/>
              <apply>
                <times/>
                <ci> S23 </ci>
                <apply>
                  <minus/>
                  <apply>
                    <divide/>
                    <apply>
                      <times/>
                      <ci> kf_J32 </ci>
                      <ci> S7 </ci>
                    </apply>
                    <ci> K1_J32 </ci>
                  </apply>
                  <apply>
                    <divide/>
                    <apply>
                      <times/>
                      <ci> kr_J32 </ci>
                      <ci> S21 </ci>
                    </apply>
                    <ci> K2_J32 </ci>
                  </apply>
                </apply>
              </apply>
              <apply>
                <plus/>
                <cn type="integer"> 1 </cn>
                <apply>
                  <divide/>
                  <ci> S7 </ci>
                  <ci> K1_J32 </ci>
                </apply>
                <apply>
                  <divide/>
                  <ci> S21 </ci>
                  <ci> K2_J32 </ci>
                </apply>
              </apply>
            </apply>
          </math>
        </kineticLaw>
      </reaction>
      <reaction id="r33" reversible="false">
        <listOfReactants>
          <speciesReference species="S21" stoichiometry="1" constant="true"/>
        </listOfReactants>
        <listOfProducts>
          <speciesReference species="S21" stoichiometry="1" constant="true"/>
        </listOfProducts>
        <kineticLaw>
          <math xmlns="http://www.w3.org/1998/Math/MathML">
            <apply>
              <divide/>
              <apply>
                <times/>
                <ci> S21 </ci>
                <apply>
                  <minus/>
                  <apply>
                    <divide/>
                    <apply>
                      <times/>
                      <ci> kf_J33 </ci>
                      <ci> S21 </ci>
                    </apply>
                    <ci> K1_J33 </ci>
                  </apply>
                  <apply>
                    <divide/>
                    <apply>
                      <times/>
                      <ci> kr_J33 </ci>
                      <ci> S21 </ci>
                    </apply>
                    <ci> K2_J33 </ci>
                  </apply>
                </apply>
              </apply>
              <apply>
                <plus/>
                <cn type="integer"> 1 </cn>
                <apply>
                  <divide/>
                  <ci> S21 </ci>
                  <ci> K1_J33 </ci>
                </apply>
                <apply>
                  <divide/>
                  <ci> S21 </ci>
                  <ci> K2_J33 </ci>
                </apply>
              </apply>
            </apply>
          </math>
        </kineticLaw>
      </reaction>
      <reaction id="r34" reversible="false">
        <listOfReactants>
          <speciesReference species="S21" stoichiometry="1" constant="true"/>
        </listOfReactants>
        <listOfProducts>
          <speciesReference species="S21" stoichiometry="1" constant="true"/>
        </listOfProducts>
        <kineticLaw>
          <math xmlns="http://www.w3.org/1998/Math/MathML">
            <apply>
              <divide/>
              <apply>
                <times/>
                <ci> S21 </ci>
                <apply>
                  <minus/>
                  <apply>
                    <divide/>
                    <apply>
                      <times/>
                      <ci> kf_J34 </ci>
                      <ci> S21 </ci>
                    </apply>
                    <ci> K1_J34 </ci>
                  </apply>
                  <apply>
                    <divide/>
                    <apply>
                      <times/>
                      <ci> kr_J34 </ci>
                      <ci> S21 </ci>
                    </apply>
                    <ci> K2_J34 </ci>
                  </apply>
                </apply>
              </apply>
              <apply>
                <plus/>
                <cn type="integer"> 1 </cn>
                <apply>
                  <divide/>
                  <ci> S21 </ci>
                  <ci> K1_J34 </ci>
                </apply>
                <apply>
                  <divide/>
                  <ci> S21 </ci>
                  <ci> K2_J34 </ci>
                </apply>
              </apply>
            </apply>
          </math>
        </kineticLaw>
      </reaction>
      <reaction id="r35" reversible="false">
        <listOfReactants>
          <speciesReference species="S21" stoichiometry="1" constant="true"/>
          <speciesReference species="S21" stoichiometry="1" constant="true"/>
        </listOfReactants>
        <listOfProducts>
          <speciesReference species="S18" stoichiometry="1" constant="true"/>
          <speciesReference species="S20" stoichiometry="1" constant="true"/>
        </listOfProducts>
        <kineticLaw>
          <math xmlns="http://www.w3.org/1998/Math/MathML">
            <apply>
              <minus/>
              <apply>
                <times/>
                <ci> kf_J35 </ci>
                <ci> S21 </ci>
                <ci> S21 </ci>
              </apply>
              <apply>
                <times/>
                <ci> kr_J35 </ci>
                <ci> S18 </ci>
                <ci> S20 </ci>
              </apply>
            </apply>
          </math>
        </kineticLaw>
      </reaction>
    </listOfReactions>
  </model>
</sbml>
