<?xml version="1.0" encoding="UTF-8"?>
<sbml xmlns="http://www.sbml.org/sbml/level3/version2/core" level="3" version="2">
  <model>
    <listOfCompartments>
      <compartment id="compartment" size="1" constant="false"/>
    </listOfCompartments>
    <listOfSpecies>
      <species id="S1" compartment="compartment" initialAmount="0.101388082322725" hasOnlySubstanceUnits="true" boundaryCondition="false" constant="false"/>
      <species id="S2" compartment="compartment" initialAmount="3.95006872490516" hasOnlySubstanceUnits="true" boundaryCondition="false" constant="false"/>
      <species id="S3" compartment="compartment" initialAmount="0.805946473977885" hasOnlySubstanceUnits="true" boundaryCondition="false" constant="false"/>
      <species id="S4" compartment="compartment" initialAmount="0.517197786938095" hasOnlySubstanceUnits="true" boundaryCondition="false" constant="false"/>
      <species id="S5" compartment="compartment" initialAmount="0.10697234986524" hasOnlySubstanceUnits="true" boundaryCondition="false" constant="false"/>
      <species id="S6" compartment="compartment" initialAmount="0.00259852871263811" hasOnlySubstanceUnits="true" boundaryCondition="false" constant="false"/>
      <species id="S7" compartment="compartment" initialAmount="0.788989941060636" hasOnlySubstanceUnits="true" boundaryCondition="false" constant="false"/>
      <species id="S8" compartment="compartment" initialAmount="0.284315532699657" hasOnlySubstanceUnits="true" boundaryCondition="false" constant="false"/>
      <species id="S9" compartment="compartment" initialAmount="0.0322709750698239" hasOnlySubstanceUnits="true" boundaryCondition="false" constant="false"/>
      <species id="S10" compartment="compartment" initialAmount="3.23027335348517" hasOnlySubstanceUnits="true" boundaryCondition="false" constant="false"/>
      <species id="S11" compartment="compartment" initialAmount="4.83219205058584" hasOnlySubstanceUnits="true" boundaryCondition="false" constant="false"/>
      <species id="S12" compartment="compartment" initialAmount="0.731462333423848" hasOnlySubstanceUnits="true" boundaryCondition="false" constant="false"/>
      <species id="S13" compartment="compartment" initialAmount="0.724706232374121" hasOnlySubstanceUnits="true" boundaryCondition="false" constant="false"/>
      <species id="S14" compartment="compartment" initialAmount="2.02164638018861" hasOnlySubstanceUnits="true" boundaryCondition="false" constant="false"/>
      <species id="S15" compartment="compartment" initialAmount="0.782357478127019" hasOnlySubstanceUnits="true" boundaryCondition="false" constant="false"/>
      <species id="S16" compartment="compartment" initialAmount="0.101086293410379" hasOnlySubstanceUnits="true" boundaryCondition="false" constant="false"/>
      <species id="S17" compartment="compartment" initialAmount="0.222729947495495" hasOnlySubstanceUnits="true" boundaryCondition="false" constant="false"/>
      <species id="S18" compartment="compartment" initialAmount="0.230859427107361" hasOnlySubstanceUnits="true" boundaryCondition="false" constant="false"/>
      <species id="S19" compartment="compartment" initialAmount="4.552604837633" hasOnlySubstanceUnits="true" boundaryCondition="true" constant="false"/>
      <species id="S20" compartment="compartment" initialAmount="0.157110618078842" hasOnlySubstanceUnits="true" boundaryCondition="false" constant="false"/>
      <species id="S21" compartment="compartment" initialAmount="0.315470944656633" hasOnlySubstanceUnits="true" boundaryCondition="false" constant="false"/>
      <species id="S22" compartment="compartment" initialAmount="8.12897272620058" hasOnlySubstanceUnits="true" boundaryCondition="false" constant="false"/>
      <species id="S23" compartment="compartment" initialAmount="4.22062513418664" hasOnlySubstanceUnits="true" boundaryCondition="true" constant="false"/>
      <species id="S24" compartment="compartment" initialAmount="9.89038667507944" hasOnlySubstanceUnits="true" boundaryCondition="true" constant="false"/>
      <species id="S25" compartment="compartment" initialAmount="4.4197857352943" hasOnlySubstanceUnits="true" boundaryCondition="true" constant="false"/>
      <species id="S_in" compartment="compartment" initialAmount="13.2224177771912" hasOnlySubstanceUnits="true" boundaryCondition="true" constant="false"/>
      <species id="S_out" compartment="compartment" initialAmount="0.251602535181655" hasOnlySubstanceUnits="true" boundaryCondition="false" constant="false"/>
    </listOfSpecies>
    <listOfParameters>
      <parameter id="kf_J1" value="0.90772411409485" constant="false"/>
      <parameter id="kr_J1" value="0.664419543125624" constant="false"/>
      <parameter id="kf_J2" value="0.805604334541484" constant="false"/>
      <parameter id="kr_J2" value="0.443951757009556" constant="false"/>
      <parameter id="K1_J2" value="0.786684819100387" constant="false"/>
      <parameter id="K2_J2" value="0.408222947770747" constant="false"/>
      <parameter id="kf_J3" value="0.926375098591118" constant="false"/>
      <parameter id="kr_J3" value="0.162925984446672" constant="false"/>
      <parameter id="K1_J3" value="0.0175035924436719" constant="false"/>
      <parameter id="K2_J3" value="0.543655035630824" constant="false"/>
      <parameter id="kf_J4" value="0.862930229783353" constant="false"/>
      <parameter id="kr_J4" value="0.786399393688747" constant="false"/>
      <parameter id="kf_J5" value="0.896888337223298" constant="false"/>
      <parameter id="kr_J5" value="0.265652586022228" constant="false"/>
      <parameter id="K1_J5" value="0.277412566463263" constant="false"/>
      <parameter id="K2_J5" value="0.890642501196146" constant="false"/>
      <parameter id="kf_J6" value="0.662393475444797" constant="false"/>
      <parameter id="kr_J6" value="0.394701608499737" constant="false"/>
      <parameter id="K1_J6" value="0.708424978659451" constant="false"/>
      <parameter id="K2_J6" value="0.167037795157832" constant="false"/>
      <parameter id="kf_J7" value="0.694081409737776" constant="false"/>
      <parameter id="kr_J7" value="0.767620224423368" constant="false"/>
      <parameter id="K1_J7" value="0.064147256118831" constant="false"/>
      <parameter id="K2_J7" value="0.970727085223278" constant="false"/>
      <parameter id="kf_J8" value="0.696274437767036" constant="false"/>
      <parameter id="kr_J8" value="0.723844969689118" constant="false"/>
      <parameter id="K1_J8" value="0.154229975756911" constant="false"/>
      <parameter id="K2_J8" value="0.0184612948218073" constant="false"/>
      <parameter id="kf_J9" value="0.30909476059372" constant="false"/>
      <parameter id="kr_J9" value="0.900430935521018" constant="false"/>
      <parameter id="K1_J9" value="0.480211114473202" constant="false"/>
      <parameter id="K2_J9" value="0.206623569560888" constant="false"/>
      <parameter id="kf_J10" value="0.126055852146851" constant="false"/>
      <parameter id="kr_J10" value="0.0953987323572163" constant="false"/>
      <parameter id="K1_J10" value="0.997831354305711" constant="false"/>
      <parameter id="K2_J10" value="0.794073521800038" constant="false"/>
      <parameter id="kf_J11" value="0.240362993236841" constant="false"/>
      <parameter id="kr_J11" value="0.0201228671843623" constant="false"/>
      <parameter id="kf_J12" value="0.0322245926500526" constant="false"/>
      <parameter id="kr_J12" value="0.357960293301907" constant="false"/>
      <parameter id="kf_J13" value="0.337235794019205" constant="false"/>
      <parameter id="kr_J13" value="0.177801990683425" constant="false"/>
      <parameter id="kf_J14" value="0.453537486832197" constant="false"/>
      <parameter id="kr_J14" value="0.403644402009864" constant="false"/>
      <parameter id="K1_J14" value="0.951636321746287" constant="false"/>
      <parameter id="K2_J14" value="0.216505800833956" constant="false"/>
      <parameter id="kf_J15" value="0.716044986182452" constant="false"/>
      <parameter id="kr_J15" value="0.120821963795017" constant="false"/>
      <parameter id="K1_J15" value="0.155726857430422" constant="false"/>
      <parameter id="K2_J15" value="0.455377231889364" constant="false"/>
      <parameter id="kf_J16" value="0.545087611870046" constant="false"/>
      <parameter id="kr_J16" value="0.221910468542139" constant="false"/>
      <parameter id="K1_J16" value="0.466827142903417" constant="false"/>
      <parameter id="K2_J16" value="0.613601896195203" constant="false"/>
      <parameter id="kf_J17" value="0.333515998437329" constant="false"/>
      <parameter id="kr_J17" value="0.52019240558463" constant="false"/>
      <parameter id="K1_J17" value="0.809708517824564" constant="false"/>
      <parameter id="K2_J17" value="0.621663231847158" constant="false"/>
      <parameter id="kf_J18" value="0.854768072246966" constant="false"/>
      <parameter id="kr_J18" value="0.121741596715079" constant="false"/>
      <parameter id="K1_J18" value="0.580506129422093" constant="false"/>
      <parameter id="K2_J18" value="0.15998312482734" constant="false"/>
      <parameter id="kf_J19" value="0.845351237934193" constant="false"/>
      <parameter id="kr_J19" value="0.308632604095989" constant="false"/>
      <parameter id="K1_J19" value="0.649841882912841" constant="false"/>
      <parameter id="K2_J19" value="0.856114466584653" constant="false"/>
      <parameter id="kf_J20" value="0.69254292003992" constant="false"/>
      <parameter id="kr_J20" value="0.0440416867620272" constant="false"/>
      <parameter id="K1_J20" value="0.313036882221412" constant="false"/>
      <parameter id="K2_J20" value="0.707933374358765" constant="false"/>
      <parameter id="kf_J21" value="0.34155690627262" constant="false"/>
      <parameter id="kr_J21" value="0.161333949070505" constant="false"/>
      <parameter id="K1_J21" value="0.0206710209355754" constant="false"/>
      <parameter id="K2_J21" value="0.412077621093243" constant="false"/>
      <parameter id="kf_J22" value="0.711569118135894" constant="false"/>
      <parameter id="kr_J22" value="0.202890357224305" constant="false"/>
      <parameter id="K1_J22" value="0.702912585913576" constant="false"/>
      <parameter id="K2_J22" value="0.582929874261937" constant="false"/>
      <parameter id="kf_J23" value="0.821697570131016" constant="false"/>
      <parameter id="kr_J23" value="0.572831604796122" constant="false"/>
      <parameter id="K1_J23" value="0.842840044856914" constant="false"/>
      <parameter id="K2_J23" value="0.319304160356483" constant="false"/>
      <parameter id="kf_J24" value="0.359271593530891" constant="false"/>
      <parameter id="kr_J24" value="0.697946408590023" constant="false"/>
      <parameter id="K1_J24" value="0.73716213428859" constant="false"/>
      <parameter id="K2_J24" value="0.836366801189119" constant="false"/>
      <parameter id="kf_J25" value="0.878357479077011" constant="false"/>
      <parameter id="kr_J25" value="0.324127820520951" constant="false"/>
      <parameter id="K1_J25" value="0.236612586251358" constant="false"/>
      <parameter id="K2_J25" value="0.744148357738635" constant="false"/>
      <parameter id="kf_J26" value="0.045060913934085" constant="false"/>
      <parameter id="kr_J26" value="0.638516028796488" constant="false"/>
      <parameter id="K1_J26" value="0.179818489049427" constant="false"/>
      <parameter id="K2_J26" value="0.8821799963569" constant="false"/>
      <parameter id="kf_J27" value="0.32685100874201" constant="false"/>
      <parameter id="kr_J27" value="0.815475661210695" constant="false"/>
      <parameter id="K1_J27" value="0.873751099976827" constant="false"/>
      <parameter id="K2_J27" value="0.927409110207331" constant="false"/>
      <parameter id="kf_J28" value="0.975141437278773" constant="false"/>
      <parameter id="kr_J28" value="0.790326455218107" constant="false"/>
      <parameter id="kf_J29" value="0.907913141606267" constant="false"/>
      <parameter id="kr_J29" value="0.554837766996515" constant="false"/>
      <parameter id="kf_J30" value="0.866447714138378" constant="false"/>
      <parameter id="kr_J30" value="0.133798327045073" constant="false"/>
      <parameter id="K1_J30" value="0.000559859801137597" constant="false"/>
      <parameter id="K2_J30" value="0.0195369820263704" constant="false"/>
      <parameter id="kf_J31" value="0.661161819812927" constant="false"/>
      <parameter id="kr_J31" value="0.0436978419122294" constant="false"/>
      <parameter id="kf_J32" value="0.562464049377181" constant="false"/>
      <parameter id="kr_J32" value="0.755339781522633" constant="false"/>
      <parameter id="K1_J32" value="0.662079007946701" constant="false"/>
      <parameter id="K2_J32" value="0.124469986285614" constant="false"/>
      <parameter id="kf_J33" value="0.74828722657864" constant="false"/>
      <parameter id="kr_J33" value="0.441144957494428" constant="false"/>
      <parameter id="K1_J33" value="0.384812818079014" constant="false"/>
      <parameter id="K2_J33" value="0.192656557247096" constant="false"/>
      <parameter id="kf_J34" value="0.686855623928409" constant="false"/>
      <parameter id="kr_J34" value="0.0197832201775998" constant="false"/>
      <parameter id="kf_J35" value="0.391743955265835" constant="false"/>
      <parameter id="kr_J35" value="0.031261425319449" constant="false"/>
    </listOfParameters>
    <listOfReactions>
      <reaction id="r1" reversible="false">
        <listOfReactants>
          <speciesReference species="S_in" stoichiometry="1" constant="true"/>
          <speciesReference species="S23" stoichiometry="1" constant="true"/>
        </listOfReactants>
        <listOfProducts>
          <speciesReference species="S24" stoichiometry="1" constant="true"/>
          <speciesReference species="S25" stoichiometry="1" constant="true"/>
        </listOfProducts>
        <kineticLaw>
          <math xmlns="http://www.w3.org/1998/Math/MathML">
            <apply>
              <minus/>
              <apply>
                <times/>
                <ci> kf_J1 </ci>
                <ci> S_in </ci>
                <ci> S23 </ci>
              </apply>
              <apply>
                <times/>
                <ci> kr_J1 </ci>
                <ci> S24 </ci>
                <ci> S25 </ci>
              </apply>
            </apply>
          </math>
        </kineticLaw>
      </reaction>
      <reaction id="r2" reversible="false">
        <listOfReactants>
          <speciesReference species="S17" stoichiometry="1" constant="true"/>
        </listOfReactants>
        <listOfProducts>
          <speciesReference species="S_out" stoichiometry="1" constant="true"/>
        </listOfProducts>
        <listOfModifiers>
          <modifierSpeciesReference species="S4"/>
        </listOfModifiers>
        <kineticLaw>
          <math xmlns="http://www.w3.org/1998/Math/MathML">
            <apply>
              <divide/>
              <apply>
                <times/>
                <ci> S4 </ci>
                <apply>
                  <minus/>
                  <apply>
                    <divide/>
                    <apply>
                      <times/>
                      <ci> kf_J2 </ci>
                      <ci> S17 </ci>
                    </apply>
                    <ci> K1_J2 </ci>
                  </apply>
                  <apply>
                    <divide/>
                    <apply>
                      <times/>
                      <ci> kr_J2 </ci>
                      <ci> S_out </ci>
                    </apply>
                    <ci> K2_J2 </ci>
                  </apply>
                </apply>
              </apply>
              <apply>
                <plus/>
                <cn type="integer"> 1 </cn>
                <apply>
                  <divide/>
                  <ci> S17 </ci>
                  <ci> K1_J2 </ci>
                </apply>
                <apply>
                  <divide/>
                  <ci> S_out </ci>
                  <ci> K2_J2 </ci>
                </apply>
              </apply>
            </apply>
          </math>
        </kineticLaw>
      </reaction>
      <reaction id="r3" reversible="false">
        <listOfReactants>
          <speciesReference species="S_out" stoichiometry="1" constant="true"/>
        </listOfReactants>
        <listOfProducts>
          <speciesReference species="S17" stoichiometry="1" constant="true"/>
        </listOfProducts>
        <listOfModifiers>
          <modifierSpeciesReference species="S5"/>
        </listOfModifiers>
        <kineticLaw>
          <math xmlns="http://www.w3.org/1998/Math/MathML">
            <apply>
              <divide/>
              <apply>
                <times/>
                <ci> S5 </ci>
                <apply>
                  <minus/>
                  <apply>
                    <divide/>
                    <apply>
                      <times/>
                      <ci> kf_J3 </ci>
                      <ci> S_out </ci>
                    </apply>
                    <ci> K2_J3 </ci>
                  </apply>
                  <apply>
                    <divide/>
                    <apply>
                      <times/>
                      <ci> kr_J3 </ci>
                      <ci> S17 </ci>
                    </apply>
                    <ci> K1_J3 </ci>
                  </apply>
                </apply>
              </apply>
              <apply>
                <plus/>
                <cn type="integer"> 1 </cn>
                <apply>
                  <divide/>
                  <ci> S_out </ci>
                  <ci> K2_J3 </ci>
                </apply>
                <apply>
                  <divide/>
                  <ci> S17 </ci>
                  <ci> K1_J3 </ci>
                </apply>
              </apply>
            </apply>
          </math>
        </kineticLaw>
      </reaction>
      <reaction id="r4" reversible="false">
        <listOfReactants>
          <speciesReference species="S21" stoichiometry="1" constant="true"/>
          <speciesReference species="S16" stoichiometry="1" constant="true"/>
        </listOfReactants>
        <listOfProducts>
          <speciesReference species="S17" stoichiometry="1" constant="true"/>
          <speciesReference species="S20" stoichiometry="1" constant="true"/>
        </listOfProducts>
        <kineticLaw>
          <math xmlns="http://www.w3.org/1998/Math/MathML">
            <apply>
              <minus/>
              <apply>
                <times/>
                <ci> kf_J4 </ci>
                <ci> S21 </ci>
                <ci> S16 </ci>
              </apply>
              <apply>
                <times/>
                <ci> kr_J4 </ci>
                <ci> S17 </ci>
                <ci> S20 </ci>
              </apply>
            </apply>
          </math>
        </kineticLaw>
      </reaction>
      <reaction id="r5" reversible="false">
        <listOfReactants>
          <speciesReference species="S14" stoichiometry="1" constant="true"/>
        </listOfReactants>
        <listOfProducts>
          <speciesReference species="S8" stoichiometry="1" constant="true"/>
        </listOfProducts>
        <listOfModifiers>
          <modifierSpeciesReference species="S6"/>
        </listOfModifiers>
        <kineticLaw>
          <math xmlns="http://www.w3.org/1998/Math/MathML">
            <apply>
              <divide/>
              <apply>
                <times/>
                <ci> S6 </ci>
                <apply>
                  <minus/>
                  <apply>
                    <divide/>
                    <apply>
                      <times/>
                      <ci> kf_J5 </ci>
                      <ci> S14 </ci>
                    </apply>
                    <ci> K1_J5 </ci>
                  </apply>
                  <apply>
                    <divide/>
                    <apply>
                      <times/>
                      <ci> kr_J5 </ci>
                      <ci> S8 </ci>
                    </apply>
                    <ci> K2_J5 </ci>
                  </apply>
                </apply>
              </apply>
              <apply>
                <plus/>
                <cn type="integer"> 1 </cn>
                <apply>
                  <divide/>
                  <ci> S14 </ci>
                  <ci> K1_J5 </ci>
                </apply>
                <apply>
                  <divide/>
                  <ci> S8 </ci>
                  <ci> K2_J5 </ci>
                </apply>
              </apply>
            </apply>
          </math>
        </kineticLaw>
      </reaction>
      <reaction id="r6" reversible="false">
        <listOfReactants>
          <speciesReference species="S8" stoichiometry="1" constant="true"/>
        </listOfReactants>
        <listOfProducts>
          <speciesReference species="S14" stoichiometry="1" constant="true"/>
        </listOfProducts>
        <listOfModifiers>
          <modifierSpeciesReference species="S24"/>
        </listOfModifiers>
        <kineticLaw>
          <math xmlns="http://www.w3.org/1998/Math/MathML">
            <apply>
              <divide/>
              <apply>
                <times/>
                <ci> S24 </ci>
                <apply>
                  <minus/>
                  <apply>
                    <divide/>
                    <apply>
                      <times/>
                      <ci> kf_J6 </ci>
                      <ci> S8 </ci>
                    </apply>
                    <ci> K2_J6 </ci>
                  </apply>
                  <apply>
                    <divide/>
                    <apply>
                      <times/>
                      <ci> kr_J6 </ci>
                      <ci> S14 </ci>
                    </apply>
                    <ci> K1_J6 </ci>
                  </apply>
                </apply>
              </apply>
              <apply>
                <plus/>
                <cn type="integer"> 1 </cn>
                <apply>
                  <divide/>
                  <ci> S8 </ci>
                  <ci> K2_J6 </ci>
                </apply>
                <apply>
                  <divide/>
                  <ci> S14 </ci>
                  <ci> K1_J6 </ci>
                </apply>
              </apply>
            </apply>
          </math>
        </kineticLaw>
      </reaction>
      <reaction id="r7" reversible="false">
        <listOfReactants>
          <speciesReference species="S20" stoichiometry="1" constant="true"/>
        </listOfReactants>
        <listOfProducts>
          <speciesReference species="S13" stoichiometry="1" constant="true"/>
        </listOfProducts>
        <listOfModifiers>
          <modifierSpeciesReference species="S8"/>
        </listOfModifiers>
        <kineticLaw>
          <math xmlns="http://www.w3.org/1998/Math/MathML">
            <apply>
              <divide/>
              <apply>
                <times/>
                <ci> S8 </ci>
                <apply>
                  <minus/>
                  <apply>
                    <divide/>
                    <apply>
                      <times/>
                      <ci> kf_J7 </ci>
                      <ci> S20 </ci>
                    </apply>
                    <ci> K1_J7 </ci>
                  </apply>
                  <apply>
                    <divide/>
                    <apply>
                      <times/>
                      <ci> kr_J7 </ci>
                      <ci> S13 </ci>
                    </apply>
                    <ci> K2_J7 </ci>
                  </apply>
                </apply>
              </apply>
              <apply>
                <plus/>
                <cn type="integer"> 1 </cn>
                <apply>
                  <divide/>
                  <ci> S20 </ci>
                  <ci> K1_J7 </ci>
                </apply>
                <apply>
                  <divide/>
                  <ci> S13 </ci>
                  <ci> K2_J7 </ci>
                </apply>
              </apply>
            </apply>
          </math>
        </kineticLaw>
      </reaction>
      <reaction id="r8" reversible="false">
        <listOfReactants>
          <speciesReference species="S13" stoichiometry="1" constant="true"/>
        </listOfReactants>
        <listOfProducts>
          <speciesReference species="S10" stoichiometry="1" constant="true"/>
        </listOfProducts>
        <listOfModifiers>
          <modifierSpeciesReference species="S8"/>
        </listOfModifiers>
        <kineticLaw>
          <math xmlns="http://www.w3.org/1998/Math/MathML">
            <apply>
              <divide/>
              <apply>
                <times/>
                <ci> S8 </ci>
                <apply>
                  <minus/>
                  <apply>
                    <divide/>
                    <apply>
                      <times/>
                      <ci> kf_J8 </ci>
                      <ci> S13 </ci>
                    </apply>
                    <ci> K1_J8 </ci>
                  </apply>
                  <apply>
                    <divide/>
                    <apply>
                      <times/>
                      <ci> kr_J8 </ci>
                      <ci> S10 </ci>
                    </apply>
                    <ci> K2_J8 </ci>
                  </apply>
                </apply>
              </apply>
              <apply>
                <plus/>
                <cn type="integer"> 1 </cn>
                <apply>
                  <divide/>
                  <ci> S13 </ci>
                  <ci> K1_J8 </ci>
                </apply>
                <apply>
                  <divide/>
                  <ci> S10 </ci>
                  <ci> K2_J8 </ci>
                </apply>
              </apply>
            </apply>
          </math>
        </kineticLaw>
      </reaction>
      <reaction id="r9" reversible="false">
        <listOfReactants>
          <speciesReference species="S10" stoichiometry="1" constant="true"/>
        </listOfReactants>
        <listOfProducts>
          <speciesReference species="S13" stoichiometry="1" constant="true"/>
        </listOfProducts>
        <listOfModifiers>
          <modifierSpeciesReference species="S14"/>
        </listOfModifiers>
        <kineticLaw>
          <math xmlns="http://www.w3.org/1998/Math/MathML">
            <apply>
              <divide/>
              <apply>
                <times/>
                <ci> S14 </ci>
                <apply>
                  <minus/>
                  <apply>
                    <divide/>
                    <apply>
                      <times/>
                      <ci> kf_J9 </ci>
                      <ci> S10 </ci>
                    </apply>
                    <ci> K1_J9 </ci>
                  </apply>
                  <apply>
                    <divide/>
                    <apply>
                      <times/>
                      <ci> kr_J9 </ci>
                      <ci> S13 </ci>
                    </apply>
                    <ci> K2_J9 </ci>
                  </apply>
                </apply>
              </apply>
              <apply>
                <plus/>
                <cn type="integer"> 1 </cn>
                <apply>
                  <divide/>
                  <ci> S10 </ci>
                  <ci> K1_J9 </ci>
                </apply>
                <apply>
                  <divide/>
                  <ci> S13 </ci>
                  <ci> K2_J9 </ci>
                </apply>
              </apply>
            </apply>
          </math>
        </kineticLaw>
      </reaction>
      <reaction id="r10" reversible="false">
        <listOfReactants>
          <speciesReference species="S13" stoichiometry="1" constant="true"/>
        </listOfReactants>
        <listOfProducts>
          <speciesReference species="S20" stoichiometry="1" constant="true"/>
        </listOfProducts>
        <listOfModifiers>
          <modifierSpeciesReference species="S14"/>
        </listOfModifiers>
        <kineticLaw>
          <math xmlns="http://www.w3.org/1998/Math/MathML">
            <apply>
              <divide/>
              <apply>
                <times/>
                <ci> S14 </ci>
                <apply>
                  <minus/>
                  <apply>
                    <divide/>
                    <apply>
                      <times/>
                      <ci> kf_J10 </ci>
                      <ci> S13 </ci>
                    </apply>
                    <ci> K1_J10 </ci>
                  </apply>
                  <apply>
                    <divide/>
                    <apply>
                      <times/>
                      <ci> kr_J10 </ci>
                      <ci> S20 </ci>
                    </apply>
                    <ci> K2_J10 </ci>
                  </apply>
                </apply>
              </apply>
              <apply>
                <plus/>
                <cn type="integer"> 1 </cn>
                <apply>
                  <divide/>
                  <ci> S13 </ci>
                  <ci> K1_J10 </ci>
                </apply>
                <apply>
                  <divide/>
                  <ci> S20 </ci>
                  <ci> K2_J10 </ci>
                </apply>
              </apply>
            </apply>
          </math>
        </kineticLaw>
      </reaction>
      <reaction id="r11" reversible="false">
        <listOfReactants>
          <speciesReference species="S20" stoichiometry="1" constant="true"/>
        </listOfReactants>
        <listOfProducts>
          <speciesReference species="S22" stoichiometry="1" constant="true"/>
          <speciesReference species="S18" stoichiometry="1" constant="true"/>
        </listOfProducts>
        <kineticLaw>
          <math xmlns="http://www.w3.org/1998/Math/MathML">
            <apply>
              <minus/>
              <apply>
                <times/>
                <ci> kf_J11 </ci>
                <ci> S20 </ci>
              </apply>
              <apply>
                <times/>
                <ci> kr_J11 </ci>
                <ci> S22 </ci>
                <ci> S18 </ci>
              </apply>
            </apply>
          </math>
        </kineticLaw>
      </reaction>
      <reaction id="r12" reversible="false">
        <listOfReactants>
          <speciesReference species="S22" stoichiometry="1" constant="true"/>
          <speciesReference species="S21" stoichiometry="1" constant="true"/>
        </listOfReactants>
        <listOfProducts>
          <speciesReference species="S18" stoichiometry="1" constant="true"/>
        </listOfProducts>
        <kineticLaw>
          <math xmlns="http://www.w3.org/1998/Math/MathML">
            <apply>
              <minus/>
              <apply>
                <times/>
                <ci> kf_J12 </ci>
                <ci> S22 </ci>
                <ci> S21 </ci>
              </apply>
              <apply>
                <times/>
                <ci> kr_J12 </ci>
                <ci> S18 </ci>
              </apply>
            </apply>
          </math>
        </kineticLaw>
      </reaction>
      <reaction id="r13" reversible="false">
        <listOfReactants>
          <speciesReference species="S18" stoichiometry="1" constant="true"/>
          <speciesReference species="S18" stoichiometry="1" constant="true"/>
        </listOfReactants>
        <listOfProducts>
          <speciesReference species="S16" stoichiometry="1" constant="true"/>
        </listOfProducts>
        <kineticLaw>
          <math xmlns="http://www.w3.org/1998/Math/MathML">
            <apply>
              <minus/>
              <apply>
                <times/>
                <ci> kf_J13 </ci>
                <ci> S18 </ci>
                <ci> S18 </ci>
              </apply>
              <apply>
                <times/>
                <ci> kr_J13 </ci>
                <ci> S16 </ci>
              </apply>
            </apply>
          </math>
        </kineticLaw>
      </reaction>
      <reaction id="r14" reversible="false">
        <listOfReactants>
          <speciesReference species="S11" stoichiometry="1" constant="true"/>
        </listOfReactants>
        <listOfProducts>
          <speciesReference species="S22" stoichiometry="1" constant="true"/>
        </listOfProducts>
        <listOfModifiers>
          <modifierSpeciesReference species="S16"/>
        </listOfModifiers>
        <kineticLaw>
          <math xmlns="http://www.w3.org/1998/Math/MathML">
            <apply>
              <divide/>
              <apply>
                <times/>
                <ci> S16 </ci>
                <apply>
                  <minus/>
                  <apply>
                    <divide/>
                    <apply>
                      <times/>
                      <ci> kf_J14 </ci>
                      <ci> S11 </ci>
                    </apply>
                    <ci> K1_J14 </ci>
                  </apply>
                  <apply>
                    <divide/>
                    <apply>
                      <times/>
                      <ci> kr_J14 </ci>
                      <ci> S22 </ci>
                    </apply>
                    <ci> K2_J14 </ci>
                  </apply>
                </apply>
              </apply>
              <apply>
                <plus/>
                <cn type="integer"> 1 </cn>
                <apply>
                  <divide/>
                  <ci> S11 </ci>
                  <ci> K1_J14 </ci>
                </apply>
                <apply>
                  <divide/>
                  <ci> S22 </ci>
                  <ci> K2_J14 </ci>
                </apply>
              </apply>
            </apply>
          </math>
        </kineticLaw>
      </reaction>
      <reaction id="r15" reversible="false">
        <listOfReactants>
          <speciesReference species="S22" stoichiometry="1" constant="true"/>
        </listOfReactants>
        <listOfProducts>
          <speciesReference species="S2" stoichiometry="1" constant="true"/>
        </listOfProducts>
        <listOfModifiers>
          <modifierSpeciesReference species="S16"/>
        </listOfModifiers>
        <kineticLaw>
          <math xmlns="http://www.w3.org/1998/Math/MathML">
            <apply>
              <divide/>
              <apply>
                <times/>
                <ci> S16 </ci>
                <apply>
                  <minus/>
                  <apply>
                    <divide/>
                    <apply>
                      <times/>
                      <ci> kf_J15 </ci>
                      <ci> S22 </ci>
                    </apply>
                    <ci> K1_J15 </ci>
                  </apply>
                  <apply>
                    <divide/>
                    <apply>
                      <times/>
                      <ci> kr_J15 </ci>
                      <ci> S2 </ci>
                    </apply>
                    <ci> K2_J15 </ci>
                  </apply>
                </apply>
              </apply>
              <apply>
                <plus/>
                <cn type="integer"> 1 </cn>
                <apply>
                  <divide/>
                  <ci> S22 </ci>
                  <ci> K1_J15 </ci>
                </apply>
                <apply>
                  <divide/>
                  <ci> S2 </ci>
                  <ci> K2_J15 </ci>
                </apply>
              </apply>
            </apply>
          </math>
        </kineticLaw>
      </reaction>
      <reaction id="r16" reversible="false">
        <listOfReactants>
          <speciesReference species="S2" stoichiometry="1" constant="true"/>
        </listOfReactants>
        <listOfProducts>
          <speciesReference species="S22" stoichiometry="1" constant="true"/>
        </listOfProducts>
        <listOfModifiers>
          <modifierSpeciesReference species="S3"/>
        </listOfModifiers>
        <kineticLaw>
          <math xmlns="http://www.w3.org/1998/Math/MathML">
            <apply>
              <divide/>
              <apply>
                <times/>
                <ci> S3 </ci>
                <apply>
                  <minus/>
                  <apply>
                    <divide/>
                    <apply>
                      <times/>
                      <ci> kf_J16 </ci>
                      <ci> S2 </ci>
                    </apply>
                    <ci> K1_J16 </ci>
                  </apply>
                  <apply>
                    <divide/>
                    <apply>
                      <times/>
                      <ci> kr_J16 </ci>
                      <ci> S22 </ci>
                    </apply>
                    <ci> K2_J16 </ci>
                  </apply>
                </apply>
              </apply>
              <apply>
                <plus/>
                <cn type="integer"> 1 </cn>
                <apply>
                  <divide/>
                  <ci> S2 </ci>
                  <ci> K1_J16 </ci>
                </apply>
                <apply>
                  <divide/>
                  <ci> S22 </ci>
                  <ci> K2_J16 </ci>
                </apply>
              </apply>
            </apply>
          </math>
        </kineticLaw>
      </reaction>
      <reaction id="r17" reversible="false">
        <listOfReactants>
          <speciesReference species="S22" stoichiometry="1" constant="true"/>
        </listOfReactants>
        <listOfProducts>
          <speciesReference species="S11" stoichiometry="1" constant="true"/>
        </listOfProducts>
        <listOfModifiers>
          <modifierSpeciesReference species="S3"/>
        </listOfModifiers>
        <kineticLaw>
          <math xmlns="http://www.w3.org/1998/Math/MathML">
            <apply>
              <divide/>
              <apply>
                <times/>
                <ci> S3 </ci>
                <apply>
                  <minus/>
                  <apply>
                    <divide/>
                    <apply>
                      <times/>
                      <ci> kf_J17 </ci>
                      <ci> S22 </ci>
                    </apply>
                    <ci> K1_J17 </ci>
                  </apply>
                  <apply>
                    <divide/>
                    <apply>
                      <times/>
                      <ci> kr_J17 </ci>
                      <ci> S11 </ci>
                    </apply>
                    <ci> K2_J17 </ci>
                  </apply>
                </apply>
              </apply>
              <apply>
                <plus/>
                <cn type="integer"> 1 </cn>
                <apply>
                  <divide/>
                  <ci> S22 </ci>
                  <ci> K1_J17 </ci>
                </apply>
                <apply>
                  <divide/>
                  <ci> S11 </ci>
                  <ci> K2_J17 </ci>
                </apply>
              </apply>
            </apply>
          </math>
        </kineticLaw>
      </reaction>
      <reaction id="r18" reversible="false">
        <listOfReactants>
          <speciesReference species="S1" stoichiometry="1" constant="true"/>
        </listOfReactants>
        <listOfProducts>
          <speciesReference species="S8" stoichiometry="1" constant="true"/>
        </listOfProducts>
        <listOfModifiers>
          <modifierSpeciesReference species="S11"/>
        </listOfModifiers>
        <kineticLaw>
          <math xmlns="http://www.w3.org/1998/Math/MathML">
            <apply>
              <divide/>
              <apply>
                <times/>
                <ci> S11 </ci>
                <apply>
                  <minus/>
                  <apply>
                    <divide/>
                    <apply>
                      <times/>
                      <ci> kf_J18 </ci>
                      <ci> S1 </ci>
                    </apply>
                    <ci> K1_J18 </ci>
                  </apply>
                  <apply>
                    <divide/>
                    <apply>
                      <times/>
                      <ci> kr_J18 </ci>
                      <ci> S8 </ci>
                    </apply>
                    <ci> K2_J18 </ci>
                  </apply>
                </apply>
              </apply>
              <apply>
                <plus/>
                <cn type="integer"> 1 </cn>
                <apply>
                  <divide/>
                  <ci> S1 </ci>
                  <ci> K1_J18 </ci>
                </apply>
                <apply>
                  <divide/>
                  <ci> S8 </ci>
                  <ci> K2_J18 </ci>
                </apply>
              </apply>
            </apply>
          </math>
        </kineticLaw>
      </reaction>
      <reaction id="r19" reversible="false">
        <listOfReactants>
          <speciesReference species="S8" stoichiometry="1" constant="true"/>
        </listOfReactants>
        <listOfProducts>
          <speciesReference species="S1" stoichiometry="1" constant="true"/>
        </listOfProducts>
        <listOfModifiers>
          <modifierSpeciesReference species="S6"/>
        </listOfModifiers>
        <kineticLaw>
          <math xmlns="http://www.w3.org/1998/Math/MathML">
            <apply>
              <divide/>
              <apply>
                <times/>
                <ci> S6 </ci>
                <apply>
                  <minus/>
                  <apply>
                    <divide/>
                    <apply>
                      <times/>
                      <ci> kf_J19 </ci>
                      <ci> S8 </ci>
                    </apply>
                    <ci> K2_J19 </ci>
                  </apply>
                  <apply>
                    <divide/>
                    <apply>
                      <times/>
                      <ci> kr_J19 </ci>
                      <ci> S1 </ci>
                    </apply>
                    <ci> K1_J19 </ci>
                  </apply>
                </apply>
              </apply>
              <apply>
                <plus/>
                <cn type="integer"> 1 </cn>
                <apply>
                  <divide/>
                  <ci> S8 </ci>
                  <ci> K2_J19 </ci>
                </apply>
                <apply>
                  <divide/>
                  <ci> S1 </ci>
                  <ci> K1_J19 </ci>
                </apply>
              </apply>
            </apply>
          </math>
        </kineticLaw>
      </reaction>
      <reaction id="r20" reversible="false">
        <listOfReactants>
          <speciesReference species="S6" stoichiometry="1" constant="true"/>
        </listOfReactants>
        <listOfProducts>
          <speciesReference species="S9" stoichiometry="1" constant="true"/>
        </listOfProducts>
        <listOfModifiers>
          <modifierSpeciesReference species="S12"/>
        </listOfModifiers>
        <kineticLaw>
          <math xmlns="http://www.w3.org/1998/Math/MathML">
            <apply>
              <divide/>
              <apply>
                <times/>
                <ci> S12 </ci>
                <apply>
                  <minus/>
                  <apply>
                    <divide/>
                    <apply>
                      <times/>
                      <ci> kf_J20 </ci>
                      <ci> S6 </ci>
                    </apply>
                    <ci> K1_J20 </ci>
                  </apply>
                  <apply>
                    <divide/>
                    <apply>
                      <times/>
                      <ci> kr_J20 </ci>
                      <ci> S9 </ci>
                    </apply>
                    <ci> K2_J20 </ci>
                  </apply>
                </apply>
              </apply>
              <apply>
                <plus/>
                <cn type="integer"> 1 </cn>
                <apply>
                  <divide/>
                  <ci> S6 </ci>
                  <ci> K1_J20 </ci>
                </apply>
                <apply>
                  <divide/>
                  <ci> S9 </ci>
                  <ci> K2_J20 </ci>
                </apply>
              </apply>
            </apply>
          </math>
        </kineticLaw>
      </reaction>
      <reaction id="r21" reversible="false">
        <listOfReactants>
          <speciesReference species="S9" stoichiometry="1" constant="true"/>
        </listOfReactants>
        <listOfProducts>
          <speciesReference species="S7" stoichiometry="1" constant="true"/>
        </listOfProducts>
        <listOfModifiers>
          <modifierSpeciesReference species="S12"/>
        </listOfModifiers>
        <kineticLaw>
          <math xmlns="http://www.w3.org/1998/Math/MathML">
            <apply>
              <divide/>
              <apply>
                <times/>
                <ci> S12 </ci>
                <apply>
                  <minus/>
                  <apply>
                    <divide/>
                    <apply>
                      <times/>
                      <ci> kf_J21 </ci>
                      <ci> S9 </ci>
                    </apply>
                    <ci> K1_J21 </ci>
                  </apply>
                  <apply>
                    <divide/>
                    <apply>
                      <times/>
                      <ci> kr_J21 </ci>
                      <ci> S7 </ci>
                    </apply>
                    <ci> K2_J21 </ci>
                  </apply>
                </apply>
              </apply>
              <apply>
                <plus/>
                <cn type="integer"> 1 </cn>
                <apply>
                  <divide/>
                  <ci> S9 </ci>
                  <ci> K1_J21 </ci>
                </apply>
                <apply>
                  <divide/>
                  <ci> S7 </ci>
                  <ci> K2_J21 </ci>
                </apply>
              </apply>
            </apply>
          </math>
        </kineticLaw>
      </reaction>
      <reaction id="r22" reversible="false">
        <listOfReactants>
          <speciesReference species="S7" stoichiometry="1" constant="true"/>
        </listOfReactants>
        <listOfProducts>
          <speciesReference species="S9" stoichiometry="1" constant="true"/>
        </listOfProducts>
        <listOfModifiers>
          <modifierSpeciesReference species="S1"/>
        </listOfModifiers>
        <kineticLaw>
          <math xmlns="http://www.w3.org/1998/Math/MathML">
            <apply>
              <divide/>
              <apply>
                <times/>
                <ci> S1 </ci>
                <apply>
                  <minus/>
                  <apply>
                    <divide/>
                    <apply>
                      <times/>
                      <ci> kf_J22 </ci>
                      <ci> S7 </ci>
                    </apply>
                    <ci> K1_J22 </ci>
                  </apply>
                  <apply>
                    <divide/>
                    <apply>
                      <times/>
                      <ci> kr_J22 </ci>
                      <ci> S9 </ci>
                    </apply>
                    <ci> K2_J22 </ci>
                  </apply>
                </apply>
              </apply>
              <apply>
                <plus/>
                <cn type="integer"> 1 </cn>
                <apply>
                  <divide/>
                  <ci> S7 </ci>
                  <ci> K1_J22 </ci>
                </apply>
                <apply>
                  <divide/>
                  <ci> S9 </ci>
                  <ci> K2_J22 </ci>
                </apply>
              </apply>
            </apply>
          </math>
        </kineticLaw>
      </reaction>
      <reaction id="r23" reversible="false">
        <listOfReactants>
          <speciesReference species="S9" stoichiometry="1" constant="true"/>
        </listOfReactants>
        <listOfProducts>
          <speciesReference species="S6" stoichiometry="1" constant="true"/>
        </listOfProducts>
        <listOfModifiers>
          <modifierSpeciesReference species="S1"/>
        </listOfModifiers>
        <kineticLaw>
          <math xmlns="http://www.w3.org/1998/Math/MathML">
            <apply>
              <divide/>
              <apply>
                <times/>
                <ci> S1 </ci>
                <apply>
                  <minus/>
                  <apply>
                    <divide/>
                    <apply>
                      <times/>
                      <ci> kf_J23 </ci>
                      <ci> S9 </ci>
                    </apply>
                    <ci> K1_J23 </ci>
                  </apply>
                  <apply>
                    <divide/>
                    <apply>
                      <times/>
                      <ci> kr_J23 </ci>
                      <ci> S6 </ci>
                    </apply>
                    <ci> K2_J23 </ci>
                  </apply>
                </apply>
              </apply>
              <apply>
                <plus/>
                <cn type="integer"> 1 </cn>
                <apply>
                  <divide/>
                  <ci> S9 </ci>
                  <ci> K1_J23 </ci>
                </apply>
                <apply>
                  <divide/>
                  <ci> S6 </ci>
                  <ci> K2_J23 </ci>
                </apply>
              </apply>
            </apply>
          </math>
        </kineticLaw>
      </reaction>
      <reaction id="r24" reversible="false">
        <listOfReactants>
          <speciesReference species="S18" stoichiometry="1" constant="true"/>
        </listOfReactants>
        <listOfProducts>
          <speciesReference species="S16" stoichiometry="1" constant="true"/>
        </listOfProducts>
        <listOfModifiers>
          <modifierSpeciesReference species="S7"/>
        </listOfModifiers>
        <kineticLaw>
          <math xmlns="http://www.w3.org/1998/Math/MathML">
            <apply>
              <divide/>
              <apply>
                <times/>
                <ci> S7 </ci>
                <apply>
                  <minus/>
                  <apply>
                    <divide/>
                    <apply>
                      <times/>
                      <ci> kf_J24 </ci>
                      <ci> S18 </ci>
                    </apply>
                    <ci> K1_J24 </ci>
                  </apply>
                  <apply>
                    <divide/>
                    <apply>
                      <times/>
                      <ci> kr_J24 </ci>
                      <ci> S16 </ci>
                    </apply>
                    <ci> K2_J24 </ci>
                  </apply>
                </apply>
              </apply>
              <apply>
                <plus/>
                <cn type="integer"> 1 </cn>
                <apply>
                  <divide/>
                  <ci> S18 </ci>
                  <ci> K1_J24 </ci>
                </apply>
                <apply>
                  <divide/>
                  <ci> S16 </ci>
                  <ci> K2_J24 </ci>
                </apply>
              </apply>
            </apply>
          </math>
        </kineticLaw>
      </reaction>
      <reaction id="r25" reversible="false">
        <listOfReactants>
          <speciesReference species="S16" stoichiometry="1" constant="true"/>
        </listOfReactants>
        <listOfProducts>
          <speciesReference species="S8" stoichiometry="1" constant="true"/>
        </listOfProducts>
        <listOfModifiers>
          <modifierSpeciesReference species="S7"/>
        </listOfModifiers>
        <kineticLaw>
          <math xmlns="http://www.w3.org/1998/Math/MathML">
            <apply>
              <divide/>
              <apply>
                <times/>
                <ci> S7 </ci>
                <apply>
                  <minus/>
                  <apply>
                    <divide/>
                    <apply>
                      <times/>
                      <ci> kf_J25 </ci>
                      <ci> S16 </ci>
                    </apply>
                    <ci> K1_J25 </ci>
                  </apply>
                  <apply>
                    <divide/>
                    <apply>
                      <times/>
                      <ci> kr_J25 </ci>
                      <ci> S8 </ci>
                    </apply>
                    <ci> K2_J25 </ci>
                  </apply>
                </apply>
              </apply>
              <apply>
                <plus/>
                <cn type="integer"> 1 </cn>
                <apply>
                  <divide/>
                  <ci> S16 </ci>
                  <ci> K1_J25 </ci>
                </apply>
                <apply>
                  <divide/>
                  <ci> S8 </ci>
                  <ci> K2_J25 </ci>
                </apply>
              </apply>
            </apply>
          </math>
        </kineticLaw>
      </reaction>
      <reaction id="r26" reversible="false">
        <listOfReactants>
          <speciesReference species="S8" stoichiometry="1" constant="true"/>
        </listOfReactants>
        <listOfProducts>
          <speciesReference species="S16" stoichiometry="1" constant="true"/>
        </listOfProducts>
        <listOfModifiers>
          <modifierSpeciesReference species="S15"/>
        </listOfModifiers>
        <kineticLaw>
          <math xmlns="http://www.w3.org/1998/Math/MathML">
            <apply>
              <divide/>
              <apply>
                <times/>
                <ci> S15 </ci>
                <apply>
                  <minus/>
                  <apply>
                    <divide/>
                    <apply>
                      <times/>
                      <ci> kf_J26 </ci>
                      <ci> S8 </ci>
                    </apply>
                    <ci> K1_J26 </ci>
                  </apply>
                  <apply>
                    <divide/>
                    <apply>
                      <times/>
                      <ci> kr_J26 </ci>
                      <ci> S16 </ci>
                    </apply>
                    <ci> K2_J26 </ci>
                  </apply>
                </apply>
              </apply>
              <apply>
                <plus/>
                <cn type="integer"> 1 </cn>
                <apply>
                  <divide/>
                  <ci> S8 </ci>
                  <ci> K1_J26 </ci>
                </apply>
                <apply>
                  <divide/>
                  <ci> S16 </ci>
                  <ci> K2_J26 </ci>
                </apply>
              </apply>
            </apply>
          </math>
        </kineticLaw>
      </reaction>
      <reaction id="r27" reversible="false">
        <listOfReactants>
          <speciesReference species="S16" stoichiometry="1" constant="true"/>
        </listOfReactants>
        <listOfProducts>
          <speciesReference species="S18" stoichiometry="1" constant="true"/>
        </listOfProducts>
        <listOfModifiers>
          <modifierSpeciesReference species="S15"/>
        </listOfModifiers>
        <kineticLaw>
          <math xmlns="http://www.w3.org/1998/Math/MathML">
            <apply>
              <divide/>
              <apply>
                <times/>
                <ci> S15 </ci>
                <apply>
                  <minus/>
                  <apply>
                    <divide/>
                    <apply>
                      <times/>
                      <ci> kf_J27 </ci>
                      <ci> S16 </ci>
                    </apply>
                    <ci> K1_J27 </ci>
                  </apply>
                  <apply>
                    <divide/>
                    <apply>
                      <times/>
                      <ci> kr_J27 </ci>
                      <ci> S18 </ci>
                    </apply>
                    <ci> K2_J27 </ci>
                  </apply>
                </apply>
              </apply>
              <apply>
                <plus/>
                <cn type="integer"> 1 </cn>
                <apply>
                  <divide/>
                  <ci> S16 </ci>
                  <ci> K1_J27 </ci>
                </apply>
                <apply>
                  <divide/>
                  <ci> S18 </ci>
                  <ci> K2_J27 </ci>
                </apply>
              </apply>
            </apply>
          </math>
        </kineticLaw>
      </reaction>
      <reaction id="r28" reversible="false">
        <listOfReactants>
          <speciesReference species="S19" stoichiometry="1" constant="true"/>
          <speciesReference species="S18" stoichiometry="1" constant="true"/>
        </listOfReactants>
        <listOfProducts>
          <speciesReference species="S19" stoichiometry="1" constant="true"/>
          <speciesReference species="S21" stoichiometry="1" constant="true"/>
        </listOfProducts>
        <kineticLaw>
          <math xmlns="http://www.w3.org/1998/Math/MathML">
            <apply>
              <minus/>
              <apply>
                <times/>
                <ci> kf_J28 </ci>
                <ci> S19 </ci>
                <ci> S18 </ci>
              </apply>
              <apply>
                <times/>
                <ci> kr_J28 </ci>
                <ci> S19 </ci>
                <ci> S21 </ci>
              </apply>
            </apply>
          </math>
        </kineticLaw>
      </reaction>
      <reaction id="r29" reversible="false">
        <listOfReactants>
          <speciesReference species="S21" stoichiometry="1" constant="true"/>
        </listOfReactants>
        <listOfProducts>
          <speciesReference species="S21" stoichiometry="1" constant="true"/>
          <speciesReference species="S19" stoichiometry="1" constant="true"/>
        </listOfProducts>
        <kineticLaw>
          <math xmlns="http://www.w3.org/1998/Math/MathML">
            <apply>
              <minus/>
              <apply>
                <times/>
                <ci> kf_J29 </ci>
                <ci> S21 </ci>
              </apply>
              <apply>
                <times/>
                <ci> kr_J29 </ci>
                <ci> S21 </ci>
                <ci> S19 </ci>
              </apply>
            </apply>
          </math>
        </kineticLaw>
      </reaction>
      <reaction id="r30" reversible="false">
        <listOfReactants>
          <speciesReference species="S21" stoichiometry="1" constant="true"/>
        </listOfReactants>
        <listOfProducts>
          <speciesReference species="S21" stoichiometry="1" constant="true"/>
        </listOfProducts>
        <listOfModifiers>
          <modifierSpeciesReference species="S19"/>
        </listOfModifiers>
        <kineticLaw>
          <math xmlns="http://www.w3.org/1998/Math/MathML">
            <apply>
              <divide/>
              <apply>
                <times/>
                <ci> S19 </ci>
                <apply>
                  <minus/>
                  <apply>
                    <divide/>
                    <apply>
                      <times/>
                      <ci> kf_J30 </ci>
                      <ci> S21 </ci>
                    </apply>
                    <ci> K1_J30 </ci>
                  </apply>
                  <apply>
                    <divide/>
                    <apply>
                      <times/>
                      <ci> kr_J30 </ci>
                      <ci> S21 </ci>
                    </apply>
                    <ci> K2_J30 </ci>
                  </apply>
                </apply>
              </apply>
              <apply>
                <plus/>
                <cn type="integer"> 1 </cn>
                <apply>
                  <divide/>
                  <ci> S21 </ci>
                  <ci> K1_J30 </ci>
                </apply>
                <apply>
                  <divide/>
                  <ci> S21 </ci>
                  <ci> K2_J30 </ci>
                </apply>
              </apply>
            </apply>
          </math>
        </kineticLaw>
      </reaction>
      <reaction id="r31" reversible="false">
        <listOfReactants>
          <speciesReference species="S21" stoichiometry="1" constant="true"/>
        </listOfReactants>
        <listOfProducts>
          <speciesReference species="S21" stoichiometry="1" constant="true"/>
          <speciesReference species="S19" stoichiometry="1" constant="true"/>
        </listOfProducts>
        <kineticLaw>
          <math xmlns="http://www.w3.org/1998/Math/MathML">
            <apply>
              <minus/>
              <apply>
                <times/>
                <ci> kf_J31 </ci>
                <ci> S21 </ci>
              </apply>
              <apply>
                <times/>
                <ci> kr_J31 </ci>
                <ci> S21 </ci>
                <ci> S19 </ci>
              </apply>
            </apply>
          </math>
        </kineticLaw>
      </reaction>
      <reaction id="r32" reversible="false">
        <listOfReactants>
          <speciesReference species="S21" stoichiometry="1" constant="true"/>
        </listOfReactants>
        <listOfProducts>
          <speciesReference species="S1" stoichiometry="1" constant="true"/>
        </listOfProducts>
        <kineticLaw>
          <math xmlns="http://www.w3.org/1998/Math/MathML">
            <apply>
              <divide/>
              <apply>
                <times/>
                <ci> S21 </ci>
                <apply>
                  <minus/>
                  <apply>
                    <divide/>
                    <apply>
                      <times/>
                      <ci> kf_J32 </ci>
                      <ci> S21 </ci>
                    </apply>
                    <ci> K1_J32 </ci>
                  </apply>
                  <apply>
                    <divide/>
                    <apply>
                      <times/>
                      <ci> kr_J32 </ci>
                      <ci> S1 </ci>
                    </apply>
                    <ci> K2_J32 </ci>
                  </apply>
                </apply>
              </apply>
              <apply>
                <plus/>
                <cn type="integer"> 1 </cn>
                <apply>
                  <divide/>
                  <ci> S21 </ci>
                  <ci> K1_J32 </ci>
                </apply>
                <apply>
                  <divide/>
                  <ci> S1 </ci>
                  <ci> K2_J32 </ci>
                </apply>
              </apply>
            </apply>
          </math>
        </kineticLaw>
      </reaction>
      <reaction id="r33" reversible="false">
        <listOfReactants>
          <speciesReference species="S1" stoichiometry="1" constant="true"/>
        </listOfReactants>
        <listOfProducts>
          <speciesReference species="S21" stoichiometry="1" constant="true"/>
        </listOfProducts>
        <listOfModifiers>
          <modifierSpeciesReference species="S19"/>
        </listOfModifiers>
        <kineticLaw>
          <math xmlns="http://www.w3.org/1998/Math/MathML">
            <apply>
              <divide/>
              <apply>
                <times/>
                <ci> S19 </ci>
                <apply>
                  <minus/>
                  <apply>
                    <divide/>
                    <apply>
                      <times/>
                      <ci> kf_J33 </ci>
                      <ci> S1 </ci>
                    </apply>
                    <ci> K2_J33 </ci>
                  </apply>
                  <apply>
                    <divide/>
                    <apply>
                      <times/>
                      <ci> kr_J33 </ci>
                      <ci> S21 </ci>
                    </apply>
                    <ci> K1_J33 </ci>
                  </apply>
                </apply>
              </apply>
              <apply>
                <plus/>
                <cn type="integer"> 1 </cn>
                <apply>
                  <divide/>
                  <ci> S1 </ci>
                  <ci> K2_J33 </ci>
                </apply>
                <apply>
                  <divide/>
                  <ci> S21 </ci>
                  <ci> K1_J33 </ci>
                </apply>
              </apply>
            </apply>
          </math>
        </kineticLaw>
      </reaction>
      <reaction id="r34" reversible="false">
        <listOfReactants>
          <speciesReference species="S21" stoichiometry="1" constant="true"/>
        </listOfReactants>
        <listOfProducts>
          <speciesReference species="S19" stoichiometry="1" constant="true"/>
          <speciesReference species="S21" stoichiometry="1" constant="true"/>
        </listOfProducts>
        <kineticLaw>
          <math xmlns="http://www.w3.org/1998/Math/MathML">
            <apply>
              <minus/>
              <apply>
                <times/>
                <ci> kf_J34 </ci>
                <ci> S21 </ci>
              </apply>
              <apply>
                <times/>
                <ci> kr_J34 </ci>
                <ci> S19 </ci>
                <ci> S21 </ci>
              </apply>
            </apply>
          </math>
        </kineticLaw>
      </reaction>
      <reaction id="r35" reversible="false">
        <listOfReactants>
          <speciesReference species="S21" stoichiometry="1" constant="true"/>
        </listOfReactants>
        <listOfProducts>
          <speciesReference species="S19" stoichiometry="1" constant="true"/>
          <speciesReference species="S21" stoichiometry="1" constant="true"/>
        </listOfProducts>
        <kineticLaw>
          <math xmlns="http://www.w3.org/1998/Math/MathML">
            <apply>
              <minus/>
              <apply>
                <times/>
                <ci> kf_J35 </ci>
                <ci> S21 </ci>
              </apply>
              <apply>
                <times/>
                <ci> kr_J35 </ci>
                <ci> S19 </ci>
                <ci> S21 </ci>
              </apply>
            </apply>
          </math>
        </kineticLaw>
      </reaction>
    </listOfReactions>
  </model>
</sbml>
