<?xml version="1.0" encoding="UTF-8"?>
<sbml xmlns="http://www.sbml.org/sbml/level3/version2/core" level="3" version="2">
  <model>
    <listOfCompartments>
      <compartment id="compartment" size="1" constant="false"/>
    </listOfCompartments>
    <listOfSpecies>
      <species id="S1" compartment="compartment" initialAmount="0.0828582069713498" hasOnlySubstanceUnits="true" boundaryCondition="false" constant="false"/>
      <species id="S2" compartment="compartment" initialAmount="9.49414437751459" hasOnlySubstanceUnits="true" boundaryCondition="true" constant="false"/>
      <species id="S3" compartment="compartment" initialAmount="0.492940676292242" hasOnlySubstanceUnits="true" boundaryCondition="false" constant="false"/>
      <species id="S4" compartment="compartment" initialAmount="0.912986797574605" hasOnlySubstanceUnits="true" boundaryCondition="false" constant="false"/>
      <species id="S5" compartment="compartment" initialAmount="0.109589259503868" hasOnlySubstanceUnits="true" boundaryCondition="false" constant="false"/>
      <species id="S6" compartment="compartment" initialAmount="0.174476035693635" hasOnlySubstanceUnits="true" boundaryCondition="false" constant="false"/>
      <species id="S7" compartment="compartment" initialAmount="3.73166594592039" hasOnlySubstanceUnits="true" boundaryCondition="true" constant="false"/>
      <species id="S8" compartment="compartment" initialAmount="169.715744295135" hasOnlySubstanceUnits="true" boundaryCondition="false" constant="false"/>
      <species id="S9" compartment="compartment" initialAmount="9.41799348574929" hasOnlySubstanceUnits="true" boundaryCondition="true" constant="false"/>
      <species id="S10" compartment="compartment" initialAmount="281.866025169816" hasOnlySubstanceUnits="true" boundaryCondition="false" constant="false"/>
      <species id="S11" compartment="compartment" initialAmount="0.194094275314943" hasOnlySubstanceUnits="true" boundaryCondition="false" constant="false"/>
      <species id="S12" compartment="compartment" initialAmount="-0.795511058074133" hasOnlySubstanceUnits="true" boundaryCondition="false" constant="false"/>
      <species id="S13" compartment="compartment" initialAmount="0.227049703988157" hasOnlySubstanceUnits="true" boundaryCondition="false" constant="false"/>
      <species id="S14" compartment="compartment" initialAmount="6.18673140181841" hasOnlySubstanceUnits="true" boundaryCondition="false" constant="false"/>
      <species id="S15" compartment="compartment" initialAmount="1.43920570425156" hasOnlySubstanceUnits="true" boundaryCondition="false" constant="false"/>
      <species id="S16" compartment="compartment" initialAmount="23.1728168260315" hasOnlySubstanceUnits="true" boundaryCondition="false" constant="false"/>
      <species id="S17" compartment="compartment" initialAmount="390.805329869456" hasOnlySubstanceUnits="true" boundaryCondition="false" constant="false"/>
      <species id="S18" compartment="compartment" initialAmount="9.18461073824455" hasOnlySubstanceUnits="true" boundaryCondition="true" constant="false"/>
      <species id="S19" compartment="compartment" initialAmount="207.486534677197" hasOnlySubstanceUnits="true" boundaryCondition="false" constant="false"/>
      <species id="S20" compartment="compartment" initialAmount="0.299846361977356" hasOnlySubstanceUnits="true" boundaryCondition="false" constant="false"/>
      <species id="S21" compartment="compartment" initialAmount="9.95492037310708" hasOnlySubstanceUnits="true" boundaryCondition="true" constant="false"/>
      <species id="S22" compartment="compartment" initialAmount="6.07927003900543" hasOnlySubstanceUnits="true" boundaryCondition="true" constant="false"/>
      <species id="S23" compartment="compartment" initialAmount="0.548353926102179" hasOnlySubstanceUnits="true" boundaryCondition="false" constant="false"/>
      <species id="S24" compartment="compartment" initialAmount="32.933510496391" hasOnlySubstanceUnits="true" boundaryCondition="false" constant="false"/>
      <species id="S25" compartment="compartment" initialAmount="419.028424651193" hasOnlySubstanceUnits="true" boundaryCondition="false" constant="false"/>
      <species id="S_in" compartment="compartment" initialAmount="8.06472795984542" hasOnlySubstanceUnits="true" boundaryCondition="true" constant="false"/>
      <species id="S_out" compartment="compartment" initialAmount="1.30004685097282" hasOnlySubstanceUnits="true" boundaryCondition="false" constant="false"/>
    </listOfSpecies>
    <listOfParameters>
      <parameter id="kf_J1" value="0.171810665878799" constant="false"/>
      <parameter id="kr_J1" value="0.369756847052271" constant="false"/>
      <parameter id="kf_J2" value="0.467528078747306" constant="false"/>
      <parameter id="kr_J2" value="0.578897743263066" constant="false"/>
      <parameter id="K1_J2" value="0.730297517224411" constant="false"/>
      <parameter id="K2_J2" value="0.461349482662492" constant="false"/>
      <parameter id="kf_J3" value="0.595579684033976" constant="false"/>
      <parameter id="kr_J3" value="0.848689957157911" constant="false"/>
      <parameter id="K1_J3" value="0.976373791648511" constant="false"/>
      <parameter id="K2_J3" value="0.101974113902081" constant="false"/>
      <parameter id="kf_J4" value="0.312349392616424" constant="false"/>
      <parameter id="kr_J4" value="0.598596415043627" constant="false"/>
      <parameter id="K1_J4" value="0.502955247668831" constant="false"/>
      <parameter id="K2_J4" value="0.633177779230544" constant="false"/>
      <parameter id="kf_J5" value="0.526265354454124" constant="false"/>
      <parameter id="kr_J5" value="0.0917662970681801" constant="false"/>
      <parameter id="kf_J6" value="0.825667775898705" constant="false"/>
      <parameter id="kr_J6" value="0.140228433960341" constant="false"/>
      <parameter id="K1_J6" value="0.473920159230906" constant="false"/>
      <parameter id="K2_J6" value="0.490415530100817" constant="false"/>
      <parameter id="kf_J7" value="0.551847552672833" constant="false"/>
      <parameter id="kr_J7" value="0.594844399355426" constant="false"/>
      <parameter id="K1_J7" value="0.457611383410913" constant="false"/>
      <parameter id="K2_J7" value="0.0634487111861111" constant="false"/>
      <parameter id="kf_J8" value="0.405522431159165" constant="false"/>
      <parameter id="kr_J8" value="0.78486503239112" constant="false"/>
      <parameter id="K1_J8" value="0.573108006210164" constant="false"/>
      <parameter id="K2_J8" value="0.23137998943785" constant="false"/>
      <parameter id="kf_J9" value="0.401236759191428" constant="false"/>
      <parameter id="kr_J9" value="0.594766999765098" constant="false"/>
      <parameter id="K1_J9" value="0.895563516905554" constant="false"/>
      <parameter id="K2_J9" value="0.982866955979219" constant="false"/>
      <parameter id="kf_J10" value="0.909151924568241" constant="false"/>
      <parameter id="kr_J10" value="0.492834522313907" constant="false"/>
      <parameter id="K1_J10" value="0.980990650213345" constant="false"/>
      <parameter id="K2_J10" value="0.716358741693972" constant="false"/>
      <parameter id="kf_J11" value="0.448345932905343" constant="false"/>
      <parameter id="kr_J11" value="0.847883990470301" constant="false"/>
      <parameter id="K1_J11" value="0.941021199200914" constant="false"/>
      <parameter id="K2_J11" value="0.0666442666850056" constant="false"/>
      <parameter id="kf_J12" value="0.347298750500904" constant="false"/>
      <parameter id="kr_J12" value="0.434473946118933" constant="false"/>
      <parameter id="K1_J12" value="0.982683048413715" constant="false"/>
      <parameter id="K2_J12" value="0.332205735366062" constant="false"/>
      <parameter id="kf_J13" value="0.741769838860676" constant="false"/>
      <parameter id="kr_J13" value="0.667179154499696" constant="false"/>
      <parameter id="kf_J14" value="0.195772846834574" constant="false"/>
      <parameter id="kr_J14" value="0.255321297998218" constant="false"/>
      <parameter id="K1_J14" value="0.832151672123768" constant="false"/>
      <parameter id="K2_J14" value="0.535153061283326" constant="false"/>
      <parameter id="kf_J15" value="0.990604249013529" constant="false"/>
      <parameter id="kr_J15" value="0.448236777858805" constant="false"/>
      <parameter id="K1_J15" value="0.546614970632546" constant="false"/>
      <parameter id="K2_J15" value="0.827648016375972" constant="false"/>
      <parameter id="kf_J16" value="0.215774265356989" constant="false"/>
      <parameter id="kr_J16" value="0.0965836918274752" constant="false"/>
      <parameter id="K1_J16" value="0.768356977859472" constant="false"/>
      <parameter id="K2_J16" value="0.590816789010812" constant="false"/>
      <parameter id="kf_J17" value="0.368812174375033" constant="false"/>
      <parameter id="kr_J17" value="0.831704834092337" constant="false"/>
      <parameter id="K1_J17" value="0.36420006502643" constant="false"/>
      <parameter id="K2_J17" value="0.0142154434111399" constant="false"/>
      <parameter id="kf_J18" value="0.112948349071481" constant="false"/>
      <parameter id="kr_J18" value="0.242671841191604" constant="false"/>
      <parameter id="kf_J19" value="0.635078342203389" constant="false"/>
      <parameter id="kr_J19" value="0.363362141076558" constant="false"/>
      <parameter id="kf_J20" value="0.436561194055223" constant="false"/>
      <parameter id="kr_J20" value="0.402279240387642" constant="false"/>
      <parameter id="kf_J21" value="0.484706065295683" constant="false"/>
      <parameter id="kr_J21" value="0.255905333072202" constant="false"/>
      <parameter id="kf_J22" value="0.858479085726856" constant="false"/>
      <parameter id="kr_J22" value="0.504427430972051" constant="false"/>
      <parameter id="K1_J22" value="0.937893922987217" constant="false"/>
      <parameter id="K2_J22" value="0.535822776814956" constant="false"/>
      <parameter id="kf_J23" value="0.0284011675212115" constant="false"/>
      <parameter id="kr_J23" value="0.592262420410163" constant="false"/>
      <parameter id="K1_J23" value="0.411212466671584" constant="false"/>
      <parameter id="K2_J23" value="0.755201883055639" constant="false"/>
      <parameter id="kf_J24" value="0.0351058628650951" constant="false"/>
      <parameter id="kr_J24" value="0.559538185719108" constant="false"/>
      <parameter id="K1_J24" value="0.0484272023870866" constant="false"/>
      <parameter id="K2_J24" value="0.954572041721785" constant="false"/>
      <parameter id="kf_J25" value="0.175943849829469" constant="false"/>
      <parameter id="kr_J25" value="0.40867890203185" constant="false"/>
      <parameter id="K1_J25" value="0.027232591794573" constant="false"/>
      <parameter id="K2_J25" value="0.498636668172963" constant="false"/>
      <parameter id="kf_J26" value="0.492089418275573" constant="false"/>
      <parameter id="kr_J26" value="0.571142583701199" constant="false"/>
      <parameter id="K1_J26" value="0.179722755971236" constant="false"/>
      <parameter id="K2_J26" value="0.913615487255649" constant="false"/>
      <parameter id="kf_J27" value="0.347232753571141" constant="false"/>
      <parameter id="kr_J27" value="0.871480790714147" constant="false"/>
      <parameter id="K1_J27" value="0.48373713294726" constant="false"/>
      <parameter id="K2_J27" value="0.0188898337233829" constant="false"/>
      <parameter id="kf_J28" value="0.499235313653689" constant="false"/>
      <parameter id="kr_J28" value="0.047227416492317" constant="false"/>
      <parameter id="K1_J28" value="0.104762576844604" constant="false"/>
      <parameter id="K2_J28" value="0.650998938894045" constant="false"/>
      <parameter id="kf_J29" value="0.969961199952548" constant="false"/>
      <parameter id="kr_J29" value="0.143550420018395" constant="false"/>
      <parameter id="K1_J29" value="0.982890870902761" constant="false"/>
      <parameter id="K2_J29" value="0.0505271188579133" constant="false"/>
      <parameter id="kf_J30" value="0.441835534689602" constant="false"/>
      <parameter id="kr_J30" value="0.726610651559481" constant="false"/>
      <parameter id="K1_J30" value="0.900357536209787" constant="false"/>
      <parameter id="K2_J30" value="0.343105580340749" constant="false"/>
      <parameter id="kf_J31" value="0.785783796434117" constant="false"/>
      <parameter id="kr_J31" value="0.617176943585126" constant="false"/>
      <parameter id="K1_J31" value="0.661843201094223" constant="false"/>
      <parameter id="K2_J31" value="0.952632255640858" constant="false"/>
      <parameter id="kf_J32" value="0.694735282292364" constant="false"/>
      <parameter id="kr_J32" value="0.788505936521253" constant="false"/>
      <parameter id="K1_J32" value="0.60773625411251" constant="false"/>
      <parameter id="K2_J32" value="0.521957127131588" constant="false"/>
      <parameter id="kf_J33" value="0.721746542232264" constant="false"/>
      <parameter id="kr_J33" value="0.461269332209661" constant="false"/>
      <parameter id="K1_J33" value="0.50776899075172" constant="false"/>
      <parameter id="K2_J33" value="0.53958408815799" constant="false"/>
      <parameter id="kf_J34" value="0.196904171616773" constant="false"/>
      <parameter id="kr_J34" value="0.0976233837364044" constant="false"/>
      <parameter id="K1_J34" value="0.0851544597230089" constant="false"/>
      <parameter id="K2_J34" value="0.864440955606839" constant="false"/>
      <parameter id="kf_J35" value="0.0545398905788457" constant="false"/>
      <parameter id="kr_J35" value="0.703401473330688" constant="false"/>
      <parameter id="K1_J35" value="0.41934444360728" constant="false"/>
      <parameter id="K2_J35" value="0.794501040965353" constant="false"/>
    </listOfParameters>
    <listOfReactions>
      <reaction id="r1" reversible="false">
        <listOfReactants>
          <speciesReference species="S_in" stoichiometry="1" constant="true"/>
          <speciesReference species="S22" stoichiometry="1" constant="true"/>
        </listOfReactants>
        <listOfProducts>
          <speciesReference species="S24" stoichiometry="1" constant="true"/>
        </listOfProducts>
        <kineticLaw>
          <math xmlns="http://www.w3.org/1998/Math/MathML">
            <apply>
              <minus/>
              <apply>
                <times/>
                <ci> kf_J1 </ci>
                <ci> S_in </ci>
                <ci> S22 </ci>
              </apply>
              <apply>
                <times/>
                <ci> kr_J1 </ci>
                <ci> S24 </ci>
              </apply>
            </apply>
          </math>
        </kineticLaw>
      </reaction>
      <reaction id="r2" reversible="false">
        <listOfReactants>
          <speciesReference species="S14" stoichiometry="1" constant="true"/>
        </listOfReactants>
        <listOfProducts>
          <speciesReference species="S_out" stoichiometry="1" constant="true"/>
        </listOfProducts>
        <listOfModifiers>
          <modifierSpeciesReference species="S6"/>
        </listOfModifiers>
        <kineticLaw>
          <math xmlns="http://www.w3.org/1998/Math/MathML">
            <apply>
              <divide/>
              <apply>
                <times/>
                <ci> S6 </ci>
                <apply>
                  <minus/>
                  <apply>
                    <divide/>
                    <apply>
                      <times/>
                      <ci> kf_J2 </ci>
                      <ci> S14 </ci>
                    </apply>
                    <ci> K1_J2 </ci>
                  </apply>
                  <apply>
                    <divide/>
                    <apply>
                      <times/>
                      <ci> kr_J2 </ci>
                      <ci> S_out </ci>
                    </apply>
                    <ci> K2_J2 </ci>
                  </apply>
                </apply>
              </apply>
              <apply>
                <plus/>
                <cn type="integer"> 1 </cn>
                <apply>
                  <divide/>
                  <ci> S14 </ci>
                  <ci> K1_J2 </ci>
                </apply>
                <apply>
                  <divide/>
                  <ci> S_out </ci>
                  <ci> K2_J2 </ci>
                </apply>
              </apply>
            </apply>
          </math>
        </kineticLaw>
      </reaction>
      <reaction id="r3" reversible="false">
        <listOfReactants>
          <speciesReference species="S_out" stoichiometry="1" constant="true"/>
        </listOfReactants>
        <listOfProducts>
          <speciesReference species="S14" stoichiometry="1" constant="true"/>
        </listOfProducts>
        <listOfModifiers>
          <modifierSpeciesReference species="S20"/>
        </listOfModifiers>
        <kineticLaw>
          <math xmlns="http://www.w3.org/1998/Math/MathML">
            <apply>
              <divide/>
              <apply>
                <times/>
                <ci> S20 </ci>
                <apply>
                  <minus/>
                  <apply>
                    <divide/>
                    <apply>
                      <times/>
                      <ci> kf_J3 </ci>
                      <ci> S_out </ci>
                    </apply>
                    <ci> K2_J3 </ci>
                  </apply>
                  <apply>
                    <divide/>
                    <apply>
                      <times/>
                      <ci> kr_J3 </ci>
                      <ci> S14 </ci>
                    </apply>
                    <ci> K1_J3 </ci>
                  </apply>
                </apply>
              </apply>
              <apply>
                <plus/>
                <cn type="integer"> 1 </cn>
                <apply>
                  <divide/>
                  <ci> S_out </ci>
                  <ci> K2_J3 </ci>
                </apply>
                <apply>
                  <divide/>
                  <ci> S14 </ci>
                  <ci> K1_J3 </ci>
                </apply>
              </apply>
            </apply>
          </math>
        </kineticLaw>
      </reaction>
      <reaction id="r4" reversible="false">
        <listOfReactants>
          <speciesReference species="S9" stoichiometry="1" constant="true"/>
        </listOfReactants>
        <listOfProducts>
          <speciesReference species="S14" stoichiometry="1" constant="true"/>
        </listOfProducts>
        <listOfModifiers>
          <modifierSpeciesReference species="S17"/>
        </listOfModifiers>
        <kineticLaw>
          <math xmlns="http://www.w3.org/1998/Math/MathML">
            <apply>
              <divide/>
              <apply>
                <times/>
                <ci> S17 </ci>
                <apply>
                  <minus/>
                  <apply>
                    <divide/>
                    <apply>
                      <times/>
                      <ci> kf_J4 </ci>
                      <ci> S9 </ci>
                    </apply>
                    <ci> K1_J4 </ci>
                  </apply>
                  <apply>
                    <divide/>
                    <apply>
                      <times/>
                      <ci> kr_J4 </ci>
                      <ci> S14 </ci>
                    </apply>
                    <ci> K2_J4 </ci>
                  </apply>
                </apply>
              </apply>
              <apply>
                <plus/>
                <cn type="integer"> 1 </cn>
                <apply>
                  <divide/>
                  <ci> S9 </ci>
                  <ci> K1_J4 </ci>
                </apply>
                <apply>
                  <divide/>
                  <ci> S14 </ci>
                  <ci> K2_J4 </ci>
                </apply>
              </apply>
            </apply>
          </math>
        </kineticLaw>
      </reaction>
      <reaction id="r5" reversible="false">
        <listOfReactants>
          <speciesReference species="S24" stoichiometry="1" constant="true"/>
        </listOfReactants>
        <listOfProducts>
          <speciesReference species="S23" stoichiometry="1" constant="true"/>
          <speciesReference species="S25" stoichiometry="1" constant="true"/>
        </listOfProducts>
        <kineticLaw>
          <math xmlns="http://www.w3.org/1998/Math/MathML">
            <apply>
              <minus/>
              <apply>
                <times/>
                <ci> kf_J5 </ci>
                <ci> S24 </ci>
              </apply>
              <apply>
                <times/>
                <ci> kr_J5 </ci>
                <ci> S23 </ci>
                <ci> S25 </ci>
              </apply>
            </apply>
          </math>
        </kineticLaw>
      </reaction>
      <reaction id="r6" reversible="false">
        <listOfReactants>
          <speciesReference species="S2" stoichiometry="1" constant="true"/>
        </listOfReactants>
        <listOfProducts>
          <speciesReference species="S7" stoichiometry="1" constant="true"/>
        </listOfProducts>
        <listOfModifiers>
          <modifierSpeciesReference species="S25"/>
        </listOfModifiers>
        <kineticLaw>
          <math xmlns="http://www.w3.org/1998/Math/MathML">
            <apply>
              <divide/>
              <apply>
                <times/>
                <ci> S25 </ci>
                <apply>
                  <minus/>
                  <apply>
                    <divide/>
                    <apply>
                      <times/>
                      <ci> kf_J6 </ci>
                      <ci> S2 </ci>
                    </apply>
                    <ci> K1_J6 </ci>
                  </apply>
                  <apply>
                    <divide/>
                    <apply>
                      <times/>
                      <ci> kr_J6 </ci>
                      <ci> S7 </ci>
                    </apply>
                    <ci> K2_J6 </ci>
                  </apply>
                </apply>
              </apply>
              <apply>
                <plus/>
                <cn type="integer"> 1 </cn>
                <apply>
                  <divide/>
                  <ci> S2 </ci>
                  <ci> K1_J6 </ci>
                </apply>
                <apply>
                  <divide/>
                  <ci> S7 </ci>
                  <ci> K2_J6 </ci>
                </apply>
              </apply>
            </apply>
          </math>
        </kineticLaw>
      </reaction>
      <reaction id="r7" reversible="false">
        <listOfReactants>
          <speciesReference species="S11" stoichiometry="1" constant="true"/>
        </listOfReactants>
        <listOfProducts>
          <speciesReference species="S1" stoichiometry="1" constant="true"/>
        </listOfProducts>
        <listOfModifiers>
          <modifierSpeciesReference species="S7"/>
        </listOfModifiers>
        <kineticLaw>
          <math xmlns="http://www.w3.org/1998/Math/MathML">
            <apply>
              <divide/>
              <apply>
                <times/>
                <ci> S7 </ci>
                <apply>
                  <minus/>
                  <apply>
                    <divide/>
                    <apply>
                      <times/>
                      <ci> kf_J7 </ci>
                      <ci> S11 </ci>
                    </apply>
                    <ci> K1_J7 </ci>
                  </apply>
                  <apply>
                    <divide/>
                    <apply>
                      <times/>
                      <ci> kr_J7 </ci>
                      <ci> S1 </ci>
                    </apply>
                    <ci> K2_J7 </ci>
                  </apply>
                </apply>
              </apply>
              <apply>
                <plus/>
                <cn type="integer"> 1 </cn>
                <apply>
                  <divide/>
                  <ci> S11 </ci>
                  <ci> K1_J7 </ci>
                </apply>
                <apply>
                  <divide/>
                  <ci> S1 </ci>
                  <ci> K2_J7 </ci>
                </apply>
              </apply>
            </apply>
          </math>
        </kineticLaw>
      </reaction>
      <reaction id="r8" reversible="false">
        <listOfReactants>
          <speciesReference species="S1" stoichiometry="1" constant="true"/>
        </listOfReactants>
        <listOfProducts>
          <speciesReference species="S11" stoichiometry="1" constant="true"/>
        </listOfProducts>
        <kineticLaw>
          <math xmlns="http://www.w3.org/1998/Math/MathML">
            <apply>
              <divide/>
              <apply>
                <times/>
                <ci> S11 </ci>
                <apply>
                  <minus/>
                  <apply>
                    <divide/>
                    <apply>
                      <times/>
                      <ci> kf_J8 </ci>
                      <ci> S1 </ci>
                    </apply>
                    <ci> K2_J8 </ci>
                  </apply>
                  <apply>
                    <divide/>
                    <apply>
                      <times/>
                      <ci> kr_J8 </ci>
                      <ci> S11 </ci>
                    </apply>
                    <ci> K1_J8 </ci>
                  </apply>
                </apply>
              </apply>
              <apply>
                <plus/>
                <cn type="integer"> 1 </cn>
                <apply>
                  <divide/>
                  <ci> S1 </ci>
                  <ci> K2_J8 </ci>
                </apply>
                <apply>
                  <divide/>
                  <ci> S11 </ci>
                  <ci> K1_J8 </ci>
                </apply>
              </apply>
            </apply>
          </math>
        </kineticLaw>
      </reaction>
      <reaction id="r9" reversible="false">
        <listOfReactants>
          <speciesReference species="S19" stoichiometry="1" constant="true"/>
        </listOfReactants>
        <listOfProducts>
          <speciesReference species="S8" stoichiometry="1" constant="true"/>
        </listOfProducts>
        <listOfModifiers>
          <modifierSpeciesReference species="S4"/>
        </listOfModifiers>
        <kineticLaw>
          <math xmlns="http://www.w3.org/1998/Math/MathML">
            <apply>
              <divide/>
              <apply>
                <times/>
                <ci> S4 </ci>
                <apply>
                  <minus/>
                  <apply>
                    <divide/>
                    <apply>
                      <times/>
                      <ci> kf_J9 </ci>
                      <ci> S19 </ci>
                    </apply>
                    <ci> K1_J9 </ci>
                  </apply>
                  <apply>
                    <divide/>
                    <apply>
                      <times/>
                      <ci> kr_J9 </ci>
                      <ci> S8 </ci>
                    </apply>
                    <ci> K2_J9 </ci>
                  </apply>
                </apply>
              </apply>
              <apply>
                <plus/>
                <cn type="integer"> 1 </cn>
                <apply>
                  <divide/>
                  <ci> S19 </ci>
                  <ci> K1_J9 </ci>
                </apply>
                <apply>
                  <divide/>
                  <ci> S8 </ci>
                  <ci> K2_J9 </ci>
                </apply>
              </apply>
            </apply>
          </math>
        </kineticLaw>
      </reaction>
      <reaction id="r10" reversible="false">
        <listOfReactants>
          <speciesReference species="S8" stoichiometry="1" constant="true"/>
        </listOfReactants>
        <listOfProducts>
          <speciesReference species="S10" stoichiometry="1" constant="true"/>
        </listOfProducts>
        <listOfModifiers>
          <modifierSpeciesReference species="S4"/>
        </listOfModifiers>
        <kineticLaw>
          <math xmlns="http://www.w3.org/1998/Math/MathML">
            <apply>
              <divide/>
              <apply>
                <times/>
                <ci> S4 </ci>
                <apply>
                  <minus/>
                  <apply>
                    <divide/>
                    <apply>
                      <times/>
                      <ci> kf_J10 </ci>
                      <ci> S8 </ci>
                    </apply>
                    <ci> K1_J10 </ci>
                  </apply>
                  <apply>
                    <divide/>
                    <apply>
                      <times/>
                      <ci> kr_J10 </ci>
                      <ci> S10 </ci>
                    </apply>
                    <ci> K2_J10 </ci>
                  </apply>
                </apply>
              </apply>
              <apply>
                <plus/>
                <cn type="integer"> 1 </cn>
                <apply>
                  <divide/>
                  <ci> S8 </ci>
                  <ci> K1_J10 </ci>
                </apply>
                <apply>
                  <divide/>
                  <ci> S10 </ci>
                  <ci> K2_J10 </ci>
                </apply>
              </apply>
            </apply>
          </math>
        </kineticLaw>
      </reaction>
      <reaction id="r11" reversible="false">
        <listOfReactants>
          <speciesReference species="S10" stoichiometry="1" constant="true"/>
        </listOfReactants>
        <listOfProducts>
          <speciesReference species="S8" stoichiometry="1" constant="true"/>
        </listOfProducts>
        <listOfModifiers>
          <modifierSpeciesReference species="S1"/>
        </listOfModifiers>
        <kineticLaw>
          <math xmlns="http://www.w3.org/1998/Math/MathML">
            <apply>
              <divide/>
              <apply>
                <times/>
                <ci> S1 </ci>
                <apply>
                  <minus/>
                  <apply>
                    <divide/>
                    <apply>
                      <times/>
                      <ci> kf_J11 </ci>
                      <ci> S10 </ci>
                    </apply>
                    <ci> K1_J11 </ci>
                  </apply>
                  <apply>
                    <divide/>
                    <apply>
                      <times/>
                      <ci> kr_J11 </ci>
                      <ci> S8 </ci>
                    </apply>
                    <ci> K2_J11 </ci>
                  </apply>
                </apply>
              </apply>
              <apply>
                <plus/>
                <cn type="integer"> 1 </cn>
                <apply>
                  <divide/>
                  <ci> S10 </ci>
                  <ci> K1_J11 </ci>
                </apply>
                <apply>
                  <divide/>
                  <ci> S8 </ci>
                  <ci> K2_J11 </ci>
                </apply>
              </apply>
            </apply>
          </math>
        </kineticLaw>
      </reaction>
      <reaction id="r12" reversible="false">
        <listOfReactants>
          <speciesReference species="S8" stoichiometry="1" constant="true"/>
        </listOfReactants>
        <listOfProducts>
          <speciesReference species="S19" stoichiometry="1" constant="true"/>
        </listOfProducts>
        <listOfModifiers>
          <modifierSpeciesReference species="S1"/>
        </listOfModifiers>
        <kineticLaw>
          <math xmlns="http://www.w3.org/1998/Math/MathML">
            <apply>
              <divide/>
              <apply>
                <times/>
                <ci> S1 </ci>
                <apply>
                  <minus/>
                  <apply>
                    <divide/>
                    <apply>
                      <times/>
                      <ci> kf_J12 </ci>
                      <ci> S8 </ci>
                    </apply>
                    <ci> K1_J12 </ci>
                  </apply>
                  <apply>
                    <divide/>
                    <apply>
                      <times/>
                      <ci> kr_J12 </ci>
                      <ci> S19 </ci>
                    </apply>
                    <ci> K2_J12 </ci>
                  </apply>
                </apply>
              </apply>
              <apply>
                <plus/>
                <cn type="integer"> 1 </cn>
                <apply>
                  <divide/>
                  <ci> S8 </ci>
                  <ci> K1_J12 </ci>
                </apply>
                <apply>
                  <divide/>
                  <ci> S19 </ci>
                  <ci> K2_J12 </ci>
                </apply>
              </apply>
            </apply>
          </math>
        </kineticLaw>
      </reaction>
      <reaction id="r13" reversible="false">
        <listOfReactants>
          <speciesReference species="S19" stoichiometry="1" constant="true"/>
        </listOfReactants>
        <listOfProducts>
          <speciesReference species="S16" stoichiometry="1" constant="true"/>
          <speciesReference species="S21" stoichiometry="1" constant="true"/>
        </listOfProducts>
        <kineticLaw>
          <math xmlns="http://www.w3.org/1998/Math/MathML">
            <apply>
              <minus/>
              <apply>
                <times/>
                <ci> kf_J13 </ci>
                <ci> S19 </ci>
              </apply>
              <apply>
                <times/>
                <ci> kr_J13 </ci>
                <ci> S16 </ci>
                <ci> S21 </ci>
              </apply>
            </apply>
          </math>
        </kineticLaw>
      </reaction>
      <reaction id="r14" reversible="false">
        <listOfReactants>
          <speciesReference species="S23" stoichiometry="1" constant="true"/>
        </listOfReactants>
        <listOfProducts>
          <speciesReference species="S17" stoichiometry="1" constant="true"/>
        </listOfProducts>
        <listOfModifiers>
          <modifierSpeciesReference species="S21"/>
        </listOfModifiers>
        <kineticLaw>
          <math xmlns="http://www.w3.org/1998/Math/MathML">
            <apply>
              <divide/>
              <apply>
                <times/>
                <ci> S21 </ci>
                <apply>
                  <minus/>
                  <apply>
                    <divide/>
                    <apply>
                      <times/>
                      <ci> kf_J14 </ci>
                      <ci> S23 </ci>
                    </apply>
                    <ci> K1_J14 </ci>
                  </apply>
                  <apply>
                    <divide/>
                    <apply>
                      <times/>
                      <ci> kr_J14 </ci>
                      <ci> S17 </ci>
                    </apply>
                    <ci> K2_J14 </ci>
                  </apply>
                </apply>
              </apply>
              <apply>
                <plus/>
                <cn type="integer"> 1 </cn>
                <apply>
                  <divide/>
                  <ci> S23 </ci>
                  <ci> K1_J14 </ci>
                </apply>
                <apply>
                  <divide/>
                  <ci> S17 </ci>
                  <ci> K2_J14 </ci>
                </apply>
              </apply>
            </apply>
          </math>
        </kineticLaw>
      </reaction>
      <reaction id="r15" reversible="false">
        <listOfReactants>
          <speciesReference species="S17" stoichiometry="1" constant="true"/>
        </listOfReactants>
        <listOfProducts>
          <speciesReference species="S25" stoichiometry="1" constant="true"/>
        </listOfProducts>
        <listOfModifiers>
          <modifierSpeciesReference species="S21"/>
        </listOfModifiers>
        <kineticLaw>
          <math xmlns="http://www.w3.org/1998/Math/MathML">
            <apply>
              <divide/>
              <apply>
                <times/>
                <ci> S21 </ci>
                <apply>
                  <minus/>
                  <apply>
                    <divide/>
                    <apply>
                      <times/>
                      <ci> kf_J15 </ci>
                      <ci> S17 </ci>
                    </apply>
                    <ci> K1_J15 </ci>
                  </apply>
                  <apply>
                    <divide/>
                    <apply>
                      <times/>
                      <ci> kr_J15 </ci>
                      <ci> S25 </ci>
                    </apply>
                    <ci> K2_J15 </ci>
                  </apply>
                </apply>
              </apply>
              <apply>
                <plus/>
                <cn type="integer"> 1 </cn>
                <apply>
                  <divide/>
                  <ci> S17 </ci>
                  <ci> K1_J15 </ci>
                </apply>
                <apply>
                  <divide/>
                  <ci> S25 </ci>
                  <ci> K2_J15 </ci>
                </apply>
              </apply>
            </apply>
          </math>
        </kineticLaw>
      </reaction>
      <reaction id="r16" reversible="false">
        <listOfReactants>
          <speciesReference species="S25" stoichiometry="1" constant="true"/>
        </listOfReactants>
        <listOfProducts>
          <speciesReference species="S17" stoichiometry="1" constant="true"/>
        </listOfProducts>
        <listOfModifiers>
          <modifierSpeciesReference species="S7"/>
        </listOfModifiers>
        <kineticLaw>
          <math xmlns="http://www.w3.org/1998/Math/MathML">
            <apply>
              <divide/>
              <apply>
                <times/>
                <ci> S7 </ci>
                <apply>
                  <minus/>
                  <apply>
                    <divide/>
                    <apply>
                      <times/>
                      <ci> kf_J16 </ci>
                      <ci> S25 </ci>
                    </apply>
                    <ci> K1_J16 </ci>
                  </apply>
                  <apply>
                    <divide/>
                    <apply>
                      <times/>
                      <ci> kr_J16 </ci>
                      <ci> S17 </ci>
                    </apply>
                    <ci> K2_J16 </ci>
                  </apply>
                </apply>
              </apply>
              <apply>
                <plus/>
                <cn type="integer"> 1 </cn>
                <apply>
                  <divide/>
                  <ci> S25 </ci>
                  <ci> K1_J16 </ci>
                </apply>
                <apply>
                  <divide/>
                  <ci> S17 </ci>
                  <ci> K2_J16 </ci>
                </apply>
              </apply>
            </apply>
          </math>
        </kineticLaw>
      </reaction>
      <reaction id="r17" reversible="false">
        <listOfReactants>
          <speciesReference species="S17" stoichiometry="1" constant="true"/>
        </listOfReactants>
        <listOfProducts>
          <speciesReference species="S23" stoichiometry="1" constant="true"/>
        </listOfProducts>
        <listOfModifiers>
          <modifierSpeciesReference species="S7"/>
        </listOfModifiers>
        <kineticLaw>
          <math xmlns="http://www.w3.org/1998/Math/MathML">
            <apply>
              <divide/>
              <apply>
                <times/>
                <ci> S7 </ci>
                <apply>
                  <minus/>
                  <apply>
                    <divide/>
                    <apply>
                      <times/>
                      <ci> kf_J17 </ci>
                      <ci> S17 </ci>
                    </apply>
                    <ci> K1_J17 </ci>
                  </apply>
                  <apply>
                    <divide/>
                    <apply>
                      <times/>
                      <ci> kr_J17 </ci>
                      <ci> S23 </ci>
                    </apply>
                    <ci> K2_J17 </ci>
                  </apply>
                </apply>
              </apply>
              <apply>
                <plus/>
                <cn type="integer"> 1 </cn>
                <apply>
                  <divide/>
                  <ci> S17 </ci>
                  <ci> K1_J17 </ci>
                </apply>
                <apply>
                  <divide/>
                  <ci> S23 </ci>
                  <ci> K2_J17 </ci>
                </apply>
              </apply>
            </apply>
          </math>
        </kineticLaw>
      </reaction>
      <reaction id="r18" reversible="false">
        <listOfReactants>
          <speciesReference species="S17" stoichiometry="1" constant="true"/>
        </listOfReactants>
        <listOfProducts>
          <speciesReference species="S16" stoichiometry="1" constant="true"/>
          <speciesReference species="S18" stoichiometry="1" constant="true"/>
        </listOfProducts>
        <kineticLaw>
          <math xmlns="http://www.w3.org/1998/Math/MathML">
            <apply>
              <minus/>
              <apply>
                <times/>
                <ci> kf_J18 </ci>
                <ci> S17 </ci>
              </apply>
              <apply>
                <times/>
                <ci> kr_J18 </ci>
                <ci> S16 </ci>
                <ci> S18 </ci>
              </apply>
            </apply>
          </math>
        </kineticLaw>
      </reaction>
      <reaction id="r19" reversible="false">
        <listOfReactants>
          <speciesReference species="S16" stoichiometry="1" constant="true"/>
        </listOfReactants>
        <listOfProducts>
          <speciesReference species="S21" stoichiometry="1" constant="true"/>
          <speciesReference species="S18" stoichiometry="1" constant="true"/>
        </listOfProducts>
        <kineticLaw>
          <math xmlns="http://www.w3.org/1998/Math/MathML">
            <apply>
              <minus/>
              <apply>
                <times/>
                <ci> kf_J19 </ci>
                <ci> S16 </ci>
              </apply>
              <apply>
                <times/>
                <ci> kr_J19 </ci>
                <ci> S21 </ci>
                <ci> S18 </ci>
              </apply>
            </apply>
          </math>
        </kineticLaw>
      </reaction>
      <reaction id="r20" reversible="false">
        <listOfReactants>
          <speciesReference species="S18" stoichiometry="1" constant="true"/>
          <speciesReference species="S21" stoichiometry="1" constant="true"/>
        </listOfReactants>
        <listOfProducts>
          <speciesReference species="S18" stoichiometry="1" constant="true"/>
          <speciesReference species="S21" stoichiometry="1" constant="true"/>
        </listOfProducts>
        <kineticLaw>
          <math xmlns="http://www.w3.org/1998/Math/MathML">
            <apply>
              <minus/>
              <apply>
                <times/>
                <ci> kf_J20 </ci>
                <ci> S18 </ci>
                <ci> S21 </ci>
              </apply>
              <apply>
                <times/>
                <ci> kr_J20 </ci>
                <ci> S18 </ci>
                <ci> S21 </ci>
              </apply>
            </apply>
          </math>
        </kineticLaw>
      </reaction>
      <reaction id="r21" reversible="false">
        <listOfReactants>
          <speciesReference species="S21" stoichiometry="1" constant="true"/>
          <speciesReference species="S21" stoichiometry="1" constant="true"/>
        </listOfReactants>
        <listOfProducts>
          <speciesReference species="S21" stoichiometry="1" constant="true"/>
          <speciesReference species="S16" stoichiometry="1" constant="true"/>
        </listOfProducts>
        <kineticLaw>
          <math xmlns="http://www.w3.org/1998/Math/MathML">
            <apply>
              <minus/>
              <apply>
                <times/>
                <ci> kf_J21 </ci>
                <ci> S21 </ci>
                <ci> S21 </ci>
              </apply>
              <apply>
                <times/>
                <ci> kr_J21 </ci>
                <ci> S21 </ci>
                <ci> S16 </ci>
              </apply>
            </apply>
          </math>
        </kineticLaw>
      </reaction>
      <reaction id="r22" reversible="false">
        <listOfReactants>
          <speciesReference species="S5" stoichiometry="1" constant="true"/>
        </listOfReactants>
        <listOfProducts>
          <speciesReference species="S3" stoichiometry="1" constant="true"/>
        </listOfProducts>
        <listOfModifiers>
          <modifierSpeciesReference species="S9"/>
        </listOfModifiers>
        <kineticLaw>
          <math xmlns="http://www.w3.org/1998/Math/MathML">
            <apply>
              <divide/>
              <apply>
                <times/>
                <ci> S9 </ci>
                <apply>
                  <minus/>
                  <apply>
                    <divide/>
                    <apply>
                      <times/>
                      <ci> kf_J22 </ci>
                      <ci> S5 </ci>
                    </apply>
                    <ci> K1_J22 </ci>
                  </apply>
                  <apply>
                    <divide/>
                    <apply>
                      <times/>
                      <ci> kr_J22 </ci>
                      <ci> S3 </ci>
                    </apply>
                    <ci> K2_J22 </ci>
                  </apply>
                </apply>
              </apply>
              <apply>
                <plus/>
                <cn type="integer"> 1 </cn>
                <apply>
                  <divide/>
                  <ci> S5 </ci>
                  <ci> K1_J22 </ci>
                </apply>
                <apply>
                  <divide/>
                  <ci> S3 </ci>
                  <ci> K2_J22 </ci>
                </apply>
              </apply>
            </apply>
          </math>
        </kineticLaw>
      </reaction>
      <reaction id="r23" reversible="false">
        <listOfReactants>
          <speciesReference species="S3" stoichiometry="1" constant="true"/>
        </listOfReactants>
        <listOfProducts>
          <speciesReference species="S5" stoichiometry="1" constant="true"/>
        </listOfProducts>
        <listOfModifiers>
          <modifierSpeciesReference species="S16"/>
        </listOfModifiers>
        <kineticLaw>
          <math xmlns="http://www.w3.org/1998/Math/MathML">
            <apply>
              <divide/>
              <apply>
                <times/>
                <ci> S16 </ci>
                <apply>
                  <minus/>
                  <apply>
                    <divide/>
                    <apply>
                      <times/>
                      <ci> kf_J23 </ci>
                      <ci> S3 </ci>
                    </apply>
                    <ci> K2_J23 </ci>
                  </apply>
                  <apply>
                    <divide/>
                    <apply>
                      <times/>
                      <ci> kr_J23 </ci>
                      <ci> S5 </ci>
                    </apply>
                    <ci> K1_J23 </ci>
                  </apply>
                </apply>
              </apply>
              <apply>
                <plus/>
                <cn type="integer"> 1 </cn>
                <apply>
                  <divide/>
                  <ci> S3 </ci>
                  <ci> K2_J23 </ci>
                </apply>
                <apply>
                  <divide/>
                  <ci> S5 </ci>
                  <ci> K1_J23 </ci>
                </apply>
              </apply>
            </apply>
          </math>
        </kineticLaw>
      </reaction>
      <reaction id="r24" reversible="false">
        <listOfReactants>
          <speciesReference species="S5" stoichiometry="1" constant="true"/>
        </listOfReactants>
        <listOfProducts>
          <speciesReference species="S13" stoichiometry="1" constant="true"/>
        </listOfProducts>
        <listOfModifiers>
          <modifierSpeciesReference species="S18"/>
        </listOfModifiers>
        <kineticLaw>
          <math xmlns="http://www.w3.org/1998/Math/MathML">
            <apply>
              <divide/>
              <apply>
                <times/>
                <ci> S18 </ci>
                <apply>
                  <minus/>
                  <apply>
                    <divide/>
                    <apply>
                      <times/>
                      <ci> kf_J24 </ci>
                      <ci> S5 </ci>
                    </apply>
                    <ci> K1_J24 </ci>
                  </apply>
                  <apply>
                    <divide/>
                    <apply>
                      <times/>
                      <ci> kr_J24 </ci>
                      <ci> S13 </ci>
                    </apply>
                    <ci> K2_J24 </ci>
                  </apply>
                </apply>
              </apply>
              <apply>
                <plus/>
                <cn type="integer"> 1 </cn>
                <apply>
                  <divide/>
                  <ci> S5 </ci>
                  <ci> K1_J24 </ci>
                </apply>
                <apply>
                  <divide/>
                  <ci> S13 </ci>
                  <ci> K2_J24 </ci>
                </apply>
              </apply>
            </apply>
          </math>
        </kineticLaw>
      </reaction>
      <reaction id="r25" reversible="false">
        <listOfReactants>
          <speciesReference species="S13" stoichiometry="1" constant="true"/>
        </listOfReactants>
        <listOfProducts>
          <speciesReference species="S5" stoichiometry="1" constant="true"/>
        </listOfProducts>
        <listOfModifiers>
          <modifierSpeciesReference species="S3"/>
        </listOfModifiers>
        <kineticLaw>
          <math xmlns="http://www.w3.org/1998/Math/MathML">
            <apply>
              <divide/>
              <apply>
                <times/>
                <ci> S3 </ci>
                <apply>
                  <minus/>
                  <apply>
                    <divide/>
                    <apply>
                      <times/>
                      <ci> kf_J25 </ci>
                      <ci> S13 </ci>
                    </apply>
                    <ci> K2_J25 </ci>
                  </apply>
                  <apply>
                    <divide/>
                    <apply>
                      <times/>
                      <ci> kr_J25 </ci>
                      <ci> S5 </ci>
                    </apply>
                    <ci> K1_J25 </ci>
                  </apply>
                </apply>
              </apply>
              <apply>
                <plus/>
                <cn type="integer"> 1 </cn>
                <apply>
                  <divide/>
                  <ci> S13 </ci>
                  <ci> K2_J25 </ci>
                </apply>
                <apply>
                  <divide/>
                  <ci> S5 </ci>
                  <ci> K1_J25 </ci>
                </apply>
              </apply>
            </apply>
          </math>
        </kineticLaw>
      </reaction>
      <reaction id="r26" reversible="false">
        <listOfReactants>
          <speciesReference species="S15" stoichiometry="1" constant="true"/>
        </listOfReactants>
        <listOfProducts>
          <speciesReference species="S12" stoichiometry="1" constant="true"/>
        </listOfProducts>
        <listOfModifiers>
          <modifierSpeciesReference species="S13"/>
        </listOfModifiers>
        <kineticLaw>
          <math xmlns="http://www.w3.org/1998/Math/MathML">
            <apply>
              <divide/>
              <apply>
                <times/>
                <ci> S13 </ci>
                <apply>
                  <minus/>
                  <apply>
                    <divide/>
                    <apply>
                      <times/>
                      <ci> kf_J26 </ci>
                      <ci> S15 </ci>
                    </apply>
                    <ci> K1_J26 </ci>
                  </apply>
                  <apply>
                    <divide/>
                    <apply>
                      <times/>
                      <ci> kr_J26 </ci>
                      <ci> S12 </ci>
                    </apply>
                    <ci> K2_J26 </ci>
                  </apply>
                </apply>
              </apply>
              <apply>
                <plus/>
                <cn type="integer"> 1 </cn>
                <apply>
                  <divide/>
                  <ci> S15 </ci>
                  <ci> K1_J26 </ci>
                </apply>
                <apply>
                  <divide/>
                  <ci> S12 </ci>
                  <ci> K2_J26 </ci>
                </apply>
              </apply>
            </apply>
          </math>
        </kineticLaw>
      </reaction>
      <reaction id="r27" reversible="false">
        <listOfReactants>
          <speciesReference species="S12" stoichiometry="1" constant="true"/>
        </listOfReactants>
        <listOfProducts>
          <speciesReference species="S15" stoichiometry="1" constant="true"/>
        </listOfProducts>
        <listOfModifiers>
          <modifierSpeciesReference species="S3"/>
        </listOfModifiers>
        <kineticLaw>
          <math xmlns="http://www.w3.org/1998/Math/MathML">
            <apply>
              <divide/>
              <apply>
                <times/>
                <ci> S3 </ci>
                <apply>
                  <minus/>
                  <apply>
                    <divide/>
                    <apply>
                      <times/>
                      <ci> kf_J27 </ci>
                      <ci> S12 </ci>
                    </apply>
                    <ci> K2_J27 </ci>
                  </apply>
                  <apply>
                    <divide/>
                    <apply>
                      <times/>
                      <ci> kr_J27 </ci>
                      <ci> S15 </ci>
                    </apply>
                    <ci> K1_J27 </ci>
                  </apply>
                </apply>
              </apply>
              <apply>
                <plus/>
                <cn type="integer"> 1 </cn>
                <apply>
                  <divide/>
                  <ci> S12 </ci>
                  <ci> K2_J27 </ci>
                </apply>
                <apply>
                  <divide/>
                  <ci> S15 </ci>
                  <ci> K1_J27 </ci>
                </apply>
              </apply>
            </apply>
          </math>
        </kineticLaw>
      </reaction>
      <reaction id="r28" reversible="false">
        <listOfReactants>
          <speciesReference species="S16" stoichiometry="1" constant="true"/>
        </listOfReactants>
        <listOfProducts>
          <speciesReference species="S1" stoichiometry="1" constant="true"/>
        </listOfProducts>
        <listOfModifiers>
          <modifierSpeciesReference species="S5"/>
        </listOfModifiers>
        <kineticLaw>
          <math xmlns="http://www.w3.org/1998/Math/MathML">
            <apply>
              <divide/>
              <apply>
                <times/>
                <ci> S5 </ci>
                <apply>
                  <minus/>
                  <apply>
                    <divide/>
                    <apply>
                      <times/>
                      <ci> kf_J28 </ci>
                      <ci> S16 </ci>
                    </apply>
                    <ci> K1_J28 </ci>
                  </apply>
                  <apply>
                    <divide/>
                    <apply>
                      <times/>
                      <ci> kr_J28 </ci>
                      <ci> S1 </ci>
                    </apply>
                    <ci> K2_J28 </ci>
                  </apply>
                </apply>
              </apply>
              <apply>
                <plus/>
                <cn type="integer"> 1 </cn>
                <apply>
                  <divide/>
                  <ci> S16 </ci>
                  <ci> K1_J28 </ci>
                </apply>
                <apply>
                  <divide/>
                  <ci> S1 </ci>
                  <ci> K2_J28 </ci>
                </apply>
              </apply>
            </apply>
          </math>
        </kineticLaw>
      </reaction>
      <reaction id="r29" reversible="false">
        <listOfReactants>
          <speciesReference species="S1" stoichiometry="1" constant="true"/>
        </listOfReactants>
        <listOfProducts>
          <speciesReference species="S16" stoichiometry="1" constant="true"/>
        </listOfProducts>
        <listOfModifiers>
          <modifierSpeciesReference species="S12"/>
        </listOfModifiers>
        <kineticLaw>
          <math xmlns="http://www.w3.org/1998/Math/MathML">
            <apply>
              <divide/>
              <apply>
                <times/>
                <ci> S12 </ci>
                <apply>
                  <minus/>
                  <apply>
                    <divide/>
                    <apply>
                      <times/>
                      <ci> kf_J29 </ci>
                      <ci> S1 </ci>
                    </apply>
                    <ci> K2_J29 </ci>
                  </apply>
                  <apply>
                    <divide/>
                    <apply>
                      <times/>
                      <ci> kr_J29 </ci>
                      <ci> S16 </ci>
                    </apply>
                    <ci> K1_J29 </ci>
                  </apply>
                </apply>
              </apply>
              <apply>
                <plus/>
                <cn type="integer"> 1 </cn>
                <apply>
                  <divide/>
                  <ci> S1 </ci>
                  <ci> K2_J29 </ci>
                </apply>
                <apply>
                  <divide/>
                  <ci> S16 </ci>
                  <ci> K1_J29 </ci>
                </apply>
              </apply>
            </apply>
          </math>
        </kineticLaw>
      </reaction>
      <reaction id="r30" reversible="false">
        <listOfReactants>
          <speciesReference species="S11" stoichiometry="1" constant="true"/>
        </listOfReactants>
        <listOfProducts>
          <speciesReference species="S1" stoichiometry="1" constant="true"/>
        </listOfProducts>
        <kineticLaw>
          <math xmlns="http://www.w3.org/1998/Math/MathML">
            <apply>
              <divide/>
              <apply>
                <times/>
                <ci> S1 </ci>
                <apply>
                  <minus/>
                  <apply>
                    <divide/>
                    <apply>
                      <times/>
                      <ci> kf_J30 </ci>
                      <ci> S11 </ci>
                    </apply>
                    <ci> K1_J30 </ci>
                  </apply>
                  <apply>
                    <divide/>
                    <apply>
                      <times/>
                      <ci> kr_J30 </ci>
                      <ci> S1 </ci>
                    </apply>
                    <ci> K2_J30 </ci>
                  </apply>
                </apply>
              </apply>
              <apply>
                <plus/>
                <cn type="integer"> 1 </cn>
                <apply>
                  <divide/>
                  <ci> S11 </ci>
                  <ci> K1_J30 </ci>
                </apply>
                <apply>
                  <divide/>
                  <ci> S1 </ci>
                  <ci> K2_J30 </ci>
                </apply>
              </apply>
            </apply>
          </math>
        </kineticLaw>
      </reaction>
      <reaction id="r31" reversible="false">
        <listOfReactants>
          <speciesReference species="S1" stoichiometry="1" constant="true"/>
        </listOfReactants>
        <listOfProducts>
          <speciesReference species="S5" stoichiometry="1" constant="true"/>
        </listOfProducts>
        <kineticLaw>
          <math xmlns="http://www.w3.org/1998/Math/MathML">
            <apply>
              <divide/>
              <apply>
                <times/>
                <ci> S1 </ci>
                <apply>
                  <minus/>
                  <apply>
                    <divide/>
                    <apply>
                      <times/>
                      <ci> kf_J31 </ci>
                      <ci> S1 </ci>
                    </apply>
                    <ci> K1_J31 </ci>
                  </apply>
                  <apply>
                    <divide/>
                    <apply>
                      <times/>
                      <ci> kr_J31 </ci>
                      <ci> S5 </ci>
                    </apply>
                    <ci> K2_J31 </ci>
                  </apply>
                </apply>
              </apply>
              <apply>
                <plus/>
                <cn type="integer"> 1 </cn>
                <apply>
                  <divide/>
                  <ci> S1 </ci>
                  <ci> K1_J31 </ci>
                </apply>
                <apply>
                  <divide/>
                  <ci> S5 </ci>
                  <ci> K2_J31 </ci>
                </apply>
              </apply>
            </apply>
          </math>
        </kineticLaw>
      </reaction>
      <reaction id="r32" reversible="false">
        <listOfReactants>
          <speciesReference species="S5" stoichiometry="1" constant="true"/>
        </listOfReactants>
        <listOfProducts>
          <speciesReference species="S1" stoichiometry="1" constant="true"/>
        </listOfProducts>
        <listOfModifiers>
          <modifierSpeciesReference species="S16"/>
        </listOfModifiers>
        <kineticLaw>
          <math xmlns="http://www.w3.org/1998/Math/MathML">
            <apply>
              <divide/>
              <apply>
                <times/>
                <ci> S16 </ci>
                <apply>
                  <minus/>
                  <apply>
                    <divide/>
                    <apply>
                      <times/>
                      <ci> kf_J32 </ci>
                      <ci> S5 </ci>
                    </apply>
                    <ci> K1_J32 </ci>
                  </apply>
                  <apply>
                    <divide/>
                    <apply>
                      <times/>
                      <ci> kr_J32 </ci>
                      <ci> S1 </ci>
                    </apply>
                    <ci> K2_J32 </ci>
                  </apply>
                </apply>
              </apply>
              <apply>
                <plus/>
                <cn type="integer"> 1 </cn>
                <apply>
                  <divide/>
                  <ci> S5 </ci>
                  <ci> K1_J32 </ci>
                </apply>
                <apply>
                  <divide/>
                  <ci> S1 </ci>
                  <ci> K2_J32 </ci>
                </apply>
              </apply>
            </apply>
          </math>
        </kineticLaw>
      </reaction>
      <reaction id="r33" reversible="false">
        <listOfReactants>
          <speciesReference species="S1" stoichiometry="1" constant="true"/>
        </listOfReactants>
        <listOfProducts>
          <speciesReference species="S11" stoichiometry="1" constant="true"/>
        </listOfProducts>
        <listOfModifiers>
          <modifierSpeciesReference species="S16"/>
        </listOfModifiers>
        <kineticLaw>
          <math xmlns="http://www.w3.org/1998/Math/MathML">
            <apply>
              <divide/>
              <apply>
                <times/>
                <ci> S16 </ci>
                <apply>
                  <minus/>
                  <apply>
                    <divide/>
                    <apply>
                      <times/>
                      <ci> kf_J33 </ci>
                      <ci> S1 </ci>
                    </apply>
                    <ci> K1_J33 </ci>
                  </apply>
                  <apply>
                    <divide/>
                    <apply>
                      <times/>
                      <ci> kr_J33 </ci>
                      <ci> S11 </ci>
                    </apply>
                    <ci> K2_J33 </ci>
                  </apply>
                </apply>
              </apply>
              <apply>
                <plus/>
                <cn type="integer"> 1 </cn>
                <apply>
                  <divide/>
                  <ci> S1 </ci>
                  <ci> K1_J33 </ci>
                </apply>
                <apply>
                  <divide/>
                  <ci> S11 </ci>
                  <ci> K2_J33 </ci>
                </apply>
              </apply>
            </apply>
          </math>
        </kineticLaw>
      </reaction>
      <reaction id="r34" reversible="false">
        <listOfReactants>
          <speciesReference species="S15" stoichiometry="1" constant="true"/>
        </listOfReactants>
        <listOfProducts>
          <speciesReference species="S12" stoichiometry="1" constant="true"/>
        </listOfProducts>
        <listOfModifiers>
          <modifierSpeciesReference species="S11"/>
        </listOfModifiers>
        <kineticLaw>
          <math xmlns="http://www.w3.org/1998/Math/MathML">
            <apply>
              <divide/>
              <apply>
                <times/>
                <ci> S11 </ci>
                <apply>
                  <minus/>
                  <apply>
                    <divide/>
                    <apply>
                      <times/>
                      <ci> kf_J34 </ci>
                      <ci> S15 </ci>
                    </apply>
                    <ci> K1_J34 </ci>
                  </apply>
                  <apply>
                    <divide/>
                    <apply>
                      <times/>
                      <ci> kr_J34 </ci>
                      <ci> S12 </ci>
                    </apply>
                    <ci> K2_J34 </ci>
                  </apply>
                </apply>
              </apply>
              <apply>
                <plus/>
                <cn type="integer"> 1 </cn>
                <apply>
                  <divide/>
                  <ci> S15 </ci>
                  <ci> K1_J34 </ci>
                </apply>
                <apply>
                  <divide/>
                  <ci> S12 </ci>
                  <ci> K2_J34 </ci>
                </apply>
              </apply>
            </apply>
          </math>
        </kineticLaw>
      </reaction>
      <reaction id="r35" reversible="false">
        <listOfReactants>
          <speciesReference species="S12" stoichiometry="1" constant="true"/>
        </listOfReactants>
        <listOfProducts>
          <speciesReference species="S15" stoichiometry="1" constant="true"/>
        </listOfProducts>
        <listOfModifiers>
          <modifierSpeciesReference species="S1"/>
        </listOfModifiers>
        <kineticLaw>
          <math xmlns="http://www.w3.org/1998/Math/MathML">
            <apply>
              <divide/>
              <apply>
                <times/>
                <ci> S1 </ci>
                <apply>
                  <minus/>
                  <apply>
                    <divide/>
                    <apply>
                      <times/>
                      <ci> kf_J35 </ci>
                      <ci> S12 </ci>
                    </apply>
                    <ci> K2_J35 </ci>
                  </apply>
                  <apply>
                    <divide/>
                    <apply>
                      <times/>
                      <ci> kr_J35 </ci>
                      <ci> S15 </ci>
                    </apply>
                    <ci> K1_J35 </ci>
                  </apply>
                </apply>
              </apply>
              <apply>
                <plus/>
                <cn type="integer"> 1 </cn>
                <apply>
                  <divide/>
                  <ci> S12 </ci>
                  <ci> K2_J35 </ci>
                </apply>
                <apply>
                  <divide/>
                  <ci> S15 </ci>
                  <ci> K1_J35 </ci>
                </apply>
              </apply>
            </apply>
          </math>
        </kineticLaw>
      </reaction>
    </listOfReactions>
  </model>
</sbml>
