<?xml version="1.0" encoding="UTF-8"?>
<sbml xmlns="http://www.sbml.org/sbml/level3/version2/core" level="3" version="2">
  <model>
    <listOfCompartments>
      <compartment id="compartment" size="1" constant="false"/>
    </listOfCompartments>
    <listOfSpecies>
      <species id="S1" compartment="compartment" initialAmount="5.94347647903096" hasOnlySubstanceUnits="true" boundaryCondition="false" constant="false"/>
      <species id="S2" compartment="compartment" initialAmount="1.64154660932688" hasOnlySubstanceUnits="true" boundaryCondition="false" constant="false"/>
      <species id="S3" compartment="compartment" initialAmount="10.0093566137815" hasOnlySubstanceUnits="true" boundaryCondition="false" constant="false"/>
      <species id="S4" compartment="compartment" initialAmount="0.14776095402977" hasOnlySubstanceUnits="true" boundaryCondition="false" constant="false"/>
      <species id="S5" compartment="compartment" initialAmount="0.0855329528660713" hasOnlySubstanceUnits="true" boundaryCondition="false" constant="false"/>
      <species id="S6" compartment="compartment" initialAmount="2.58474365528116" hasOnlySubstanceUnits="true" boundaryCondition="true" constant="false"/>
      <species id="S7" compartment="compartment" initialAmount="7.99822774928294" hasOnlySubstanceUnits="true" boundaryCondition="false" constant="false"/>
      <species id="S8" compartment="compartment" initialAmount="5.15803099779994" hasOnlySubstanceUnits="true" boundaryCondition="false" constant="false"/>
      <species id="S9" compartment="compartment" initialAmount="0.873891907472695" hasOnlySubstanceUnits="true" boundaryCondition="false" constant="false"/>
      <species id="S10" compartment="compartment" initialAmount="2.50405303401236" hasOnlySubstanceUnits="true" boundaryCondition="false" constant="false"/>
      <species id="S11" compartment="compartment" initialAmount="9.49357872652334" hasOnlySubstanceUnits="true" boundaryCondition="false" constant="false"/>
      <species id="S12" compartment="compartment" initialAmount="30.0227826978989" hasOnlySubstanceUnits="true" boundaryCondition="false" constant="false"/>
      <species id="S13" compartment="compartment" initialAmount="12.4046185899982" hasOnlySubstanceUnits="true" boundaryCondition="false" constant="false"/>
      <species id="S14" compartment="compartment" initialAmount="4.8215999955853" hasOnlySubstanceUnits="true" boundaryCondition="false" constant="false"/>
      <species id="S15" compartment="compartment" initialAmount="4.53946371627216" hasOnlySubstanceUnits="true" boundaryCondition="false" constant="false"/>
      <species id="S16" compartment="compartment" initialAmount="7.68865679645736" hasOnlySubstanceUnits="true" boundaryCondition="false" constant="false"/>
      <species id="S17" compartment="compartment" initialAmount="0.0229394013888675" hasOnlySubstanceUnits="true" boundaryCondition="false" constant="false"/>
      <species id="S18" compartment="compartment" initialAmount="7.91524323472788" hasOnlySubstanceUnits="true" boundaryCondition="false" constant="false"/>
      <species id="S19" compartment="compartment" initialAmount="2.06465553721572" hasOnlySubstanceUnits="true" boundaryCondition="false" constant="false"/>
      <species id="S20" compartment="compartment" initialAmount="2.98228096631127" hasOnlySubstanceUnits="true" boundaryCondition="true" constant="false"/>
      <species id="S21" compartment="compartment" initialAmount="7.09891535692178" hasOnlySubstanceUnits="true" boundaryCondition="false" constant="false"/>
      <species id="S22" compartment="compartment" initialAmount="39.9304629757755" hasOnlySubstanceUnits="true" boundaryCondition="false" constant="false"/>
      <species id="S23" compartment="compartment" initialAmount="0.153555138722884" hasOnlySubstanceUnits="true" boundaryCondition="false" constant="false"/>
      <species id="S24" compartment="compartment" initialAmount="3.2111090041492" hasOnlySubstanceUnits="true" boundaryCondition="false" constant="false"/>
      <species id="S25" compartment="compartment" initialAmount="1.68304697697046" hasOnlySubstanceUnits="true" boundaryCondition="false" constant="false"/>
      <species id="S_in" compartment="compartment" initialAmount="17.1125803108102" hasOnlySubstanceUnits="true" boundaryCondition="true" constant="false"/>
      <species id="S_out" compartment="compartment" initialAmount="2.06586357926113" hasOnlySubstanceUnits="true" boundaryCondition="false" constant="false"/>
    </listOfSpecies>
    <listOfParameters>
      <parameter id="kf_J1" value="0.488023340636451" constant="false"/>
      <parameter id="kr_J1" value="0.409251150358892" constant="false"/>
      <parameter id="kf_J2" value="0.335784612609864" constant="false"/>
      <parameter id="kr_J2" value="0.24170841665801" constant="false"/>
      <parameter id="K1_J2" value="0.474030371267132" constant="false"/>
      <parameter id="K2_J2" value="0.385324127956191" constant="false"/>
      <parameter id="kf_J3" value="0.11463021982803" constant="false"/>
      <parameter id="kr_J3" value="0.126823480522177" constant="false"/>
      <parameter id="K1_J3" value="0.367224626664796" constant="false"/>
      <parameter id="K2_J3" value="0.480168153214689" constant="false"/>
      <parameter id="kf_J4" value="0.539407271565416" constant="false"/>
      <parameter id="kr_J4" value="0.713499092359868" constant="false"/>
      <parameter id="K1_J4" value="0.817633137306503" constant="false"/>
      <parameter id="K2_J4" value="0.344194862165243" constant="false"/>
      <parameter id="kf_J5" value="0.50047612613818" constant="false"/>
      <parameter id="kr_J5" value="0.762770275248563" constant="false"/>
      <parameter id="kf_J6" value="0.0647109608278666" constant="false"/>
      <parameter id="kr_J6" value="0.313084587615311" constant="false"/>
      <parameter id="K1_J6" value="0.425126023648468" constant="false"/>
      <parameter id="K2_J6" value="0.63897019528013" constant="false"/>
      <parameter id="kf_J7" value="0.0281654004478757" constant="false"/>
      <parameter id="kr_J7" value="0.35321168665269" constant="false"/>
      <parameter id="K1_J7" value="0.659303940531948" constant="false"/>
      <parameter id="K2_J7" value="0.675579878451253" constant="false"/>
      <parameter id="kf_J8" value="0.488947197305468" constant="false"/>
      <parameter id="kr_J8" value="0.253061367226736" constant="false"/>
      <parameter id="K1_J8" value="0.0149675130819875" constant="false"/>
      <parameter id="K2_J8" value="0.960891047713699" constant="false"/>
      <parameter id="kf_J9" value="0.867972387515939" constant="false"/>
      <parameter id="kr_J9" value="0.4619037528373" constant="false"/>
      <parameter id="K1_J9" value="0.786042771695858" constant="false"/>
      <parameter id="K2_J9" value="0.145313305569971" constant="false"/>
      <parameter id="kf_J10" value="0.403202062448776" constant="false"/>
      <parameter id="kr_J10" value="0.0363251730315495" constant="false"/>
      <parameter id="K1_J10" value="0.652686881247138" constant="false"/>
      <parameter id="K2_J10" value="0.481633371461671" constant="false"/>
      <parameter id="kf_J11" value="0.348625753512184" constant="false"/>
      <parameter id="kr_J11" value="0.920187499919853" constant="false"/>
      <parameter id="K1_J11" value="0.0314542445174255" constant="false"/>
      <parameter id="K2_J11" value="0.0704733688285246" constant="false"/>
      <parameter id="kf_J12" value="0.526234669976384" constant="false"/>
      <parameter id="kr_J12" value="0.618243290920163" constant="false"/>
      <parameter id="K1_J12" value="0.24326065548002" constant="false"/>
      <parameter id="K2_J12" value="0.0527104896123489" constant="false"/>
      <parameter id="kf_J13" value="0.835455607830409" constant="false"/>
      <parameter id="kr_J13" value="0.810370268105451" constant="false"/>
      <parameter id="K1_J13" value="0.878485897701735" constant="false"/>
      <parameter id="K2_J13" value="0.635395785518835" constant="false"/>
      <parameter id="kf_J14" value="0.703133970964713" constant="false"/>
      <parameter id="kr_J14" value="0.882501598892236" constant="false"/>
      <parameter id="K1_J14" value="0.531217768429042" constant="false"/>
      <parameter id="K2_J14" value="0.811925152903022" constant="false"/>
      <parameter id="kf_J15" value="0.555543780035228" constant="false"/>
      <parameter id="kr_J15" value="0.628057863422373" constant="false"/>
      <parameter id="K1_J15" value="0.214549369959732" constant="false"/>
      <parameter id="K2_J15" value="0.434873151755758" constant="false"/>
      <parameter id="kf_J16" value="0.045499338071586" constant="false"/>
      <parameter id="kr_J16" value="0.474381525376354" constant="false"/>
      <parameter id="K1_J16" value="0.0386532627247675" constant="false"/>
      <parameter id="K2_J16" value="0.00903193304239891" constant="false"/>
      <parameter id="kf_J17" value="0.231808566937844" constant="false"/>
      <parameter id="kr_J17" value="0.346333980991746" constant="false"/>
      <parameter id="K1_J17" value="0.360010322389482" constant="false"/>
      <parameter id="K2_J17" value="0.632201805430878" constant="false"/>
      <parameter id="kf_J18" value="0.846371861716579" constant="false"/>
      <parameter id="kr_J18" value="0.355142279125322" constant="false"/>
      <parameter id="K1_J18" value="0.99306220184605" constant="false"/>
      <parameter id="K2_J18" value="0.247500054560013" constant="false"/>
      <parameter id="kf_J19" value="0.221411430648593" constant="false"/>
      <parameter id="kr_J19" value="0.515383410216932" constant="false"/>
      <parameter id="K1_J19" value="0.335330747666253" constant="false"/>
      <parameter id="K2_J19" value="0.405015319887863" constant="false"/>
      <parameter id="kf_J20" value="0.310911885773552" constant="false"/>
      <parameter id="kr_J20" value="0.635163421454476" constant="false"/>
      <parameter id="kf_J21" value="0.0872831622522228" constant="false"/>
      <parameter id="kr_J21" value="0.209977532561793" constant="false"/>
      <parameter id="K1_J21" value="0.88573675842111" constant="false"/>
      <parameter id="K2_J21" value="0.900629373338589" constant="false"/>
      <parameter id="kf_J22" value="0.862962032840117" constant="false"/>
      <parameter id="kr_J22" value="0.23772292149524" constant="false"/>
      <parameter id="K1_J22" value="0.591131759157946" constant="false"/>
      <parameter id="K2_J22" value="0.908587660010249" constant="false"/>
      <parameter id="kf_J23" value="0.331651727952201" constant="false"/>
      <parameter id="kr_J23" value="0.190508863070348" constant="false"/>
      <parameter id="K1_J23" value="0.930569255823877" constant="false"/>
      <parameter id="K2_J23" value="0.430272956458561" constant="false"/>
      <parameter id="kf_J24" value="0.55978241221959" constant="false"/>
      <parameter id="kr_J24" value="0.629008857539558" constant="false"/>
      <parameter id="K1_J24" value="0.0869095097219219" constant="false"/>
      <parameter id="K2_J24" value="0.208277522506086" constant="false"/>
      <parameter id="kf_J25" value="0.588356731668583" constant="false"/>
      <parameter id="kr_J25" value="0.942034781637031" constant="false"/>
      <parameter id="K1_J25" value="0.633984468151653" constant="false"/>
      <parameter id="K2_J25" value="0.039401152402964" constant="false"/>
      <parameter id="kf_J26" value="0.890986705827026" constant="false"/>
      <parameter id="kr_J26" value="0.860536369743783" constant="false"/>
      <parameter id="K1_J26" value="0.681747682279847" constant="false"/>
      <parameter id="K2_J26" value="0.498519729639856" constant="false"/>
      <parameter id="kf_J27" value="0.176145580518896" constant="false"/>
      <parameter id="kr_J27" value="0.0409381328440619" constant="false"/>
      <parameter id="K1_J27" value="0.916636366238111" constant="false"/>
      <parameter id="K2_J27" value="0.455348750171364" constant="false"/>
      <parameter id="kf_J28" value="0.670619887943124" constant="false"/>
      <parameter id="kr_J28" value="0.449037555828946" constant="false"/>
      <parameter id="K1_J28" value="0.640195250007695" constant="false"/>
      <parameter id="K2_J28" value="0.416906217323662" constant="false"/>
      <parameter id="kf_J29" value="0.285894932429456" constant="false"/>
      <parameter id="kr_J29" value="0.671813065998339" constant="false"/>
      <parameter id="K1_J29" value="0.500788703890237" constant="false"/>
      <parameter id="K2_J29" value="0.0978159095717164" constant="false"/>
      <parameter id="kf_J30" value="0.60298517529857" constant="false"/>
      <parameter id="kr_J30" value="0.500934578348382" constant="false"/>
      <parameter id="K1_J30" value="0.286340678160723" constant="false"/>
      <parameter id="K2_J30" value="0.777305241507029" constant="false"/>
      <parameter id="kf_J31" value="0.0276788296764072" constant="false"/>
      <parameter id="kr_J31" value="0.774703263395015" constant="false"/>
      <parameter id="K1_J31" value="0.057640092988624" constant="false"/>
      <parameter id="K2_J31" value="0.227420190249929" constant="false"/>
      <parameter id="kf_J32" value="0.211877685979198" constant="false"/>
      <parameter id="kr_J32" value="0.368478473249622" constant="false"/>
      <parameter id="K1_J32" value="0.91169505141996" constant="false"/>
      <parameter id="K2_J32" value="0.416644313952898" constant="false"/>
      <parameter id="kf_J33" value="0.352944444134549" constant="false"/>
      <parameter id="kr_J33" value="0.574578292510332" constant="false"/>
      <parameter id="K1_J33" value="0.733873449353549" constant="false"/>
      <parameter id="K2_J33" value="0.207488623659577" constant="false"/>
      <parameter id="kf_J34" value="0.759949786994359" constant="false"/>
      <parameter id="kr_J34" value="0.612041241543894" constant="false"/>
      <parameter id="K1_J34" value="0.40167583069572" constant="false"/>
      <parameter id="K2_J34" value="0.949099228772125" constant="false"/>
      <parameter id="kf_J35" value="0.545263848383191" constant="false"/>
      <parameter id="kr_J35" value="0.832103703855712" constant="false"/>
      <parameter id="K1_J35" value="0.876551710007504" constant="false"/>
      <parameter id="K2_J35" value="0.204188026569229" constant="false"/>
    </listOfParameters>
    <listOfReactions>
      <reaction id="r1" reversible="false">
        <listOfReactants>
          <speciesReference species="S_in" stoichiometry="1" constant="true"/>
          <speciesReference species="S20" stoichiometry="1" constant="true"/>
        </listOfReactants>
        <listOfProducts>
          <speciesReference species="S16" stoichiometry="1" constant="true"/>
          <speciesReference species="S18" stoichiometry="1" constant="true"/>
        </listOfProducts>
        <kineticLaw>
          <math xmlns="http://www.w3.org/1998/Math/MathML">
            <apply>
              <minus/>
              <apply>
                <times/>
                <ci> kf_J1 </ci>
                <ci> S_in </ci>
                <ci> S20 </ci>
              </apply>
              <apply>
                <times/>
                <ci> kr_J1 </ci>
                <ci> S16 </ci>
                <ci> S18 </ci>
              </apply>
            </apply>
          </math>
        </kineticLaw>
      </reaction>
      <reaction id="r2" reversible="false">
        <listOfReactants>
          <speciesReference species="S2" stoichiometry="1" constant="true"/>
        </listOfReactants>
        <listOfProducts>
          <speciesReference species="S_out" stoichiometry="1" constant="true"/>
        </listOfProducts>
        <listOfModifiers>
          <modifierSpeciesReference species="S5"/>
        </listOfModifiers>
        <kineticLaw>
          <math xmlns="http://www.w3.org/1998/Math/MathML">
            <apply>
              <divide/>
              <apply>
                <times/>
                <ci> S5 </ci>
                <apply>
                  <minus/>
                  <apply>
                    <divide/>
                    <apply>
                      <times/>
                      <ci> kf_J2 </ci>
                      <ci> S2 </ci>
                    </apply>
                    <ci> K1_J2 </ci>
                  </apply>
                  <apply>
                    <divide/>
                    <apply>
                      <times/>
                      <ci> kr_J2 </ci>
                      <ci> S_out </ci>
                    </apply>
                    <ci> K2_J2 </ci>
                  </apply>
                </apply>
              </apply>
              <apply>
                <plus/>
                <cn type="integer"> 1 </cn>
                <apply>
                  <divide/>
                  <ci> S2 </ci>
                  <ci> K1_J2 </ci>
                </apply>
                <apply>
                  <divide/>
                  <ci> S_out </ci>
                  <ci> K2_J2 </ci>
                </apply>
              </apply>
            </apply>
          </math>
        </kineticLaw>
      </reaction>
      <reaction id="r3" reversible="false">
        <listOfReactants>
          <speciesReference species="S_out" stoichiometry="1" constant="true"/>
        </listOfReactants>
        <listOfProducts>
          <speciesReference species="S2" stoichiometry="1" constant="true"/>
        </listOfProducts>
        <listOfModifiers>
          <modifierSpeciesReference species="S23"/>
        </listOfModifiers>
        <kineticLaw>
          <math xmlns="http://www.w3.org/1998/Math/MathML">
            <apply>
              <divide/>
              <apply>
                <times/>
                <ci> S23 </ci>
                <apply>
                  <minus/>
                  <apply>
                    <divide/>
                    <apply>
                      <times/>
                      <ci> kf_J3 </ci>
                      <ci> S_out </ci>
                    </apply>
                    <ci> K2_J3 </ci>
                  </apply>
                  <apply>
                    <divide/>
                    <apply>
                      <times/>
                      <ci> kr_J3 </ci>
                      <ci> S2 </ci>
                    </apply>
                    <ci> K1_J3 </ci>
                  </apply>
                </apply>
              </apply>
              <apply>
                <plus/>
                <cn type="integer"> 1 </cn>
                <apply>
                  <divide/>
                  <ci> S_out </ci>
                  <ci> K2_J3 </ci>
                </apply>
                <apply>
                  <divide/>
                  <ci> S2 </ci>
                  <ci> K1_J3 </ci>
                </apply>
              </apply>
            </apply>
          </math>
        </kineticLaw>
      </reaction>
      <reaction id="r4" reversible="false">
        <listOfReactants>
          <speciesReference species="S8" stoichiometry="1" constant="true"/>
        </listOfReactants>
        <listOfProducts>
          <speciesReference species="S2" stoichiometry="1" constant="true"/>
        </listOfProducts>
        <listOfModifiers>
          <modifierSpeciesReference species="S19"/>
        </listOfModifiers>
        <kineticLaw>
          <math xmlns="http://www.w3.org/1998/Math/MathML">
            <apply>
              <divide/>
              <apply>
                <times/>
                <ci> S19 </ci>
                <apply>
                  <minus/>
                  <apply>
                    <divide/>
                    <apply>
                      <times/>
                      <ci> kf_J4 </ci>
                      <ci> S8 </ci>
                    </apply>
                    <ci> K1_J4 </ci>
                  </apply>
                  <apply>
                    <divide/>
                    <apply>
                      <times/>
                      <ci> kr_J4 </ci>
                      <ci> S2 </ci>
                    </apply>
                    <ci> K2_J4 </ci>
                  </apply>
                </apply>
              </apply>
              <apply>
                <plus/>
                <cn type="integer"> 1 </cn>
                <apply>
                  <divide/>
                  <ci> S8 </ci>
                  <ci> K1_J4 </ci>
                </apply>
                <apply>
                  <divide/>
                  <ci> S2 </ci>
                  <ci> K2_J4 </ci>
                </apply>
              </apply>
            </apply>
          </math>
        </kineticLaw>
      </reaction>
      <reaction id="r5" reversible="false">
        <listOfReactants>
          <speciesReference species="S16" stoichiometry="1" constant="true"/>
          <speciesReference species="S18" stoichiometry="1" constant="true"/>
        </listOfReactants>
        <listOfProducts>
          <speciesReference species="S22" stoichiometry="1" constant="true"/>
        </listOfProducts>
        <kineticLaw>
          <math xmlns="http://www.w3.org/1998/Math/MathML">
            <apply>
              <minus/>
              <apply>
                <times/>
                <ci> kf_J5 </ci>
                <ci> S16 </ci>
                <ci> S18 </ci>
              </apply>
              <apply>
                <times/>
                <ci> kr_J5 </ci>
                <ci> S22 </ci>
              </apply>
            </apply>
          </math>
        </kineticLaw>
      </reaction>
      <reaction id="r6" reversible="false">
        <listOfReactants>
          <speciesReference species="S22" stoichiometry="1" constant="true"/>
        </listOfReactants>
        <listOfProducts>
          <speciesReference species="S13" stoichiometry="1" constant="true"/>
        </listOfProducts>
        <listOfModifiers>
          <modifierSpeciesReference species="S1"/>
        </listOfModifiers>
        <kineticLaw>
          <math xmlns="http://www.w3.org/1998/Math/MathML">
            <apply>
              <divide/>
              <apply>
                <times/>
                <ci> S1 </ci>
                <apply>
                  <minus/>
                  <apply>
                    <divide/>
                    <apply>
                      <times/>
                      <ci> kf_J6 </ci>
                      <ci> S22 </ci>
                    </apply>
                    <ci> K1_J6 </ci>
                  </apply>
                  <apply>
                    <divide/>
                    <apply>
                      <times/>
                      <ci> kr_J6 </ci>
                      <ci> S13 </ci>
                    </apply>
                    <ci> K2_J6 </ci>
                  </apply>
                </apply>
              </apply>
              <apply>
                <plus/>
                <cn type="integer"> 1 </cn>
                <apply>
                  <divide/>
                  <ci> S22 </ci>
                  <ci> K1_J6 </ci>
                </apply>
                <apply>
                  <divide/>
                  <ci> S13 </ci>
                  <ci> K2_J6 </ci>
                </apply>
              </apply>
            </apply>
          </math>
        </kineticLaw>
      </reaction>
      <reaction id="r7" reversible="false">
        <listOfReactants>
          <speciesReference species="S24" stoichiometry="1" constant="true"/>
        </listOfReactants>
        <listOfProducts>
          <speciesReference species="S8" stoichiometry="1" constant="true"/>
        </listOfProducts>
        <listOfModifiers>
          <modifierSpeciesReference species="S4"/>
        </listOfModifiers>
        <kineticLaw>
          <math xmlns="http://www.w3.org/1998/Math/MathML">
            <apply>
              <divide/>
              <apply>
                <times/>
                <ci> S4 </ci>
                <apply>
                  <minus/>
                  <apply>
                    <divide/>
                    <apply>
                      <times/>
                      <ci> kf_J7 </ci>
                      <ci> S24 </ci>
                    </apply>
                    <ci> K1_J7 </ci>
                  </apply>
                  <apply>
                    <divide/>
                    <apply>
                      <times/>
                      <ci> kr_J7 </ci>
                      <ci> S8 </ci>
                    </apply>
                    <ci> K2_J7 </ci>
                  </apply>
                </apply>
              </apply>
              <apply>
                <plus/>
                <cn type="integer"> 1 </cn>
                <apply>
                  <divide/>
                  <ci> S24 </ci>
                  <ci> K1_J7 </ci>
                </apply>
                <apply>
                  <divide/>
                  <ci> S8 </ci>
                  <ci> K2_J7 </ci>
                </apply>
              </apply>
            </apply>
          </math>
        </kineticLaw>
      </reaction>
      <reaction id="r8" reversible="false">
        <listOfReactants>
          <speciesReference species="S8" stoichiometry="1" constant="true"/>
        </listOfReactants>
        <listOfProducts>
          <speciesReference species="S24" stoichiometry="1" constant="true"/>
        </listOfProducts>
        <listOfModifiers>
          <modifierSpeciesReference species="S13"/>
        </listOfModifiers>
        <kineticLaw>
          <math xmlns="http://www.w3.org/1998/Math/MathML">
            <apply>
              <divide/>
              <apply>
                <times/>
                <ci> S13 </ci>
                <apply>
                  <minus/>
                  <apply>
                    <divide/>
                    <apply>
                      <times/>
                      <ci> kf_J8 </ci>
                      <ci> S8 </ci>
                    </apply>
                    <ci> K2_J8 </ci>
                  </apply>
                  <apply>
                    <divide/>
                    <apply>
                      <times/>
                      <ci> kr_J8 </ci>
                      <ci> S24 </ci>
                    </apply>
                    <ci> K1_J8 </ci>
                  </apply>
                </apply>
              </apply>
              <apply>
                <plus/>
                <cn type="integer"> 1 </cn>
                <apply>
                  <divide/>
                  <ci> S8 </ci>
                  <ci> K2_J8 </ci>
                </apply>
                <apply>
                  <divide/>
                  <ci> S24 </ci>
                  <ci> K1_J8 </ci>
                </apply>
              </apply>
            </apply>
          </math>
        </kineticLaw>
      </reaction>
      <reaction id="r9" reversible="false">
        <listOfReactants>
          <speciesReference species="S13" stoichiometry="1" constant="true"/>
        </listOfReactants>
        <listOfProducts>
          <speciesReference species="S15" stoichiometry="1" constant="true"/>
        </listOfProducts>
        <listOfModifiers>
          <modifierSpeciesReference species="S8"/>
        </listOfModifiers>
        <kineticLaw>
          <math xmlns="http://www.w3.org/1998/Math/MathML">
            <apply>
              <divide/>
              <apply>
                <times/>
                <ci> S8 </ci>
                <apply>
                  <minus/>
                  <apply>
                    <divide/>
                    <apply>
                      <times/>
                      <ci> kf_J9 </ci>
                      <ci> S13 </ci>
                    </apply>
                    <ci> K1_J9 </ci>
                  </apply>
                  <apply>
                    <divide/>
                    <apply>
                      <times/>
                      <ci> kr_J9 </ci>
                      <ci> S15 </ci>
                    </apply>
                    <ci> K2_J9 </ci>
                  </apply>
                </apply>
              </apply>
              <apply>
                <plus/>
                <cn type="integer"> 1 </cn>
                <apply>
                  <divide/>
                  <ci> S13 </ci>
                  <ci> K1_J9 </ci>
                </apply>
                <apply>
                  <divide/>
                  <ci> S15 </ci>
                  <ci> K2_J9 </ci>
                </apply>
              </apply>
            </apply>
          </math>
        </kineticLaw>
      </reaction>
      <reaction id="r10" reversible="false">
        <listOfReactants>
          <speciesReference species="S15" stoichiometry="1" constant="true"/>
        </listOfReactants>
        <listOfProducts>
          <speciesReference species="S12" stoichiometry="1" constant="true"/>
        </listOfProducts>
        <listOfModifiers>
          <modifierSpeciesReference species="S8"/>
        </listOfModifiers>
        <kineticLaw>
          <math xmlns="http://www.w3.org/1998/Math/MathML">
            <apply>
              <divide/>
              <apply>
                <times/>
                <ci> S8 </ci>
                <apply>
                  <minus/>
                  <apply>
                    <divide/>
                    <apply>
                      <times/>
                      <ci> kf_J10 </ci>
                      <ci> S15 </ci>
                    </apply>
                    <ci> K1_J10 </ci>
                  </apply>
                  <apply>
                    <divide/>
                    <apply>
                      <times/>
                      <ci> kr_J10 </ci>
                      <ci> S12 </ci>
                    </apply>
                    <ci> K2_J10 </ci>
                  </apply>
                </apply>
              </apply>
              <apply>
                <plus/>
                <cn type="integer"> 1 </cn>
                <apply>
                  <divide/>
                  <ci> S15 </ci>
                  <ci> K1_J10 </ci>
                </apply>
                <apply>
                  <divide/>
                  <ci> S12 </ci>
                  <ci> K2_J10 </ci>
                </apply>
              </apply>
            </apply>
          </math>
        </kineticLaw>
      </reaction>
      <reaction id="r11" reversible="false">
        <listOfReactants>
          <speciesReference species="S12" stoichiometry="1" constant="true"/>
        </listOfReactants>
        <listOfProducts>
          <speciesReference species="S15" stoichiometry="1" constant="true"/>
        </listOfProducts>
        <listOfModifiers>
          <modifierSpeciesReference species="S4"/>
        </listOfModifiers>
        <kineticLaw>
          <math xmlns="http://www.w3.org/1998/Math/MathML">
            <apply>
              <divide/>
              <apply>
                <times/>
                <ci> S4 </ci>
                <apply>
                  <minus/>
                  <apply>
                    <divide/>
                    <apply>
                      <times/>
                      <ci> kf_J11 </ci>
                      <ci> S12 </ci>
                    </apply>
                    <ci> K1_J11 </ci>
                  </apply>
                  <apply>
                    <divide/>
                    <apply>
                      <times/>
                      <ci> kr_J11 </ci>
                      <ci> S15 </ci>
                    </apply>
                    <ci> K2_J11 </ci>
                  </apply>
                </apply>
              </apply>
              <apply>
                <plus/>
                <cn type="integer"> 1 </cn>
                <apply>
                  <divide/>
                  <ci> S12 </ci>
                  <ci> K1_J11 </ci>
                </apply>
                <apply>
                  <divide/>
                  <ci> S15 </ci>
                  <ci> K2_J11 </ci>
                </apply>
              </apply>
            </apply>
          </math>
        </kineticLaw>
      </reaction>
      <reaction id="r12" reversible="false">
        <listOfReactants>
          <speciesReference species="S15" stoichiometry="1" constant="true"/>
        </listOfReactants>
        <listOfProducts>
          <speciesReference species="S13" stoichiometry="1" constant="true"/>
        </listOfProducts>
        <listOfModifiers>
          <modifierSpeciesReference species="S4"/>
        </listOfModifiers>
        <kineticLaw>
          <math xmlns="http://www.w3.org/1998/Math/MathML">
            <apply>
              <divide/>
              <apply>
                <times/>
                <ci> S4 </ci>
                <apply>
                  <minus/>
                  <apply>
                    <divide/>
                    <apply>
                      <times/>
                      <ci> kf_J12 </ci>
                      <ci> S15 </ci>
                    </apply>
                    <ci> K1_J12 </ci>
                  </apply>
                  <apply>
                    <divide/>
                    <apply>
                      <times/>
                      <ci> kr_J12 </ci>
                      <ci> S13 </ci>
                    </apply>
                    <ci> K2_J12 </ci>
                  </apply>
                </apply>
              </apply>
              <apply>
                <plus/>
                <cn type="integer"> 1 </cn>
                <apply>
                  <divide/>
                  <ci> S15 </ci>
                  <ci> K1_J12 </ci>
                </apply>
                <apply>
                  <divide/>
                  <ci> S13 </ci>
                  <ci> K2_J12 </ci>
                </apply>
              </apply>
            </apply>
          </math>
        </kineticLaw>
      </reaction>
      <reaction id="r13" reversible="false">
        <listOfReactants>
          <speciesReference species="S7" stoichiometry="1" constant="true"/>
        </listOfReactants>
        <listOfProducts>
          <speciesReference species="S24" stoichiometry="1" constant="true"/>
        </listOfProducts>
        <listOfModifiers>
          <modifierSpeciesReference species="S13"/>
        </listOfModifiers>
        <kineticLaw>
          <math xmlns="http://www.w3.org/1998/Math/MathML">
            <apply>
              <divide/>
              <apply>
                <times/>
                <ci> S13 </ci>
                <apply>
                  <minus/>
                  <apply>
                    <divide/>
                    <apply>
                      <times/>
                      <ci> kf_J13 </ci>
                      <ci> S7 </ci>
                    </apply>
                    <ci> K1_J13 </ci>
                  </apply>
                  <apply>
                    <divide/>
                    <apply>
                      <times/>
                      <ci> kr_J13 </ci>
                      <ci> S24 </ci>
                    </apply>
                    <ci> K2_J13 </ci>
                  </apply>
                </apply>
              </apply>
              <apply>
                <plus/>
                <cn type="integer"> 1 </cn>
                <apply>
                  <divide/>
                  <ci> S7 </ci>
                  <ci> K1_J13 </ci>
                </apply>
                <apply>
                  <divide/>
                  <ci> S24 </ci>
                  <ci> K2_J13 </ci>
                </apply>
              </apply>
            </apply>
          </math>
        </kineticLaw>
      </reaction>
      <reaction id="r14" reversible="false">
        <listOfReactants>
          <speciesReference species="S14" stoichiometry="1" constant="true"/>
        </listOfReactants>
        <listOfProducts>
          <speciesReference species="S3" stoichiometry="1" constant="true"/>
        </listOfProducts>
        <listOfModifiers>
          <modifierSpeciesReference species="S24"/>
        </listOfModifiers>
        <kineticLaw>
          <math xmlns="http://www.w3.org/1998/Math/MathML">
            <apply>
              <divide/>
              <apply>
                <times/>
                <ci> S24 </ci>
                <apply>
                  <minus/>
                  <apply>
                    <divide/>
                    <apply>
                      <times/>
                      <ci> kf_J14 </ci>
                      <ci> S14 </ci>
                    </apply>
                    <ci> K1_J14 </ci>
                  </apply>
                  <apply>
                    <divide/>
                    <apply>
                      <times/>
                      <ci> kr_J14 </ci>
                      <ci> S3 </ci>
                    </apply>
                    <ci> K2_J14 </ci>
                  </apply>
                </apply>
              </apply>
              <apply>
                <plus/>
                <cn type="integer"> 1 </cn>
                <apply>
                  <divide/>
                  <ci> S14 </ci>
                  <ci> K1_J14 </ci>
                </apply>
                <apply>
                  <divide/>
                  <ci> S3 </ci>
                  <ci> K2_J14 </ci>
                </apply>
              </apply>
            </apply>
          </math>
        </kineticLaw>
      </reaction>
      <reaction id="r15" reversible="false">
        <listOfReactants>
          <speciesReference species="S3" stoichiometry="1" constant="true"/>
        </listOfReactants>
        <listOfProducts>
          <speciesReference species="S14" stoichiometry="1" constant="true"/>
        </listOfProducts>
        <listOfModifiers>
          <modifierSpeciesReference species="S7"/>
        </listOfModifiers>
        <kineticLaw>
          <math xmlns="http://www.w3.org/1998/Math/MathML">
            <apply>
              <divide/>
              <apply>
                <times/>
                <ci> S7 </ci>
                <apply>
                  <minus/>
                  <apply>
                    <divide/>
                    <apply>
                      <times/>
                      <ci> kf_J15 </ci>
                      <ci> S3 </ci>
                    </apply>
                    <ci> K2_J15 </ci>
                  </apply>
                  <apply>
                    <divide/>
                    <apply>
                      <times/>
                      <ci> kr_J15 </ci>
                      <ci> S14 </ci>
                    </apply>
                    <ci> K1_J15 </ci>
                  </apply>
                </apply>
              </apply>
              <apply>
                <plus/>
                <cn type="integer"> 1 </cn>
                <apply>
                  <divide/>
                  <ci> S3 </ci>
                  <ci> K2_J15 </ci>
                </apply>
                <apply>
                  <divide/>
                  <ci> S14 </ci>
                  <ci> K1_J15 </ci>
                </apply>
              </apply>
            </apply>
          </math>
        </kineticLaw>
      </reaction>
      <reaction id="r16" reversible="false">
        <listOfReactants>
          <speciesReference species="S14" stoichiometry="1" constant="true"/>
        </listOfReactants>
        <listOfProducts>
          <speciesReference species="S21" stoichiometry="1" constant="true"/>
        </listOfProducts>
        <listOfModifiers>
          <modifierSpeciesReference species="S17"/>
        </listOfModifiers>
        <kineticLaw>
          <math xmlns="http://www.w3.org/1998/Math/MathML">
            <apply>
              <divide/>
              <apply>
                <times/>
                <ci> S17 </ci>
                <apply>
                  <minus/>
                  <apply>
                    <divide/>
                    <apply>
                      <times/>
                      <ci> kf_J16 </ci>
                      <ci> S14 </ci>
                    </apply>
                    <ci> K1_J16 </ci>
                  </apply>
                  <apply>
                    <divide/>
                    <apply>
                      <times/>
                      <ci> kr_J16 </ci>
                      <ci> S21 </ci>
                    </apply>
                    <ci> K2_J16 </ci>
                  </apply>
                </apply>
              </apply>
              <apply>
                <plus/>
                <cn type="integer"> 1 </cn>
                <apply>
                  <divide/>
                  <ci> S14 </ci>
                  <ci> K1_J16 </ci>
                </apply>
                <apply>
                  <divide/>
                  <ci> S21 </ci>
                  <ci> K2_J16 </ci>
                </apply>
              </apply>
            </apply>
          </math>
        </kineticLaw>
      </reaction>
      <reaction id="r17" reversible="false">
        <listOfReactants>
          <speciesReference species="S21" stoichiometry="1" constant="true"/>
        </listOfReactants>
        <listOfProducts>
          <speciesReference species="S3" stoichiometry="1" constant="true"/>
        </listOfProducts>
        <listOfModifiers>
          <modifierSpeciesReference species="S17"/>
        </listOfModifiers>
        <kineticLaw>
          <math xmlns="http://www.w3.org/1998/Math/MathML">
            <apply>
              <divide/>
              <apply>
                <times/>
                <ci> S17 </ci>
                <apply>
                  <minus/>
                  <apply>
                    <divide/>
                    <apply>
                      <times/>
                      <ci> kf_J17 </ci>
                      <ci> S21 </ci>
                    </apply>
                    <ci> K1_J17 </ci>
                  </apply>
                  <apply>
                    <divide/>
                    <apply>
                      <times/>
                      <ci> kr_J17 </ci>
                      <ci> S3 </ci>
                    </apply>
                    <ci> K2_J17 </ci>
                  </apply>
                </apply>
              </apply>
              <apply>
                <plus/>
                <cn type="integer"> 1 </cn>
                <apply>
                  <divide/>
                  <ci> S21 </ci>
                  <ci> K1_J17 </ci>
                </apply>
                <apply>
                  <divide/>
                  <ci> S3 </ci>
                  <ci> K2_J17 </ci>
                </apply>
              </apply>
            </apply>
          </math>
        </kineticLaw>
      </reaction>
      <reaction id="r18" reversible="false">
        <listOfReactants>
          <speciesReference species="S3" stoichiometry="1" constant="true"/>
        </listOfReactants>
        <listOfProducts>
          <speciesReference species="S21" stoichiometry="1" constant="true"/>
        </listOfProducts>
        <kineticLaw>
          <math xmlns="http://www.w3.org/1998/Math/MathML">
            <apply>
              <divide/>
              <apply>
                <times/>
                <ci> S3 </ci>
                <apply>
                  <minus/>
                  <apply>
                    <divide/>
                    <apply>
                      <times/>
                      <ci> kf_J18 </ci>
                      <ci> S3 </ci>
                    </apply>
                    <ci> K1_J18 </ci>
                  </apply>
                  <apply>
                    <divide/>
                    <apply>
                      <times/>
                      <ci> kr_J18 </ci>
                      <ci> S21 </ci>
                    </apply>
                    <ci> K2_J18 </ci>
                  </apply>
                </apply>
              </apply>
              <apply>
                <plus/>
                <cn type="integer"> 1 </cn>
                <apply>
                  <divide/>
                  <ci> S3 </ci>
                  <ci> K1_J18 </ci>
                </apply>
                <apply>
                  <divide/>
                  <ci> S21 </ci>
                  <ci> K2_J18 </ci>
                </apply>
              </apply>
            </apply>
          </math>
        </kineticLaw>
      </reaction>
      <reaction id="r19" reversible="false">
        <listOfReactants>
          <speciesReference species="S21" stoichiometry="1" constant="true"/>
        </listOfReactants>
        <listOfProducts>
          <speciesReference species="S14" stoichiometry="1" constant="true"/>
        </listOfProducts>
        <listOfModifiers>
          <modifierSpeciesReference species="S3"/>
        </listOfModifiers>
        <kineticLaw>
          <math xmlns="http://www.w3.org/1998/Math/MathML">
            <apply>
              <divide/>
              <apply>
                <times/>
                <ci> S3 </ci>
                <apply>
                  <minus/>
                  <apply>
                    <divide/>
                    <apply>
                      <times/>
                      <ci> kf_J19 </ci>
                      <ci> S21 </ci>
                    </apply>
                    <ci> K1_J19 </ci>
                  </apply>
                  <apply>
                    <divide/>
                    <apply>
                      <times/>
                      <ci> kr_J19 </ci>
                      <ci> S14 </ci>
                    </apply>
                    <ci> K2_J19 </ci>
                  </apply>
                </apply>
              </apply>
              <apply>
                <plus/>
                <cn type="integer"> 1 </cn>
                <apply>
                  <divide/>
                  <ci> S21 </ci>
                  <ci> K1_J19 </ci>
                </apply>
                <apply>
                  <divide/>
                  <ci> S14 </ci>
                  <ci> K2_J19 </ci>
                </apply>
              </apply>
            </apply>
          </math>
        </kineticLaw>
      </reaction>
      <reaction id="r20" reversible="false">
        <listOfReactants>
          <speciesReference species="S21" stoichiometry="1" constant="true"/>
        </listOfReactants>
        <listOfProducts>
          <speciesReference species="S25" stoichiometry="1" constant="true"/>
          <speciesReference species="S19" stoichiometry="1" constant="true"/>
        </listOfProducts>
        <kineticLaw>
          <math xmlns="http://www.w3.org/1998/Math/MathML">
            <apply>
              <minus/>
              <apply>
                <times/>
                <ci> kf_J20 </ci>
                <ci> S21 </ci>
              </apply>
              <apply>
                <times/>
                <ci> kr_J20 </ci>
                <ci> S25 </ci>
                <ci> S19 </ci>
              </apply>
            </apply>
          </math>
        </kineticLaw>
      </reaction>
      <reaction id="r21" reversible="false">
        <listOfReactants>
          <speciesReference species="S19" stoichiometry="1" constant="true"/>
        </listOfReactants>
        <listOfProducts>
          <speciesReference species="S9" stoichiometry="1" constant="true"/>
        </listOfProducts>
        <kineticLaw>
          <math xmlns="http://www.w3.org/1998/Math/MathML">
            <apply>
              <divide/>
              <apply>
                <times/>
                <ci> S19 </ci>
                <apply>
                  <minus/>
                  <apply>
                    <divide/>
                    <apply>
                      <times/>
                      <ci> kf_J21 </ci>
                      <ci> S19 </ci>
                    </apply>
                    <ci> K1_J21 </ci>
                  </apply>
                  <apply>
                    <divide/>
                    <apply>
                      <times/>
                      <ci> kr_J21 </ci>
                      <ci> S9 </ci>
                    </apply>
                    <ci> K2_J21 </ci>
                  </apply>
                </apply>
              </apply>
              <apply>
                <plus/>
                <cn type="integer"> 1 </cn>
                <apply>
                  <divide/>
                  <ci> S19 </ci>
                  <ci> K1_J21 </ci>
                </apply>
                <apply>
                  <divide/>
                  <ci> S9 </ci>
                  <ci> K2_J21 </ci>
                </apply>
              </apply>
            </apply>
          </math>
        </kineticLaw>
      </reaction>
      <reaction id="r22" reversible="false">
        <listOfReactants>
          <speciesReference species="S9" stoichiometry="1" constant="true"/>
        </listOfReactants>
        <listOfProducts>
          <speciesReference species="S19" stoichiometry="1" constant="true"/>
        </listOfProducts>
        <listOfModifiers>
          <modifierSpeciesReference species="S6"/>
        </listOfModifiers>
        <kineticLaw>
          <math xmlns="http://www.w3.org/1998/Math/MathML">
            <apply>
              <divide/>
              <apply>
                <times/>
                <ci> S6 </ci>
                <apply>
                  <minus/>
                  <apply>
                    <divide/>
                    <apply>
                      <times/>
                      <ci> kf_J22 </ci>
                      <ci> S9 </ci>
                    </apply>
                    <ci> K2_J22 </ci>
                  </apply>
                  <apply>
                    <divide/>
                    <apply>
                      <times/>
                      <ci> kr_J22 </ci>
                      <ci> S19 </ci>
                    </apply>
                    <ci> K1_J22 </ci>
                  </apply>
                </apply>
              </apply>
              <apply>
                <plus/>
                <cn type="integer"> 1 </cn>
                <apply>
                  <divide/>
                  <ci> S9 </ci>
                  <ci> K2_J22 </ci>
                </apply>
                <apply>
                  <divide/>
                  <ci> S19 </ci>
                  <ci> K1_J22 </ci>
                </apply>
              </apply>
            </apply>
          </math>
        </kineticLaw>
      </reaction>
      <reaction id="r23" reversible="false">
        <listOfReactants>
          <speciesReference species="S24" stoichiometry="1" constant="true"/>
        </listOfReactants>
        <listOfProducts>
          <speciesReference species="S6" stoichiometry="1" constant="true"/>
        </listOfProducts>
        <listOfModifiers>
          <modifierSpeciesReference species="S9"/>
        </listOfModifiers>
        <kineticLaw>
          <math xmlns="http://www.w3.org/1998/Math/MathML">
            <apply>
              <divide/>
              <apply>
                <times/>
                <ci> S9 </ci>
                <apply>
                  <minus/>
                  <apply>
                    <divide/>
                    <apply>
                      <times/>
                      <ci> kf_J23 </ci>
                      <ci> S24 </ci>
                    </apply>
                    <ci> K1_J23 </ci>
                  </apply>
                  <apply>
                    <divide/>
                    <apply>
                      <times/>
                      <ci> kr_J23 </ci>
                      <ci> S6 </ci>
                    </apply>
                    <ci> K2_J23 </ci>
                  </apply>
                </apply>
              </apply>
              <apply>
                <plus/>
                <cn type="integer"> 1 </cn>
                <apply>
                  <divide/>
                  <ci> S24 </ci>
                  <ci> K1_J23 </ci>
                </apply>
                <apply>
                  <divide/>
                  <ci> S6 </ci>
                  <ci> K2_J23 </ci>
                </apply>
              </apply>
            </apply>
          </math>
        </kineticLaw>
      </reaction>
      <reaction id="r24" reversible="false">
        <listOfReactants>
          <speciesReference species="S7" stoichiometry="1" constant="true"/>
        </listOfReactants>
        <listOfProducts>
          <speciesReference species="S9" stoichiometry="1" constant="true"/>
        </listOfProducts>
        <listOfModifiers>
          <modifierSpeciesReference species="S6"/>
        </listOfModifiers>
        <kineticLaw>
          <math xmlns="http://www.w3.org/1998/Math/MathML">
            <apply>
              <divide/>
              <apply>
                <times/>
                <ci> S6 </ci>
                <apply>
                  <minus/>
                  <apply>
                    <divide/>
                    <apply>
                      <times/>
                      <ci> kf_J24 </ci>
                      <ci> S7 </ci>
                    </apply>
                    <ci> K1_J24 </ci>
                  </apply>
                  <apply>
                    <divide/>
                    <apply>
                      <times/>
                      <ci> kr_J24 </ci>
                      <ci> S9 </ci>
                    </apply>
                    <ci> K2_J24 </ci>
                  </apply>
                </apply>
              </apply>
              <apply>
                <plus/>
                <cn type="integer"> 1 </cn>
                <apply>
                  <divide/>
                  <ci> S7 </ci>
                  <ci> K1_J24 </ci>
                </apply>
                <apply>
                  <divide/>
                  <ci> S9 </ci>
                  <ci> K2_J24 </ci>
                </apply>
              </apply>
            </apply>
          </math>
        </kineticLaw>
      </reaction>
      <reaction id="r25" reversible="false">
        <listOfReactants>
          <speciesReference species="S9" stoichiometry="1" constant="true"/>
        </listOfReactants>
        <listOfProducts>
          <speciesReference species="S7" stoichiometry="1" constant="true"/>
        </listOfProducts>
        <listOfModifiers>
          <modifierSpeciesReference species="S22"/>
        </listOfModifiers>
        <kineticLaw>
          <math xmlns="http://www.w3.org/1998/Math/MathML">
            <apply>
              <divide/>
              <apply>
                <times/>
                <ci> S22 </ci>
                <apply>
                  <minus/>
                  <apply>
                    <divide/>
                    <apply>
                      <times/>
                      <ci> kf_J25 </ci>
                      <ci> S9 </ci>
                    </apply>
                    <ci> K2_J25 </ci>
                  </apply>
                  <apply>
                    <divide/>
                    <apply>
                      <times/>
                      <ci> kr_J25 </ci>
                      <ci> S7 </ci>
                    </apply>
                    <ci> K1_J25 </ci>
                  </apply>
                </apply>
              </apply>
              <apply>
                <plus/>
                <cn type="integer"> 1 </cn>
                <apply>
                  <divide/>
                  <ci> S9 </ci>
                  <ci> K2_J25 </ci>
                </apply>
                <apply>
                  <divide/>
                  <ci> S7 </ci>
                  <ci> K1_J25 </ci>
                </apply>
              </apply>
            </apply>
          </math>
        </kineticLaw>
      </reaction>
      <reaction id="r26" reversible="false">
        <listOfReactants>
          <speciesReference species="S7" stoichiometry="1" constant="true"/>
        </listOfReactants>
        <listOfProducts>
          <speciesReference species="S1" stoichiometry="1" constant="true"/>
        </listOfProducts>
        <listOfModifiers>
          <modifierSpeciesReference species="S11"/>
        </listOfModifiers>
        <kineticLaw>
          <math xmlns="http://www.w3.org/1998/Math/MathML">
            <apply>
              <divide/>
              <apply>
                <times/>
                <ci> S11 </ci>
                <apply>
                  <minus/>
                  <apply>
                    <divide/>
                    <apply>
                      <times/>
                      <ci> kf_J26 </ci>
                      <ci> S7 </ci>
                    </apply>
                    <ci> K1_J26 </ci>
                  </apply>
                  <apply>
                    <divide/>
                    <apply>
                      <times/>
                      <ci> kr_J26 </ci>
                      <ci> S1 </ci>
                    </apply>
                    <ci> K2_J26 </ci>
                  </apply>
                </apply>
              </apply>
              <apply>
                <plus/>
                <cn type="integer"> 1 </cn>
                <apply>
                  <divide/>
                  <ci> S7 </ci>
                  <ci> K1_J26 </ci>
                </apply>
                <apply>
                  <divide/>
                  <ci> S1 </ci>
                  <ci> K2_J26 </ci>
                </apply>
              </apply>
            </apply>
          </math>
        </kineticLaw>
      </reaction>
      <reaction id="r27" reversible="false">
        <listOfReactants>
          <speciesReference species="S1" stoichiometry="1" constant="true"/>
        </listOfReactants>
        <listOfProducts>
          <speciesReference species="S7" stoichiometry="1" constant="true"/>
        </listOfProducts>
        <listOfModifiers>
          <modifierSpeciesReference species="S9"/>
        </listOfModifiers>
        <kineticLaw>
          <math xmlns="http://www.w3.org/1998/Math/MathML">
            <apply>
              <divide/>
              <apply>
                <times/>
                <ci> S9 </ci>
                <apply>
                  <minus/>
                  <apply>
                    <divide/>
                    <apply>
                      <times/>
                      <ci> kf_J27 </ci>
                      <ci> S1 </ci>
                    </apply>
                    <ci> K2_J27 </ci>
                  </apply>
                  <apply>
                    <divide/>
                    <apply>
                      <times/>
                      <ci> kr_J27 </ci>
                      <ci> S7 </ci>
                    </apply>
                    <ci> K1_J27 </ci>
                  </apply>
                </apply>
              </apply>
              <apply>
                <plus/>
                <cn type="integer"> 1 </cn>
                <apply>
                  <divide/>
                  <ci> S1 </ci>
                  <ci> K2_J27 </ci>
                </apply>
                <apply>
                  <divide/>
                  <ci> S7 </ci>
                  <ci> K1_J27 </ci>
                </apply>
              </apply>
            </apply>
          </math>
        </kineticLaw>
      </reaction>
      <reaction id="r28" reversible="false">
        <listOfReactants>
          <speciesReference species="S24" stoichiometry="1" constant="true"/>
        </listOfReactants>
        <listOfProducts>
          <speciesReference species="S11" stoichiometry="1" constant="true"/>
        </listOfProducts>
        <listOfModifiers>
          <modifierSpeciesReference species="S1"/>
        </listOfModifiers>
        <kineticLaw>
          <math xmlns="http://www.w3.org/1998/Math/MathML">
            <apply>
              <divide/>
              <apply>
                <times/>
                <ci> S1 </ci>
                <apply>
                  <minus/>
                  <apply>
                    <divide/>
                    <apply>
                      <times/>
                      <ci> kf_J28 </ci>
                      <ci> S24 </ci>
                    </apply>
                    <ci> K1_J28 </ci>
                  </apply>
                  <apply>
                    <divide/>
                    <apply>
                      <times/>
                      <ci> kr_J28 </ci>
                      <ci> S11 </ci>
                    </apply>
                    <ci> K2_J28 </ci>
                  </apply>
                </apply>
              </apply>
              <apply>
                <plus/>
                <cn type="integer"> 1 </cn>
                <apply>
                  <divide/>
                  <ci> S24 </ci>
                  <ci> K1_J28 </ci>
                </apply>
                <apply>
                  <divide/>
                  <ci> S11 </ci>
                  <ci> K2_J28 </ci>
                </apply>
              </apply>
            </apply>
          </math>
        </kineticLaw>
      </reaction>
      <reaction id="r29" reversible="false">
        <listOfReactants>
          <speciesReference species="S11" stoichiometry="1" constant="true"/>
        </listOfReactants>
        <listOfProducts>
          <speciesReference species="S10" stoichiometry="1" constant="true"/>
        </listOfProducts>
        <listOfModifiers>
          <modifierSpeciesReference species="S1"/>
        </listOfModifiers>
        <kineticLaw>
          <math xmlns="http://www.w3.org/1998/Math/MathML">
            <apply>
              <divide/>
              <apply>
                <times/>
                <ci> S1 </ci>
                <apply>
                  <minus/>
                  <apply>
                    <divide/>
                    <apply>
                      <times/>
                      <ci> kf_J29 </ci>
                      <ci> S11 </ci>
                    </apply>
                    <ci> K1_J29 </ci>
                  </apply>
                  <apply>
                    <divide/>
                    <apply>
                      <times/>
                      <ci> kr_J29 </ci>
                      <ci> S10 </ci>
                    </apply>
                    <ci> K2_J29 </ci>
                  </apply>
                </apply>
              </apply>
              <apply>
                <plus/>
                <cn type="integer"> 1 </cn>
                <apply>
                  <divide/>
                  <ci> S11 </ci>
                  <ci> K1_J29 </ci>
                </apply>
                <apply>
                  <divide/>
                  <ci> S10 </ci>
                  <ci> K2_J29 </ci>
                </apply>
              </apply>
            </apply>
          </math>
        </kineticLaw>
      </reaction>
      <reaction id="r30" reversible="false">
        <listOfReactants>
          <speciesReference species="S10" stoichiometry="1" constant="true"/>
        </listOfReactants>
        <listOfProducts>
          <speciesReference species="S11" stoichiometry="1" constant="true"/>
        </listOfProducts>
        <listOfModifiers>
          <modifierSpeciesReference species="S22"/>
        </listOfModifiers>
        <kineticLaw>
          <math xmlns="http://www.w3.org/1998/Math/MathML">
            <apply>
              <divide/>
              <apply>
                <times/>
                <ci> S22 </ci>
                <apply>
                  <minus/>
                  <apply>
                    <divide/>
                    <apply>
                      <times/>
                      <ci> kf_J30 </ci>
                      <ci> S10 </ci>
                    </apply>
                    <ci> K1_J30 </ci>
                  </apply>
                  <apply>
                    <divide/>
                    <apply>
                      <times/>
                      <ci> kr_J30 </ci>
                      <ci> S11 </ci>
                    </apply>
                    <ci> K2_J30 </ci>
                  </apply>
                </apply>
              </apply>
              <apply>
                <plus/>
                <cn type="integer"> 1 </cn>
                <apply>
                  <divide/>
                  <ci> S10 </ci>
                  <ci> K1_J30 </ci>
                </apply>
                <apply>
                  <divide/>
                  <ci> S11 </ci>
                  <ci> K2_J30 </ci>
                </apply>
              </apply>
            </apply>
          </math>
        </kineticLaw>
      </reaction>
      <reaction id="r31" reversible="false">
        <listOfReactants>
          <speciesReference species="S11" stoichiometry="1" constant="true"/>
        </listOfReactants>
        <listOfProducts>
          <speciesReference species="S24" stoichiometry="1" constant="true"/>
        </listOfProducts>
        <listOfModifiers>
          <modifierSpeciesReference species="S22"/>
        </listOfModifiers>
        <kineticLaw>
          <math xmlns="http://www.w3.org/1998/Math/MathML">
            <apply>
              <divide/>
              <apply>
                <times/>
                <ci> S22 </ci>
                <apply>
                  <minus/>
                  <apply>
                    <divide/>
                    <apply>
                      <times/>
                      <ci> kf_J31 </ci>
                      <ci> S11 </ci>
                    </apply>
                    <ci> K1_J31 </ci>
                  </apply>
                  <apply>
                    <divide/>
                    <apply>
                      <times/>
                      <ci> kr_J31 </ci>
                      <ci> S24 </ci>
                    </apply>
                    <ci> K2_J31 </ci>
                  </apply>
                </apply>
              </apply>
              <apply>
                <plus/>
                <cn type="integer"> 1 </cn>
                <apply>
                  <divide/>
                  <ci> S11 </ci>
                  <ci> K1_J31 </ci>
                </apply>
                <apply>
                  <divide/>
                  <ci> S24 </ci>
                  <ci> K2_J31 </ci>
                </apply>
              </apply>
            </apply>
          </math>
        </kineticLaw>
      </reaction>
      <reaction id="r32" reversible="false">
        <listOfReactants>
          <speciesReference species="S25" stoichiometry="1" constant="true"/>
        </listOfReactants>
        <listOfProducts>
          <speciesReference species="S7" stoichiometry="1" constant="true"/>
        </listOfProducts>
        <listOfModifiers>
          <modifierSpeciesReference species="S24"/>
        </listOfModifiers>
        <kineticLaw>
          <math xmlns="http://www.w3.org/1998/Math/MathML">
            <apply>
              <divide/>
              <apply>
                <times/>
                <ci> S24 </ci>
                <apply>
                  <minus/>
                  <apply>
                    <divide/>
                    <apply>
                      <times/>
                      <ci> kf_J32 </ci>
                      <ci> S25 </ci>
                    </apply>
                    <ci> K1_J32 </ci>
                  </apply>
                  <apply>
                    <divide/>
                    <apply>
                      <times/>
                      <ci> kr_J32 </ci>
                      <ci> S7 </ci>
                    </apply>
                    <ci> K2_J32 </ci>
                  </apply>
                </apply>
              </apply>
              <apply>
                <plus/>
                <cn type="integer"> 1 </cn>
                <apply>
                  <divide/>
                  <ci> S25 </ci>
                  <ci> K1_J32 </ci>
                </apply>
                <apply>
                  <divide/>
                  <ci> S7 </ci>
                  <ci> K2_J32 </ci>
                </apply>
              </apply>
            </apply>
          </math>
        </kineticLaw>
      </reaction>
      <reaction id="r33" reversible="false">
        <listOfReactants>
          <speciesReference species="S7" stoichiometry="1" constant="true"/>
        </listOfReactants>
        <listOfProducts>
          <speciesReference species="S8" stoichiometry="1" constant="true"/>
        </listOfProducts>
        <listOfModifiers>
          <modifierSpeciesReference species="S24"/>
        </listOfModifiers>
        <kineticLaw>
          <math xmlns="http://www.w3.org/1998/Math/MathML">
            <apply>
              <divide/>
              <apply>
                <times/>
                <ci> S24 </ci>
                <apply>
                  <minus/>
                  <apply>
                    <divide/>
                    <apply>
                      <times/>
                      <ci> kf_J33 </ci>
                      <ci> S7 </ci>
                    </apply>
                    <ci> K1_J33 </ci>
                  </apply>
                  <apply>
                    <divide/>
                    <apply>
                      <times/>
                      <ci> kr_J33 </ci>
                      <ci> S8 </ci>
                    </apply>
                    <ci> K2_J33 </ci>
                  </apply>
                </apply>
              </apply>
              <apply>
                <plus/>
                <cn type="integer"> 1 </cn>
                <apply>
                  <divide/>
                  <ci> S7 </ci>
                  <ci> K1_J33 </ci>
                </apply>
                <apply>
                  <divide/>
                  <ci> S8 </ci>
                  <ci> K2_J33 </ci>
                </apply>
              </apply>
            </apply>
          </math>
        </kineticLaw>
      </reaction>
      <reaction id="r34" reversible="false">
        <listOfReactants>
          <speciesReference species="S8" stoichiometry="1" constant="true"/>
        </listOfReactants>
        <listOfProducts>
          <speciesReference species="S7" stoichiometry="1" constant="true"/>
        </listOfProducts>
        <listOfModifiers>
          <modifierSpeciesReference species="S11"/>
        </listOfModifiers>
        <kineticLaw>
          <math xmlns="http://www.w3.org/1998/Math/MathML">
            <apply>
              <divide/>
              <apply>
                <times/>
                <ci> S11 </ci>
                <apply>
                  <minus/>
                  <apply>
                    <divide/>
                    <apply>
                      <times/>
                      <ci> kf_J34 </ci>
                      <ci> S8 </ci>
                    </apply>
                    <ci> K1_J34 </ci>
                  </apply>
                  <apply>
                    <divide/>
                    <apply>
                      <times/>
                      <ci> kr_J34 </ci>
                      <ci> S7 </ci>
                    </apply>
                    <ci> K2_J34 </ci>
                  </apply>
                </apply>
              </apply>
              <apply>
                <plus/>
                <cn type="integer"> 1 </cn>
                <apply>
                  <divide/>
                  <ci> S8 </ci>
                  <ci> K1_J34 </ci>
                </apply>
                <apply>
                  <divide/>
                  <ci> S7 </ci>
                  <ci> K2_J34 </ci>
                </apply>
              </apply>
            </apply>
          </math>
        </kineticLaw>
      </reaction>
      <reaction id="r35" reversible="false">
        <listOfReactants>
          <speciesReference species="S7" stoichiometry="1" constant="true"/>
        </listOfReactants>
        <listOfProducts>
          <speciesReference species="S25" stoichiometry="1" constant="true"/>
        </listOfProducts>
        <listOfModifiers>
          <modifierSpeciesReference species="S11"/>
        </listOfModifiers>
        <kineticLaw>
          <math xmlns="http://www.w3.org/1998/Math/MathML">
            <apply>
              <divide/>
              <apply>
                <times/>
                <ci> S11 </ci>
                <apply>
                  <minus/>
                  <apply>
                    <divide/>
                    <apply>
                      <times/>
                      <ci> kf_J35 </ci>
                      <ci> S7 </ci>
                    </apply>
                    <ci> K1_J35 </ci>
                  </apply>
                  <apply>
                    <divide/>
                    <apply>
                      <times/>
                      <ci> kr_J35 </ci>
                      <ci> S25 </ci>
                    </apply>
                    <ci> K2_J35 </ci>
                  </apply>
                </apply>
              </apply>
              <apply>
                <plus/>
                <cn type="integer"> 1 </cn>
                <apply>
                  <divide/>
                  <ci> S7 </ci>
                  <ci> K1_J35 </ci>
                </apply>
                <apply>
                  <divide/>
                  <ci> S25 </ci>
                  <ci> K2_J35 </ci>
                </apply>
              </apply>
            </apply>
          </math>
        </kineticLaw>
      </reaction>
    </listOfReactions>
  </model>
</sbml>
