<?xml version="1.0" encoding="UTF-8"?>
<sbml xmlns="http://www.sbml.org/sbml/level3/version2/core" level="3" version="2">
  <model>
    <listOfCompartments>
      <compartment id="compartment" size="1" constant="false"/>
    </listOfCompartments>
    <listOfSpecies>
      <species id="S1" compartment="compartment" initialAmount="1.82445897046057" hasOnlySubstanceUnits="true" boundaryCondition="false" constant="false"/>
      <species id="S2" compartment="compartment" initialAmount="1.60003959585036" hasOnlySubstanceUnits="true" boundaryCondition="false" constant="false"/>
      <species id="S3" compartment="compartment" initialAmount="0.109915726489749" hasOnlySubstanceUnits="true" boundaryCondition="false" constant="false"/>
      <species id="S4" compartment="compartment" initialAmount="21.3292934630091" hasOnlySubstanceUnits="true" boundaryCondition="false" constant="false"/>
      <species id="S5" compartment="compartment" initialAmount="4.29343054506967" hasOnlySubstanceUnits="true" boundaryCondition="true" constant="false"/>
      <species id="S6" compartment="compartment" initialAmount="97.044007392804" hasOnlySubstanceUnits="true" boundaryCondition="false" constant="false"/>
      <species id="S7" compartment="compartment" initialAmount="1.58122949303963" hasOnlySubstanceUnits="true" boundaryCondition="false" constant="false"/>
      <species id="S8" compartment="compartment" initialAmount="-0.0091236950452469" hasOnlySubstanceUnits="true" boundaryCondition="false" constant="false"/>
      <species id="S9" compartment="compartment" initialAmount="1.94049949254467" hasOnlySubstanceUnits="true" boundaryCondition="false" constant="false"/>
      <species id="S10" compartment="compartment" initialAmount="10.3706275941225" hasOnlySubstanceUnits="true" boundaryCondition="false" constant="false"/>
      <species id="S11" compartment="compartment" initialAmount="-0.0184575408617882" hasOnlySubstanceUnits="true" boundaryCondition="false" constant="false"/>
      <species id="S12" compartment="compartment" initialAmount="9.93624421131544" hasOnlySubstanceUnits="true" boundaryCondition="true" constant="false"/>
      <species id="S13" compartment="compartment" initialAmount="0.806284172274904" hasOnlySubstanceUnits="true" boundaryCondition="false" constant="false"/>
      <species id="S14" compartment="compartment" initialAmount="0.578776800105749" hasOnlySubstanceUnits="true" boundaryCondition="false" constant="false"/>
      <species id="S15" compartment="compartment" initialAmount="0.464241776249178" hasOnlySubstanceUnits="true" boundaryCondition="false" constant="false"/>
      <species id="S16" compartment="compartment" initialAmount="0.407331391166222" hasOnlySubstanceUnits="true" boundaryCondition="false" constant="false"/>
      <species id="S17" compartment="compartment" initialAmount="1.42543508620659" hasOnlySubstanceUnits="true" boundaryCondition="false" constant="false"/>
      <species id="S18" compartment="compartment" initialAmount="44.6042378232216" hasOnlySubstanceUnits="true" boundaryCondition="false" constant="false"/>
      <species id="S19" compartment="compartment" initialAmount="6.06787912228848" hasOnlySubstanceUnits="true" boundaryCondition="false" constant="false"/>
      <species id="S20" compartment="compartment" initialAmount="9.71107820666711" hasOnlySubstanceUnits="true" boundaryCondition="false" constant="false"/>
      <species id="S21" compartment="compartment" initialAmount="1.83537531883159" hasOnlySubstanceUnits="true" boundaryCondition="false" constant="false"/>
      <species id="S22" compartment="compartment" initialAmount="0.700356858765523" hasOnlySubstanceUnits="true" boundaryCondition="false" constant="false"/>
      <species id="S23" compartment="compartment" initialAmount="1.47530577813221" hasOnlySubstanceUnits="true" boundaryCondition="false" constant="false"/>
      <species id="S24" compartment="compartment" initialAmount="7.928890573984" hasOnlySubstanceUnits="true" boundaryCondition="true" constant="false"/>
      <species id="S25" compartment="compartment" initialAmount="0.0569751903860751" hasOnlySubstanceUnits="true" boundaryCondition="false" constant="false"/>
      <species id="S_in" compartment="compartment" initialAmount="1.5235601190808" hasOnlySubstanceUnits="true" boundaryCondition="true" constant="false"/>
      <species id="S_out" compartment="compartment" initialAmount="13.2975231640257" hasOnlySubstanceUnits="true" boundaryCondition="false" constant="false"/>
    </listOfSpecies>
    <listOfParameters>
      <parameter id="kf_J1" value="0.722476526721246" constant="false"/>
      <parameter id="kr_J1" value="0.423475224777361" constant="false"/>
      <parameter id="kf_J2" value="0.993581787695305" constant="false"/>
      <parameter id="kr_J2" value="0.829790639056431" constant="false"/>
      <parameter id="K1_J2" value="0.993112107340207" constant="false"/>
      <parameter id="K2_J2" value="0.852930713348277" constant="false"/>
      <parameter id="kf_J3" value="0.365254287810167" constant="false"/>
      <parameter id="kr_J3" value="0.191516292475584" constant="false"/>
      <parameter id="K1_J3" value="0.0869325069730571" constant="false"/>
      <parameter id="K2_J3" value="0.523242655710155" constant="false"/>
      <parameter id="kf_J4" value="0.562982041013257" constant="false"/>
      <parameter id="kr_J4" value="0.0583698513575293" constant="false"/>
      <parameter id="K1_J4" value="0.604323609204115" constant="false"/>
      <parameter id="K2_J4" value="0.868783717502625" constant="false"/>
      <parameter id="kf_J5" value="0.651697179897024" constant="false"/>
      <parameter id="kr_J5" value="0.673716242269625" constant="false"/>
      <parameter id="kf_J6" value="0.611577313713732" constant="false"/>
      <parameter id="kr_J6" value="0.76521473445067" constant="false"/>
      <parameter id="K1_J6" value="0.0734580253641399" constant="false"/>
      <parameter id="K2_J6" value="0.0883853811683482" constant="false"/>
      <parameter id="kf_J7" value="0.802245158689941" constant="false"/>
      <parameter id="kr_J7" value="0.298126987989912" constant="false"/>
      <parameter id="K1_J7" value="0.198919169683157" constant="false"/>
      <parameter id="K2_J7" value="0.297445135820529" constant="false"/>
      <parameter id="kf_J8" value="0.255674822857954" constant="false"/>
      <parameter id="kr_J8" value="0.981508631866578" constant="false"/>
      <parameter id="K1_J8" value="0.962096984243776" constant="false"/>
      <parameter id="K2_J8" value="0.771259852581415" constant="false"/>
      <parameter id="kf_J9" value="0.143095718412908" constant="false"/>
      <parameter id="kr_J9" value="0.422398471109201" constant="false"/>
      <parameter id="kf_J10" value="0.979434282051456" constant="false"/>
      <parameter id="kr_J10" value="0.470312594917629" constant="false"/>
      <parameter id="kf_J11" value="0.909002127204992" constant="false"/>
      <parameter id="kr_J11" value="0.870729071332795" constant="false"/>
      <parameter id="K1_J11" value="0.341865997483498" constant="false"/>
      <parameter id="K2_J11" value="0.737663902327502" constant="false"/>
      <parameter id="kf_J12" value="0.689870052258429" constant="false"/>
      <parameter id="kr_J12" value="0.525793094725479" constant="false"/>
      <parameter id="K1_J12" value="0.708309899559713" constant="false"/>
      <parameter id="K2_J12" value="0.474569688812956" constant="false"/>
      <parameter id="kf_J13" value="0.632189224494225" constant="false"/>
      <parameter id="kr_J13" value="0.258981084266806" constant="false"/>
      <parameter id="K1_J13" value="0.397295838275869" constant="false"/>
      <parameter id="K2_J13" value="0.688963555536343" constant="false"/>
      <parameter id="kf_J14" value="0.116620543932683" constant="false"/>
      <parameter id="kr_J14" value="0.565409692340412" constant="false"/>
      <parameter id="K1_J14" value="0.17077200187913" constant="false"/>
      <parameter id="K2_J14" value="0.629753232294882" constant="false"/>
      <parameter id="kf_J15" value="0.37746214906045" constant="false"/>
      <parameter id="kr_J15" value="0.855862926059185" constant="false"/>
      <parameter id="K1_J15" value="0.932945265888457" constant="false"/>
      <parameter id="K2_J15" value="0.444039206813813" constant="false"/>
      <parameter id="kf_J16" value="0.0276612085980827" constant="false"/>
      <parameter id="kr_J16" value="0.464363312239946" constant="false"/>
      <parameter id="K1_J16" value="0.422369117353961" constant="false"/>
      <parameter id="K2_J16" value="0.108352881342949" constant="false"/>
      <parameter id="kf_J17" value="0.0880253298881768" constant="false"/>
      <parameter id="kr_J17" value="0.115577038500748" constant="false"/>
      <parameter id="K1_J17" value="0.719170178092966" constant="false"/>
      <parameter id="K2_J17" value="0.855972346863859" constant="false"/>
      <parameter id="kf_J18" value="0.733007690377704" constant="false"/>
      <parameter id="kr_J18" value="0.40043156578427" constant="false"/>
      <parameter id="K1_J18" value="0.476038278404926" constant="false"/>
      <parameter id="K2_J18" value="0.143771853644392" constant="false"/>
      <parameter id="kf_J19" value="0.479879553083682" constant="false"/>
      <parameter id="kr_J19" value="0.815776312154653" constant="false"/>
      <parameter id="K1_J19" value="0.0727578725708289" constant="false"/>
      <parameter id="K2_J19" value="0.146025327914354" constant="false"/>
      <parameter id="kf_J20" value="0.418742619664846" constant="false"/>
      <parameter id="kr_J20" value="0.467099167906111" constant="false"/>
      <parameter id="K1_J20" value="0.406717305144816" constant="false"/>
      <parameter id="K2_J20" value="0.883256993219733" constant="false"/>
      <parameter id="kf_J21" value="0.535475779372684" constant="false"/>
      <parameter id="kr_J21" value="0.625322817992643" constant="false"/>
      <parameter id="K1_J21" value="0.909165925094672" constant="false"/>
      <parameter id="K2_J21" value="0.101407916792059" constant="false"/>
      <parameter id="kf_J22" value="0.736103254006428" constant="false"/>
      <parameter id="kr_J22" value="0.124510020938684" constant="false"/>
      <parameter id="K1_J22" value="0.355898932108337" constant="false"/>
      <parameter id="K2_J22" value="0.162946527530028" constant="false"/>
      <parameter id="kf_J23" value="0.906695058428063" constant="false"/>
      <parameter id="kr_J23" value="0.443411040982237" constant="false"/>
      <parameter id="K1_J23" value="0.366453559391753" constant="false"/>
      <parameter id="K2_J23" value="0.946544183338065" constant="false"/>
      <parameter id="kf_J24" value="0.437364935030862" constant="false"/>
      <parameter id="kr_J24" value="0.0899166001303855" constant="false"/>
      <parameter id="K1_J24" value="0.899914213793887" constant="false"/>
      <parameter id="K2_J24" value="0.818254028648074" constant="false"/>
      <parameter id="kf_J25" value="0.30723302311834" constant="false"/>
      <parameter id="kr_J25" value="0.54858529056433" constant="false"/>
      <parameter id="K1_J25" value="0.33732913059763" constant="false"/>
      <parameter id="K2_J25" value="0.964217195388932" constant="false"/>
      <parameter id="kf_J26" value="0.927548525725736" constant="false"/>
      <parameter id="kr_J26" value="0.729905028796742" constant="false"/>
      <parameter id="K1_J26" value="0.708012408142851" constant="false"/>
      <parameter id="K2_J26" value="0.120541295501091" constant="false"/>
      <parameter id="kf_J27" value="0.979202589579173" constant="false"/>
      <parameter id="kr_J27" value="0.893277547608406" constant="false"/>
      <parameter id="K1_J27" value="0.0120238343737815" constant="false"/>
      <parameter id="K2_J27" value="0.294511580746891" constant="false"/>
      <parameter id="kf_J28" value="0.303651062238705" constant="false"/>
      <parameter id="kr_J28" value="0.58348460584013" constant="false"/>
      <parameter id="K1_J28" value="0.159486314938741" constant="false"/>
      <parameter id="K2_J28" value="0.391582190424738" constant="false"/>
      <parameter id="kf_J29" value="0.403710810191461" constant="false"/>
      <parameter id="kr_J29" value="0.833510002770009" constant="false"/>
      <parameter id="K1_J29" value="0.878481966766122" constant="false"/>
      <parameter id="K2_J29" value="0.758648442742716" constant="false"/>
      <parameter id="kf_J30" value="0.399915573888088" constant="false"/>
      <parameter id="kr_J30" value="0.0295186743923677" constant="false"/>
      <parameter id="kf_J31" value="0.952398501566454" constant="false"/>
      <parameter id="kr_J31" value="0.503550656704072" constant="false"/>
      <parameter id="K1_J31" value="0.512648405447381" constant="false"/>
      <parameter id="K2_J31" value="0.0654639283599139" constant="false"/>
      <parameter id="kf_J32" value="0.284680299874263" constant="false"/>
      <parameter id="kr_J32" value="0.3979777585315" constant="false"/>
      <parameter id="K1_J32" value="0.690388849125825" constant="false"/>
      <parameter id="K2_J32" value="0.754614379716695" constant="false"/>
      <parameter id="kf_J33" value="0.731766329134794" constant="false"/>
      <parameter id="kr_J33" value="0.674167329587954" constant="false"/>
      <parameter id="K1_J33" value="0.713387668878234" constant="false"/>
      <parameter id="K2_J33" value="0.287622761168718" constant="false"/>
      <parameter id="kf_J34" value="0.971743264269655" constant="false"/>
      <parameter id="kr_J34" value="0.216401096829649" constant="false"/>
      <parameter id="K1_J34" value="0.493057679927539" constant="false"/>
      <parameter id="K2_J34" value="0.249106110132011" constant="false"/>
      <parameter id="kf_J35" value="0.548231156445806" constant="false"/>
      <parameter id="kr_J35" value="0.721560215284144" constant="false"/>
      <parameter id="K1_J35" value="0.892819766334406" constant="false"/>
      <parameter id="K2_J35" value="0.334297488566524" constant="false"/>
    </listOfParameters>
    <listOfReactions>
      <reaction id="r1" reversible="false">
        <listOfReactants>
          <speciesReference species="S_in" stoichiometry="1" constant="true"/>
        </listOfReactants>
        <listOfProducts>
          <speciesReference species="S21" stoichiometry="1" constant="true"/>
          <speciesReference species="S17" stoichiometry="1" constant="true"/>
        </listOfProducts>
        <kineticLaw>
          <math xmlns="http://www.w3.org/1998/Math/MathML">
            <apply>
              <minus/>
              <apply>
                <times/>
                <ci> kf_J1 </ci>
                <ci> S_in </ci>
              </apply>
              <apply>
                <times/>
                <ci> kr_J1 </ci>
                <ci> S21 </ci>
                <ci> S17 </ci>
              </apply>
            </apply>
          </math>
        </kineticLaw>
      </reaction>
      <reaction id="r2" reversible="false">
        <listOfReactants>
          <speciesReference species="S20" stoichiometry="1" constant="true"/>
        </listOfReactants>
        <listOfProducts>
          <speciesReference species="S_out" stoichiometry="1" constant="true"/>
        </listOfProducts>
        <listOfModifiers>
          <modifierSpeciesReference species="S14"/>
        </listOfModifiers>
        <kineticLaw>
          <math xmlns="http://www.w3.org/1998/Math/MathML">
            <apply>
              <divide/>
              <apply>
                <times/>
                <ci> S14 </ci>
                <apply>
                  <minus/>
                  <apply>
                    <divide/>
                    <apply>
                      <times/>
                      <ci> kf_J2 </ci>
                      <ci> S20 </ci>
                    </apply>
                    <ci> K1_J2 </ci>
                  </apply>
                  <apply>
                    <divide/>
                    <apply>
                      <times/>
                      <ci> kr_J2 </ci>
                      <ci> S_out </ci>
                    </apply>
                    <ci> K2_J2 </ci>
                  </apply>
                </apply>
              </apply>
              <apply>
                <plus/>
                <cn type="integer"> 1 </cn>
                <apply>
                  <divide/>
                  <ci> S20 </ci>
                  <ci> K1_J2 </ci>
                </apply>
                <apply>
                  <divide/>
                  <ci> S_out </ci>
                  <ci> K2_J2 </ci>
                </apply>
              </apply>
            </apply>
          </math>
        </kineticLaw>
      </reaction>
      <reaction id="r3" reversible="false">
        <listOfReactants>
          <speciesReference species="S_out" stoichiometry="1" constant="true"/>
        </listOfReactants>
        <listOfProducts>
          <speciesReference species="S20" stoichiometry="1" constant="true"/>
        </listOfProducts>
        <listOfModifiers>
          <modifierSpeciesReference species="S13"/>
        </listOfModifiers>
        <kineticLaw>
          <math xmlns="http://www.w3.org/1998/Math/MathML">
            <apply>
              <divide/>
              <apply>
                <times/>
                <ci> S13 </ci>
                <apply>
                  <minus/>
                  <apply>
                    <divide/>
                    <apply>
                      <times/>
                      <ci> kf_J3 </ci>
                      <ci> S_out </ci>
                    </apply>
                    <ci> K2_J3 </ci>
                  </apply>
                  <apply>
                    <divide/>
                    <apply>
                      <times/>
                      <ci> kr_J3 </ci>
                      <ci> S20 </ci>
                    </apply>
                    <ci> K1_J3 </ci>
                  </apply>
                </apply>
              </apply>
              <apply>
                <plus/>
                <cn type="integer"> 1 </cn>
                <apply>
                  <divide/>
                  <ci> S_out </ci>
                  <ci> K2_J3 </ci>
                </apply>
                <apply>
                  <divide/>
                  <ci> S20 </ci>
                  <ci> K1_J3 </ci>
                </apply>
              </apply>
            </apply>
          </math>
        </kineticLaw>
      </reaction>
      <reaction id="r4" reversible="false">
        <listOfReactants>
          <speciesReference species="S22" stoichiometry="1" constant="true"/>
        </listOfReactants>
        <listOfProducts>
          <speciesReference species="S20" stoichiometry="1" constant="true"/>
        </listOfProducts>
        <listOfModifiers>
          <modifierSpeciesReference species="S15"/>
        </listOfModifiers>
        <kineticLaw>
          <math xmlns="http://www.w3.org/1998/Math/MathML">
            <apply>
              <divide/>
              <apply>
                <times/>
                <ci> S15 </ci>
                <apply>
                  <minus/>
                  <apply>
                    <divide/>
                    <apply>
                      <times/>
                      <ci> kf_J4 </ci>
                      <ci> S22 </ci>
                    </apply>
                    <ci> K1_J4 </ci>
                  </apply>
                  <apply>
                    <divide/>
                    <apply>
                      <times/>
                      <ci> kr_J4 </ci>
                      <ci> S20 </ci>
                    </apply>
                    <ci> K2_J4 </ci>
                  </apply>
                </apply>
              </apply>
              <apply>
                <plus/>
                <cn type="integer"> 1 </cn>
                <apply>
                  <divide/>
                  <ci> S22 </ci>
                  <ci> K1_J4 </ci>
                </apply>
                <apply>
                  <divide/>
                  <ci> S20 </ci>
                  <ci> K2_J4 </ci>
                </apply>
              </apply>
            </apply>
          </math>
        </kineticLaw>
      </reaction>
      <reaction id="r5" reversible="false">
        <listOfReactants>
          <speciesReference species="S21" stoichiometry="1" constant="true"/>
          <speciesReference species="S17" stoichiometry="1" constant="true"/>
        </listOfReactants>
        <listOfProducts>
          <speciesReference species="S25" stoichiometry="1" constant="true"/>
          <speciesReference species="S18" stoichiometry="1" constant="true"/>
        </listOfProducts>
        <kineticLaw>
          <math xmlns="http://www.w3.org/1998/Math/MathML">
            <apply>
              <minus/>
              <apply>
                <times/>
                <ci> kf_J5 </ci>
                <ci> S21 </ci>
                <ci> S17 </ci>
              </apply>
              <apply>
                <times/>
                <ci> kr_J5 </ci>
                <ci> S25 </ci>
                <ci> S18 </ci>
              </apply>
            </apply>
          </math>
        </kineticLaw>
      </reaction>
      <reaction id="r6" reversible="false">
        <listOfReactants>
          <speciesReference species="S18" stoichiometry="1" constant="true"/>
        </listOfReactants>
        <listOfProducts>
          <speciesReference species="S10" stoichiometry="1" constant="true"/>
        </listOfProducts>
        <listOfModifiers>
          <modifierSpeciesReference species="S11"/>
        </listOfModifiers>
        <kineticLaw>
          <math xmlns="http://www.w3.org/1998/Math/MathML">
            <apply>
              <divide/>
              <apply>
                <times/>
                <ci> S11 </ci>
                <apply>
                  <minus/>
                  <apply>
                    <divide/>
                    <apply>
                      <times/>
                      <ci> kf_J6 </ci>
                      <ci> S18 </ci>
                    </apply>
                    <ci> K1_J6 </ci>
                  </apply>
                  <apply>
                    <divide/>
                    <apply>
                      <times/>
                      <ci> kr_J6 </ci>
                      <ci> S10 </ci>
                    </apply>
                    <ci> K2_J6 </ci>
                  </apply>
                </apply>
              </apply>
              <apply>
                <plus/>
                <cn type="integer"> 1 </cn>
                <apply>
                  <divide/>
                  <ci> S18 </ci>
                  <ci> K1_J6 </ci>
                </apply>
                <apply>
                  <divide/>
                  <ci> S10 </ci>
                  <ci> K2_J6 </ci>
                </apply>
              </apply>
            </apply>
          </math>
        </kineticLaw>
      </reaction>
      <reaction id="r7" reversible="false">
        <listOfReactants>
          <speciesReference species="S10" stoichiometry="1" constant="true"/>
        </listOfReactants>
        <listOfProducts>
          <speciesReference species="S11" stoichiometry="1" constant="true"/>
        </listOfProducts>
        <listOfModifiers>
          <modifierSpeciesReference species="S8"/>
        </listOfModifiers>
        <kineticLaw>
          <math xmlns="http://www.w3.org/1998/Math/MathML">
            <apply>
              <divide/>
              <apply>
                <times/>
                <ci> S8 </ci>
                <apply>
                  <minus/>
                  <apply>
                    <divide/>
                    <apply>
                      <times/>
                      <ci> kf_J7 </ci>
                      <ci> S10 </ci>
                    </apply>
                    <ci> K1_J7 </ci>
                  </apply>
                  <apply>
                    <divide/>
                    <apply>
                      <times/>
                      <ci> kr_J7 </ci>
                      <ci> S11 </ci>
                    </apply>
                    <ci> K2_J7 </ci>
                  </apply>
                </apply>
              </apply>
              <apply>
                <plus/>
                <cn type="integer"> 1 </cn>
                <apply>
                  <divide/>
                  <ci> S10 </ci>
                  <ci> K1_J7 </ci>
                </apply>
                <apply>
                  <divide/>
                  <ci> S11 </ci>
                  <ci> K2_J7 </ci>
                </apply>
              </apply>
            </apply>
          </math>
        </kineticLaw>
      </reaction>
      <reaction id="r8" reversible="false">
        <listOfReactants>
          <speciesReference species="S11" stoichiometry="1" constant="true"/>
        </listOfReactants>
        <listOfProducts>
          <speciesReference species="S23" stoichiometry="1" constant="true"/>
        </listOfProducts>
        <listOfModifiers>
          <modifierSpeciesReference species="S8"/>
        </listOfModifiers>
        <kineticLaw>
          <math xmlns="http://www.w3.org/1998/Math/MathML">
            <apply>
              <divide/>
              <apply>
                <times/>
                <ci> S8 </ci>
                <apply>
                  <minus/>
                  <apply>
                    <divide/>
                    <apply>
                      <times/>
                      <ci> kf_J8 </ci>
                      <ci> S11 </ci>
                    </apply>
                    <ci> K1_J8 </ci>
                  </apply>
                  <apply>
                    <divide/>
                    <apply>
                      <times/>
                      <ci> kr_J8 </ci>
                      <ci> S23 </ci>
                    </apply>
                    <ci> K2_J8 </ci>
                  </apply>
                </apply>
              </apply>
              <apply>
                <plus/>
                <cn type="integer"> 1 </cn>
                <apply>
                  <divide/>
                  <ci> S11 </ci>
                  <ci> K1_J8 </ci>
                </apply>
                <apply>
                  <divide/>
                  <ci> S23 </ci>
                  <ci> K2_J8 </ci>
                </apply>
              </apply>
            </apply>
          </math>
        </kineticLaw>
      </reaction>
      <reaction id="r9" reversible="false">
        <listOfReactants>
          <speciesReference species="S23" stoichiometry="1" constant="true"/>
        </listOfReactants>
        <listOfProducts>
          <speciesReference species="S24" stoichiometry="1" constant="true"/>
          <speciesReference species="S25" stoichiometry="1" constant="true"/>
        </listOfProducts>
        <kineticLaw>
          <math xmlns="http://www.w3.org/1998/Math/MathML">
            <apply>
              <minus/>
              <apply>
                <times/>
                <ci> kf_J9 </ci>
                <ci> S23 </ci>
              </apply>
              <apply>
                <times/>
                <ci> kr_J9 </ci>
                <ci> S24 </ci>
                <ci> S25 </ci>
              </apply>
            </apply>
          </math>
        </kineticLaw>
      </reaction>
      <reaction id="r10" reversible="false">
        <listOfReactants>
          <speciesReference species="S25" stoichiometry="1" constant="true"/>
        </listOfReactants>
        <listOfProducts>
          <speciesReference species="S24" stoichiometry="1" constant="true"/>
          <speciesReference species="S25" stoichiometry="1" constant="true"/>
        </listOfProducts>
        <kineticLaw>
          <math xmlns="http://www.w3.org/1998/Math/MathML">
            <apply>
              <minus/>
              <apply>
                <times/>
                <ci> kf_J10 </ci>
                <ci> S25 </ci>
              </apply>
              <apply>
                <times/>
                <ci> kr_J10 </ci>
                <ci> S24 </ci>
                <ci> S25 </ci>
              </apply>
            </apply>
          </math>
        </kineticLaw>
      </reaction>
      <reaction id="r11" reversible="false">
        <listOfReactants>
          <speciesReference species="S8" stoichiometry="1" constant="true"/>
        </listOfReactants>
        <listOfProducts>
          <speciesReference species="S11" stoichiometry="1" constant="true"/>
        </listOfProducts>
        <listOfModifiers>
          <modifierSpeciesReference species="S3"/>
        </listOfModifiers>
        <kineticLaw>
          <math xmlns="http://www.w3.org/1998/Math/MathML">
            <apply>
              <divide/>
              <apply>
                <times/>
                <ci> S3 </ci>
                <apply>
                  <minus/>
                  <apply>
                    <divide/>
                    <apply>
                      <times/>
                      <ci> kf_J11 </ci>
                      <ci> S8 </ci>
                    </apply>
                    <ci> K1_J11 </ci>
                  </apply>
                  <apply>
                    <divide/>
                    <apply>
                      <times/>
                      <ci> kr_J11 </ci>
                      <ci> S11 </ci>
                    </apply>
                    <ci> K2_J11 </ci>
                  </apply>
                </apply>
              </apply>
              <apply>
                <plus/>
                <cn type="integer"> 1 </cn>
                <apply>
                  <divide/>
                  <ci> S8 </ci>
                  <ci> K1_J11 </ci>
                </apply>
                <apply>
                  <divide/>
                  <ci> S11 </ci>
                  <ci> K2_J11 </ci>
                </apply>
              </apply>
            </apply>
          </math>
        </kineticLaw>
      </reaction>
      <reaction id="r12" reversible="false">
        <listOfReactants>
          <speciesReference species="S11" stoichiometry="1" constant="true"/>
        </listOfReactants>
        <listOfProducts>
          <speciesReference species="S25" stoichiometry="1" constant="true"/>
        </listOfProducts>
        <listOfModifiers>
          <modifierSpeciesReference species="S3"/>
        </listOfModifiers>
        <kineticLaw>
          <math xmlns="http://www.w3.org/1998/Math/MathML">
            <apply>
              <divide/>
              <apply>
                <times/>
                <ci> S3 </ci>
                <apply>
                  <minus/>
                  <apply>
                    <divide/>
                    <apply>
                      <times/>
                      <ci> kf_J12 </ci>
                      <ci> S11 </ci>
                    </apply>
                    <ci> K1_J12 </ci>
                  </apply>
                  <apply>
                    <divide/>
                    <apply>
                      <times/>
                      <ci> kr_J12 </ci>
                      <ci> S25 </ci>
                    </apply>
                    <ci> K2_J12 </ci>
                  </apply>
                </apply>
              </apply>
              <apply>
                <plus/>
                <cn type="integer"> 1 </cn>
                <apply>
                  <divide/>
                  <ci> S11 </ci>
                  <ci> K1_J12 </ci>
                </apply>
                <apply>
                  <divide/>
                  <ci> S25 </ci>
                  <ci> K2_J12 </ci>
                </apply>
              </apply>
            </apply>
          </math>
        </kineticLaw>
      </reaction>
      <reaction id="r13" reversible="false">
        <listOfReactants>
          <speciesReference species="S25" stoichiometry="1" constant="true"/>
        </listOfReactants>
        <listOfProducts>
          <speciesReference species="S11" stoichiometry="1" constant="true"/>
        </listOfProducts>
        <kineticLaw>
          <math xmlns="http://www.w3.org/1998/Math/MathML">
            <apply>
              <divide/>
              <apply>
                <times/>
                <ci> S25 </ci>
                <apply>
                  <minus/>
                  <apply>
                    <divide/>
                    <apply>
                      <times/>
                      <ci> kf_J13 </ci>
                      <ci> S25 </ci>
                    </apply>
                    <ci> K1_J13 </ci>
                  </apply>
                  <apply>
                    <divide/>
                    <apply>
                      <times/>
                      <ci> kr_J13 </ci>
                      <ci> S11 </ci>
                    </apply>
                    <ci> K2_J13 </ci>
                  </apply>
                </apply>
              </apply>
              <apply>
                <plus/>
                <cn type="integer"> 1 </cn>
                <apply>
                  <divide/>
                  <ci> S25 </ci>
                  <ci> K1_J13 </ci>
                </apply>
                <apply>
                  <divide/>
                  <ci> S11 </ci>
                  <ci> K2_J13 </ci>
                </apply>
              </apply>
            </apply>
          </math>
        </kineticLaw>
      </reaction>
      <reaction id="r14" reversible="false">
        <listOfReactants>
          <speciesReference species="S11" stoichiometry="1" constant="true"/>
        </listOfReactants>
        <listOfProducts>
          <speciesReference species="S8" stoichiometry="1" constant="true"/>
        </listOfProducts>
        <listOfModifiers>
          <modifierSpeciesReference species="S25"/>
        </listOfModifiers>
        <kineticLaw>
          <math xmlns="http://www.w3.org/1998/Math/MathML">
            <apply>
              <divide/>
              <apply>
                <times/>
                <ci> S25 </ci>
                <apply>
                  <minus/>
                  <apply>
                    <divide/>
                    <apply>
                      <times/>
                      <ci> kf_J14 </ci>
                      <ci> S11 </ci>
                    </apply>
                    <ci> K1_J14 </ci>
                  </apply>
                  <apply>
                    <divide/>
                    <apply>
                      <times/>
                      <ci> kr_J14 </ci>
                      <ci> S8 </ci>
                    </apply>
                    <ci> K2_J14 </ci>
                  </apply>
                </apply>
              </apply>
              <apply>
                <plus/>
                <cn type="integer"> 1 </cn>
                <apply>
                  <divide/>
                  <ci> S11 </ci>
                  <ci> K1_J14 </ci>
                </apply>
                <apply>
                  <divide/>
                  <ci> S8 </ci>
                  <ci> K2_J14 </ci>
                </apply>
              </apply>
            </apply>
          </math>
        </kineticLaw>
      </reaction>
      <reaction id="r15" reversible="false">
        <listOfReactants>
          <speciesReference species="S9" stoichiometry="1" constant="true"/>
        </listOfReactants>
        <listOfProducts>
          <speciesReference species="S16" stoichiometry="1" constant="true"/>
        </listOfProducts>
        <listOfModifiers>
          <modifierSpeciesReference species="S25"/>
        </listOfModifiers>
        <kineticLaw>
          <math xmlns="http://www.w3.org/1998/Math/MathML">
            <apply>
              <divide/>
              <apply>
                <times/>
                <ci> S25 </ci>
                <apply>
                  <minus/>
                  <apply>
                    <divide/>
                    <apply>
                      <times/>
                      <ci> kf_J15 </ci>
                      <ci> S9 </ci>
                    </apply>
                    <ci> K1_J15 </ci>
                  </apply>
                  <apply>
                    <divide/>
                    <apply>
                      <times/>
                      <ci> kr_J15 </ci>
                      <ci> S16 </ci>
                    </apply>
                    <ci> K2_J15 </ci>
                  </apply>
                </apply>
              </apply>
              <apply>
                <plus/>
                <cn type="integer"> 1 </cn>
                <apply>
                  <divide/>
                  <ci> S9 </ci>
                  <ci> K1_J15 </ci>
                </apply>
                <apply>
                  <divide/>
                  <ci> S16 </ci>
                  <ci> K2_J15 </ci>
                </apply>
              </apply>
            </apply>
          </math>
        </kineticLaw>
      </reaction>
      <reaction id="r16" reversible="false">
        <listOfReactants>
          <speciesReference species="S1" stoichiometry="1" constant="true"/>
        </listOfReactants>
        <listOfProducts>
          <speciesReference species="S15" stoichiometry="1" constant="true"/>
        </listOfProducts>
        <listOfModifiers>
          <modifierSpeciesReference species="S16"/>
        </listOfModifiers>
        <kineticLaw>
          <math xmlns="http://www.w3.org/1998/Math/MathML">
            <apply>
              <divide/>
              <apply>
                <times/>
                <ci> S16 </ci>
                <apply>
                  <minus/>
                  <apply>
                    <divide/>
                    <apply>
                      <times/>
                      <ci> kf_J16 </ci>
                      <ci> S1 </ci>
                    </apply>
                    <ci> K1_J16 </ci>
                  </apply>
                  <apply>
                    <divide/>
                    <apply>
                      <times/>
                      <ci> kr_J16 </ci>
                      <ci> S15 </ci>
                    </apply>
                    <ci> K2_J16 </ci>
                  </apply>
                </apply>
              </apply>
              <apply>
                <plus/>
                <cn type="integer"> 1 </cn>
                <apply>
                  <divide/>
                  <ci> S1 </ci>
                  <ci> K1_J16 </ci>
                </apply>
                <apply>
                  <divide/>
                  <ci> S15 </ci>
                  <ci> K2_J16 </ci>
                </apply>
              </apply>
            </apply>
          </math>
        </kineticLaw>
      </reaction>
      <reaction id="r17" reversible="false">
        <listOfReactants>
          <speciesReference species="S15" stoichiometry="1" constant="true"/>
        </listOfReactants>
        <listOfProducts>
          <speciesReference species="S1" stoichiometry="1" constant="true"/>
        </listOfProducts>
        <listOfModifiers>
          <modifierSpeciesReference species="S9"/>
        </listOfModifiers>
        <kineticLaw>
          <math xmlns="http://www.w3.org/1998/Math/MathML">
            <apply>
              <divide/>
              <apply>
                <times/>
                <ci> S9 </ci>
                <apply>
                  <minus/>
                  <apply>
                    <divide/>
                    <apply>
                      <times/>
                      <ci> kf_J17 </ci>
                      <ci> S15 </ci>
                    </apply>
                    <ci> K2_J17 </ci>
                  </apply>
                  <apply>
                    <divide/>
                    <apply>
                      <times/>
                      <ci> kr_J17 </ci>
                      <ci> S1 </ci>
                    </apply>
                    <ci> K1_J17 </ci>
                  </apply>
                </apply>
              </apply>
              <apply>
                <plus/>
                <cn type="integer"> 1 </cn>
                <apply>
                  <divide/>
                  <ci> S15 </ci>
                  <ci> K2_J17 </ci>
                </apply>
                <apply>
                  <divide/>
                  <ci> S1 </ci>
                  <ci> K1_J17 </ci>
                </apply>
              </apply>
            </apply>
          </math>
        </kineticLaw>
      </reaction>
      <reaction id="r18" reversible="false">
        <listOfReactants>
          <speciesReference species="S2" stoichiometry="1" constant="true"/>
        </listOfReactants>
        <listOfProducts>
          <speciesReference species="S23" stoichiometry="1" constant="true"/>
        </listOfProducts>
        <listOfModifiers>
          <modifierSpeciesReference species="S24"/>
        </listOfModifiers>
        <kineticLaw>
          <math xmlns="http://www.w3.org/1998/Math/MathML">
            <apply>
              <divide/>
              <apply>
                <times/>
                <ci> S24 </ci>
                <apply>
                  <minus/>
                  <apply>
                    <divide/>
                    <apply>
                      <times/>
                      <ci> kf_J18 </ci>
                      <ci> S2 </ci>
                    </apply>
                    <ci> K1_J18 </ci>
                  </apply>
                  <apply>
                    <divide/>
                    <apply>
                      <times/>
                      <ci> kr_J18 </ci>
                      <ci> S23 </ci>
                    </apply>
                    <ci> K2_J18 </ci>
                  </apply>
                </apply>
              </apply>
              <apply>
                <plus/>
                <cn type="integer"> 1 </cn>
                <apply>
                  <divide/>
                  <ci> S2 </ci>
                  <ci> K1_J18 </ci>
                </apply>
                <apply>
                  <divide/>
                  <ci> S23 </ci>
                  <ci> K2_J18 </ci>
                </apply>
              </apply>
            </apply>
          </math>
        </kineticLaw>
      </reaction>
      <reaction id="r19" reversible="false">
        <listOfReactants>
          <speciesReference species="S23" stoichiometry="1" constant="true"/>
        </listOfReactants>
        <listOfProducts>
          <speciesReference species="S7" stoichiometry="1" constant="true"/>
        </listOfProducts>
        <listOfModifiers>
          <modifierSpeciesReference species="S24"/>
        </listOfModifiers>
        <kineticLaw>
          <math xmlns="http://www.w3.org/1998/Math/MathML">
            <apply>
              <divide/>
              <apply>
                <times/>
                <ci> S24 </ci>
                <apply>
                  <minus/>
                  <apply>
                    <divide/>
                    <apply>
                      <times/>
                      <ci> kf_J19 </ci>
                      <ci> S23 </ci>
                    </apply>
                    <ci> K1_J19 </ci>
                  </apply>
                  <apply>
                    <divide/>
                    <apply>
                      <times/>
                      <ci> kr_J19 </ci>
                      <ci> S7 </ci>
                    </apply>
                    <ci> K2_J19 </ci>
                  </apply>
                </apply>
              </apply>
              <apply>
                <plus/>
                <cn type="integer"> 1 </cn>
                <apply>
                  <divide/>
                  <ci> S23 </ci>
                  <ci> K1_J19 </ci>
                </apply>
                <apply>
                  <divide/>
                  <ci> S7 </ci>
                  <ci> K2_J19 </ci>
                </apply>
              </apply>
            </apply>
          </math>
        </kineticLaw>
      </reaction>
      <reaction id="r20" reversible="false">
        <listOfReactants>
          <speciesReference species="S7" stoichiometry="1" constant="true"/>
        </listOfReactants>
        <listOfProducts>
          <speciesReference species="S23" stoichiometry="1" constant="true"/>
        </listOfProducts>
        <listOfModifiers>
          <modifierSpeciesReference species="S1"/>
        </listOfModifiers>
        <kineticLaw>
          <math xmlns="http://www.w3.org/1998/Math/MathML">
            <apply>
              <divide/>
              <apply>
                <times/>
                <ci> S1 </ci>
                <apply>
                  <minus/>
                  <apply>
                    <divide/>
                    <apply>
                      <times/>
                      <ci> kf_J20 </ci>
                      <ci> S7 </ci>
                    </apply>
                    <ci> K1_J20 </ci>
                  </apply>
                  <apply>
                    <divide/>
                    <apply>
                      <times/>
                      <ci> kr_J20 </ci>
                      <ci> S23 </ci>
                    </apply>
                    <ci> K2_J20 </ci>
                  </apply>
                </apply>
              </apply>
              <apply>
                <plus/>
                <cn type="integer"> 1 </cn>
                <apply>
                  <divide/>
                  <ci> S7 </ci>
                  <ci> K1_J20 </ci>
                </apply>
                <apply>
                  <divide/>
                  <ci> S23 </ci>
                  <ci> K2_J20 </ci>
                </apply>
              </apply>
            </apply>
          </math>
        </kineticLaw>
      </reaction>
      <reaction id="r21" reversible="false">
        <listOfReactants>
          <speciesReference species="S23" stoichiometry="1" constant="true"/>
        </listOfReactants>
        <listOfProducts>
          <speciesReference species="S2" stoichiometry="1" constant="true"/>
        </listOfProducts>
        <listOfModifiers>
          <modifierSpeciesReference species="S1"/>
        </listOfModifiers>
        <kineticLaw>
          <math xmlns="http://www.w3.org/1998/Math/MathML">
            <apply>
              <divide/>
              <apply>
                <times/>
                <ci> S1 </ci>
                <apply>
                  <minus/>
                  <apply>
                    <divide/>
                    <apply>
                      <times/>
                      <ci> kf_J21 </ci>
                      <ci> S23 </ci>
                    </apply>
                    <ci> K1_J21 </ci>
                  </apply>
                  <apply>
                    <divide/>
                    <apply>
                      <times/>
                      <ci> kr_J21 </ci>
                      <ci> S2 </ci>
                    </apply>
                    <ci> K2_J21 </ci>
                  </apply>
                </apply>
              </apply>
              <apply>
                <plus/>
                <cn type="integer"> 1 </cn>
                <apply>
                  <divide/>
                  <ci> S23 </ci>
                  <ci> K1_J21 </ci>
                </apply>
                <apply>
                  <divide/>
                  <ci> S2 </ci>
                  <ci> K2_J21 </ci>
                </apply>
              </apply>
            </apply>
          </math>
        </kineticLaw>
      </reaction>
      <reaction id="r22" reversible="false">
        <listOfReactants>
          <speciesReference species="S7" stoichiometry="1" constant="true"/>
        </listOfReactants>
        <listOfProducts>
          <speciesReference species="S5" stoichiometry="1" constant="true"/>
        </listOfProducts>
        <listOfModifiers>
          <modifierSpeciesReference species="S18"/>
        </listOfModifiers>
        <kineticLaw>
          <math xmlns="http://www.w3.org/1998/Math/MathML">
            <apply>
              <divide/>
              <apply>
                <times/>
                <ci> S18 </ci>
                <apply>
                  <minus/>
                  <apply>
                    <divide/>
                    <apply>
                      <times/>
                      <ci> kf_J22 </ci>
                      <ci> S7 </ci>
                    </apply>
                    <ci> K1_J22 </ci>
                  </apply>
                  <apply>
                    <divide/>
                    <apply>
                      <times/>
                      <ci> kr_J22 </ci>
                      <ci> S5 </ci>
                    </apply>
                    <ci> K2_J22 </ci>
                  </apply>
                </apply>
              </apply>
              <apply>
                <plus/>
                <cn type="integer"> 1 </cn>
                <apply>
                  <divide/>
                  <ci> S7 </ci>
                  <ci> K1_J22 </ci>
                </apply>
                <apply>
                  <divide/>
                  <ci> S5 </ci>
                  <ci> K2_J22 </ci>
                </apply>
              </apply>
            </apply>
          </math>
        </kineticLaw>
      </reaction>
      <reaction id="r23" reversible="false">
        <listOfReactants>
          <speciesReference species="S9" stoichiometry="1" constant="true"/>
        </listOfReactants>
        <listOfProducts>
          <speciesReference species="S12" stoichiometry="1" constant="true"/>
        </listOfProducts>
        <listOfModifiers>
          <modifierSpeciesReference species="S5"/>
        </listOfModifiers>
        <kineticLaw>
          <math xmlns="http://www.w3.org/1998/Math/MathML">
            <apply>
              <divide/>
              <apply>
                <times/>
                <ci> S5 </ci>
                <apply>
                  <minus/>
                  <apply>
                    <divide/>
                    <apply>
                      <times/>
                      <ci> kf_J23 </ci>
                      <ci> S9 </ci>
                    </apply>
                    <ci> K1_J23 </ci>
                  </apply>
                  <apply>
                    <divide/>
                    <apply>
                      <times/>
                      <ci> kr_J23 </ci>
                      <ci> S12 </ci>
                    </apply>
                    <ci> K2_J23 </ci>
                  </apply>
                </apply>
              </apply>
              <apply>
                <plus/>
                <cn type="integer"> 1 </cn>
                <apply>
                  <divide/>
                  <ci> S9 </ci>
                  <ci> K1_J23 </ci>
                </apply>
                <apply>
                  <divide/>
                  <ci> S12 </ci>
                  <ci> K2_J23 </ci>
                </apply>
              </apply>
            </apply>
          </math>
        </kineticLaw>
      </reaction>
      <reaction id="r24" reversible="false">
        <listOfReactants>
          <speciesReference species="S10" stoichiometry="1" constant="true"/>
        </listOfReactants>
        <listOfProducts>
          <speciesReference species="S15" stoichiometry="1" constant="true"/>
        </listOfProducts>
        <listOfModifiers>
          <modifierSpeciesReference species="S12"/>
        </listOfModifiers>
        <kineticLaw>
          <math xmlns="http://www.w3.org/1998/Math/MathML">
            <apply>
              <divide/>
              <apply>
                <times/>
                <ci> S12 </ci>
                <apply>
                  <minus/>
                  <apply>
                    <divide/>
                    <apply>
                      <times/>
                      <ci> kf_J24 </ci>
                      <ci> S10 </ci>
                    </apply>
                    <ci> K1_J24 </ci>
                  </apply>
                  <apply>
                    <divide/>
                    <apply>
                      <times/>
                      <ci> kr_J24 </ci>
                      <ci> S15 </ci>
                    </apply>
                    <ci> K2_J24 </ci>
                  </apply>
                </apply>
              </apply>
              <apply>
                <plus/>
                <cn type="integer"> 1 </cn>
                <apply>
                  <divide/>
                  <ci> S10 </ci>
                  <ci> K1_J24 </ci>
                </apply>
                <apply>
                  <divide/>
                  <ci> S15 </ci>
                  <ci> K2_J24 </ci>
                </apply>
              </apply>
            </apply>
          </math>
        </kineticLaw>
      </reaction>
      <reaction id="r25" reversible="false">
        <listOfReactants>
          <speciesReference species="S15" stoichiometry="1" constant="true"/>
        </listOfReactants>
        <listOfProducts>
          <speciesReference species="S9" stoichiometry="1" constant="true"/>
        </listOfProducts>
        <listOfModifiers>
          <modifierSpeciesReference species="S12"/>
        </listOfModifiers>
        <kineticLaw>
          <math xmlns="http://www.w3.org/1998/Math/MathML">
            <apply>
              <divide/>
              <apply>
                <times/>
                <ci> S12 </ci>
                <apply>
                  <minus/>
                  <apply>
                    <divide/>
                    <apply>
                      <times/>
                      <ci> kf_J25 </ci>
                      <ci> S15 </ci>
                    </apply>
                    <ci> K1_J25 </ci>
                  </apply>
                  <apply>
                    <divide/>
                    <apply>
                      <times/>
                      <ci> kr_J25 </ci>
                      <ci> S9 </ci>
                    </apply>
                    <ci> K2_J25 </ci>
                  </apply>
                </apply>
              </apply>
              <apply>
                <plus/>
                <cn type="integer"> 1 </cn>
                <apply>
                  <divide/>
                  <ci> S15 </ci>
                  <ci> K1_J25 </ci>
                </apply>
                <apply>
                  <divide/>
                  <ci> S9 </ci>
                  <ci> K2_J25 </ci>
                </apply>
              </apply>
            </apply>
          </math>
        </kineticLaw>
      </reaction>
      <reaction id="r26" reversible="false">
        <listOfReactants>
          <speciesReference species="S9" stoichiometry="1" constant="true"/>
        </listOfReactants>
        <listOfProducts>
          <speciesReference species="S15" stoichiometry="1" constant="true"/>
        </listOfProducts>
        <listOfModifiers>
          <modifierSpeciesReference species="S18"/>
        </listOfModifiers>
        <kineticLaw>
          <math xmlns="http://www.w3.org/1998/Math/MathML">
            <apply>
              <divide/>
              <apply>
                <times/>
                <ci> S18 </ci>
                <apply>
                  <minus/>
                  <apply>
                    <divide/>
                    <apply>
                      <times/>
                      <ci> kf_J26 </ci>
                      <ci> S9 </ci>
                    </apply>
                    <ci> K1_J26 </ci>
                  </apply>
                  <apply>
                    <divide/>
                    <apply>
                      <times/>
                      <ci> kr_J26 </ci>
                      <ci> S15 </ci>
                    </apply>
                    <ci> K2_J26 </ci>
                  </apply>
                </apply>
              </apply>
              <apply>
                <plus/>
                <cn type="integer"> 1 </cn>
                <apply>
                  <divide/>
                  <ci> S9 </ci>
                  <ci> K1_J26 </ci>
                </apply>
                <apply>
                  <divide/>
                  <ci> S15 </ci>
                  <ci> K2_J26 </ci>
                </apply>
              </apply>
            </apply>
          </math>
        </kineticLaw>
      </reaction>
      <reaction id="r27" reversible="false">
        <listOfReactants>
          <speciesReference species="S15" stoichiometry="1" constant="true"/>
        </listOfReactants>
        <listOfProducts>
          <speciesReference species="S10" stoichiometry="1" constant="true"/>
        </listOfProducts>
        <listOfModifiers>
          <modifierSpeciesReference species="S18"/>
        </listOfModifiers>
        <kineticLaw>
          <math xmlns="http://www.w3.org/1998/Math/MathML">
            <apply>
              <divide/>
              <apply>
                <times/>
                <ci> S18 </ci>
                <apply>
                  <minus/>
                  <apply>
                    <divide/>
                    <apply>
                      <times/>
                      <ci> kf_J27 </ci>
                      <ci> S15 </ci>
                    </apply>
                    <ci> K1_J27 </ci>
                  </apply>
                  <apply>
                    <divide/>
                    <apply>
                      <times/>
                      <ci> kr_J27 </ci>
                      <ci> S10 </ci>
                    </apply>
                    <ci> K2_J27 </ci>
                  </apply>
                </apply>
              </apply>
              <apply>
                <plus/>
                <cn type="integer"> 1 </cn>
                <apply>
                  <divide/>
                  <ci> S15 </ci>
                  <ci> K1_J27 </ci>
                </apply>
                <apply>
                  <divide/>
                  <ci> S10 </ci>
                  <ci> K2_J27 </ci>
                </apply>
              </apply>
            </apply>
          </math>
        </kineticLaw>
      </reaction>
      <reaction id="r28" reversible="false">
        <listOfReactants>
          <speciesReference species="S16" stoichiometry="1" constant="true"/>
        </listOfReactants>
        <listOfProducts>
          <speciesReference species="S22" stoichiometry="1" constant="true"/>
        </listOfProducts>
        <listOfModifiers>
          <modifierSpeciesReference species="S9"/>
        </listOfModifiers>
        <kineticLaw>
          <math xmlns="http://www.w3.org/1998/Math/MathML">
            <apply>
              <divide/>
              <apply>
                <times/>
                <ci> S9 </ci>
                <apply>
                  <minus/>
                  <apply>
                    <divide/>
                    <apply>
                      <times/>
                      <ci> kf_J28 </ci>
                      <ci> S16 </ci>
                    </apply>
                    <ci> K1_J28 </ci>
                  </apply>
                  <apply>
                    <divide/>
                    <apply>
                      <times/>
                      <ci> kr_J28 </ci>
                      <ci> S22 </ci>
                    </apply>
                    <ci> K2_J28 </ci>
                  </apply>
                </apply>
              </apply>
              <apply>
                <plus/>
                <cn type="integer"> 1 </cn>
                <apply>
                  <divide/>
                  <ci> S16 </ci>
                  <ci> K1_J28 </ci>
                </apply>
                <apply>
                  <divide/>
                  <ci> S22 </ci>
                  <ci> K2_J28 </ci>
                </apply>
              </apply>
            </apply>
          </math>
        </kineticLaw>
      </reaction>
      <reaction id="r29" reversible="false">
        <listOfReactants>
          <speciesReference species="S22" stoichiometry="1" constant="true"/>
        </listOfReactants>
        <listOfProducts>
          <speciesReference species="S16" stoichiometry="1" constant="true"/>
        </listOfProducts>
        <listOfModifiers>
          <modifierSpeciesReference species="S10"/>
        </listOfModifiers>
        <kineticLaw>
          <math xmlns="http://www.w3.org/1998/Math/MathML">
            <apply>
              <divide/>
              <apply>
                <times/>
                <ci> S10 </ci>
                <apply>
                  <minus/>
                  <apply>
                    <divide/>
                    <apply>
                      <times/>
                      <ci> kf_J29 </ci>
                      <ci> S22 </ci>
                    </apply>
                    <ci> K2_J29 </ci>
                  </apply>
                  <apply>
                    <divide/>
                    <apply>
                      <times/>
                      <ci> kr_J29 </ci>
                      <ci> S16 </ci>
                    </apply>
                    <ci> K1_J29 </ci>
                  </apply>
                </apply>
              </apply>
              <apply>
                <plus/>
                <cn type="integer"> 1 </cn>
                <apply>
                  <divide/>
                  <ci> S22 </ci>
                  <ci> K2_J29 </ci>
                </apply>
                <apply>
                  <divide/>
                  <ci> S16 </ci>
                  <ci> K1_J29 </ci>
                </apply>
              </apply>
            </apply>
          </math>
        </kineticLaw>
      </reaction>
      <reaction id="r30" reversible="false">
        <listOfReactants>
          <speciesReference species="S16" stoichiometry="1" constant="true"/>
        </listOfReactants>
        <listOfProducts>
          <speciesReference species="S19" stoichiometry="1" constant="true"/>
          <speciesReference species="S22" stoichiometry="1" constant="true"/>
        </listOfProducts>
        <kineticLaw>
          <math xmlns="http://www.w3.org/1998/Math/MathML">
            <apply>
              <minus/>
              <apply>
                <times/>
                <ci> kf_J30 </ci>
                <ci> S16 </ci>
              </apply>
              <apply>
                <times/>
                <ci> kr_J30 </ci>
                <ci> S19 </ci>
                <ci> S22 </ci>
              </apply>
            </apply>
          </math>
        </kineticLaw>
      </reaction>
      <reaction id="r31" reversible="false">
        <listOfReactants>
          <speciesReference species="S19" stoichiometry="1" constant="true"/>
        </listOfReactants>
        <listOfProducts>
          <speciesReference species="S1" stoichiometry="1" constant="true"/>
        </listOfProducts>
        <kineticLaw>
          <math xmlns="http://www.w3.org/1998/Math/MathML">
            <apply>
              <divide/>
              <apply>
                <times/>
                <ci> S1 </ci>
                <apply>
                  <minus/>
                  <apply>
                    <divide/>
                    <apply>
                      <times/>
                      <ci> kf_J31 </ci>
                      <ci> S19 </ci>
                    </apply>
                    <ci> K1_J31 </ci>
                  </apply>
                  <apply>
                    <divide/>
                    <apply>
                      <times/>
                      <ci> kr_J31 </ci>
                      <ci> S1 </ci>
                    </apply>
                    <ci> K2_J31 </ci>
                  </apply>
                </apply>
              </apply>
              <apply>
                <plus/>
                <cn type="integer"> 1 </cn>
                <apply>
                  <divide/>
                  <ci> S19 </ci>
                  <ci> K1_J31 </ci>
                </apply>
                <apply>
                  <divide/>
                  <ci> S1 </ci>
                  <ci> K2_J31 </ci>
                </apply>
              </apply>
            </apply>
          </math>
        </kineticLaw>
      </reaction>
      <reaction id="r32" reversible="false">
        <listOfReactants>
          <speciesReference species="S1" stoichiometry="1" constant="true"/>
        </listOfReactants>
        <listOfProducts>
          <speciesReference species="S19" stoichiometry="1" constant="true"/>
        </listOfProducts>
        <listOfModifiers>
          <modifierSpeciesReference species="S22"/>
        </listOfModifiers>
        <kineticLaw>
          <math xmlns="http://www.w3.org/1998/Math/MathML">
            <apply>
              <divide/>
              <apply>
                <times/>
                <ci> S22 </ci>
                <apply>
                  <minus/>
                  <apply>
                    <divide/>
                    <apply>
                      <times/>
                      <ci> kf_J32 </ci>
                      <ci> S1 </ci>
                    </apply>
                    <ci> K2_J32 </ci>
                  </apply>
                  <apply>
                    <divide/>
                    <apply>
                      <times/>
                      <ci> kr_J32 </ci>
                      <ci> S19 </ci>
                    </apply>
                    <ci> K1_J32 </ci>
                  </apply>
                </apply>
              </apply>
              <apply>
                <plus/>
                <cn type="integer"> 1 </cn>
                <apply>
                  <divide/>
                  <ci> S1 </ci>
                  <ci> K2_J32 </ci>
                </apply>
                <apply>
                  <divide/>
                  <ci> S19 </ci>
                  <ci> K1_J32 </ci>
                </apply>
              </apply>
            </apply>
          </math>
        </kineticLaw>
      </reaction>
      <reaction id="r33" reversible="false">
        <listOfReactants>
          <speciesReference species="S6" stoichiometry="1" constant="true"/>
        </listOfReactants>
        <listOfProducts>
          <speciesReference species="S4" stoichiometry="1" constant="true"/>
        </listOfProducts>
        <listOfModifiers>
          <modifierSpeciesReference species="S19"/>
        </listOfModifiers>
        <kineticLaw>
          <math xmlns="http://www.w3.org/1998/Math/MathML">
            <apply>
              <divide/>
              <apply>
                <times/>
                <ci> S19 </ci>
                <apply>
                  <minus/>
                  <apply>
                    <divide/>
                    <apply>
                      <times/>
                      <ci> kf_J33 </ci>
                      <ci> S6 </ci>
                    </apply>
                    <ci> K1_J33 </ci>
                  </apply>
                  <apply>
                    <divide/>
                    <apply>
                      <times/>
                      <ci> kr_J33 </ci>
                      <ci> S4 </ci>
                    </apply>
                    <ci> K2_J33 </ci>
                  </apply>
                </apply>
              </apply>
              <apply>
                <plus/>
                <cn type="integer"> 1 </cn>
                <apply>
                  <divide/>
                  <ci> S6 </ci>
                  <ci> K1_J33 </ci>
                </apply>
                <apply>
                  <divide/>
                  <ci> S4 </ci>
                  <ci> K2_J33 </ci>
                </apply>
              </apply>
            </apply>
          </math>
        </kineticLaw>
      </reaction>
      <reaction id="r34" reversible="false">
        <listOfReactants>
          <speciesReference species="S4" stoichiometry="1" constant="true"/>
        </listOfReactants>
        <listOfProducts>
          <speciesReference species="S6" stoichiometry="1" constant="true"/>
        </listOfProducts>
        <listOfModifiers>
          <modifierSpeciesReference species="S12"/>
        </listOfModifiers>
        <kineticLaw>
          <math xmlns="http://www.w3.org/1998/Math/MathML">
            <apply>
              <divide/>
              <apply>
                <times/>
                <ci> S12 </ci>
                <apply>
                  <minus/>
                  <apply>
                    <divide/>
                    <apply>
                      <times/>
                      <ci> kf_J34 </ci>
                      <ci> S4 </ci>
                    </apply>
                    <ci> K2_J34 </ci>
                  </apply>
                  <apply>
                    <divide/>
                    <apply>
                      <times/>
                      <ci> kr_J34 </ci>
                      <ci> S6 </ci>
                    </apply>
                    <ci> K1_J34 </ci>
                  </apply>
                </apply>
              </apply>
              <apply>
                <plus/>
                <cn type="integer"> 1 </cn>
                <apply>
                  <divide/>
                  <ci> S4 </ci>
                  <ci> K2_J34 </ci>
                </apply>
                <apply>
                  <divide/>
                  <ci> S6 </ci>
                  <ci> K1_J34 </ci>
                </apply>
              </apply>
            </apply>
          </math>
        </kineticLaw>
      </reaction>
      <reaction id="r35" reversible="false">
        <listOfReactants>
          <speciesReference species="S4" stoichiometry="1" constant="true"/>
        </listOfReactants>
        <listOfProducts>
          <speciesReference species="S19" stoichiometry="1" constant="true"/>
        </listOfProducts>
        <listOfModifiers>
          <modifierSpeciesReference species="S22"/>
        </listOfModifiers>
        <kineticLaw>
          <math xmlns="http://www.w3.org/1998/Math/MathML">
            <apply>
              <divide/>
              <apply>
                <times/>
                <ci> S22 </ci>
                <apply>
                  <minus/>
                  <apply>
                    <divide/>
                    <apply>
                      <times/>
                      <ci> kf_J35 </ci>
                      <ci> S4 </ci>
                    </apply>
                    <ci> K1_J35 </ci>
                  </apply>
                  <apply>
                    <divide/>
                    <apply>
                      <times/>
                      <ci> kr_J35 </ci>
                      <ci> S19 </ci>
                    </apply>
                    <ci> K2_J35 </ci>
                  </apply>
                </apply>
              </apply>
              <apply>
                <plus/>
                <cn type="integer"> 1 </cn>
                <apply>
                  <divide/>
                  <ci> S4 </ci>
                  <ci> K1_J35 </ci>
                </apply>
                <apply>
                  <divide/>
                  <ci> S19 </ci>
                  <ci> K2_J35 </ci>
                </apply>
              </apply>
            </apply>
          </math>
        </kineticLaw>
      </reaction>
    </listOfReactions>
  </model>
</sbml>
