<?xml version='1.0' encoding='UTF-8' standalone='no'?>
<sbml xmlns="http://www.sbml.org/sbml/level2/version4" level="2" metaid="_63320983-9521-4a50-84c8-5a304cf2cb39" version="4">
  <model id="Muller2008_MAPKactivation_Dynamics" metaid="COPASI0" name="Muller2008 - Simplified MAPK activation Dynamics (Model B)">
    <notes>
      <body xmlns="http://www.w3.org/1999/xhtml">
    <div class="dc:title">Muller2008 - Simplified MAPK activation Dynamics (Model B)</div>
<div class="dc:description">Simplified mathematical model (model B)
for predicting MAPK signal expression.
<br/></div>
<div class="dc:bibliographicCitation">
  <p>This model is described in the article:</p>
  <div class="bibo:title">
    <a href="http://identifiers.org/pubmed/18171696" title="Access to this publication">Network topology determines
    dynamics of the mammalian MAPK1,2 signaling network: bifan
    motif regulation of C-Raf and B-Raf isoforms by FGFR and
    MC1R.</a>
  </div>
  <div class="bibo:authorList">Muller M, Obeyesekere M, Mills GB,
  Ram PT.</div>
  <div class="bibo:Journal">FASEB J. 2008 May; 22(5):
  1393-1403</div>
  <p>Abstract:</p>
  <div class="bibo:abstract">
    <p>Activation of the fibroblast growth factor (FGFR) and
    melanocyte stimulating hormone (MC1R) receptors stimulates
    B-Raf and C-Raf isoforms that regulate the dynamics of MAPK1,2
    signaling. Network topology motifs in mammalian cells include
    feed-forward and feedback loops and bifans where signals from
    two upstream molecules integrate to modulate the activity of
    two downstream molecules. We computationally modeled and
    experimentally tested signal processing in the
    FGFR/MC1R/B-Raf/C-Raf/MAPK1,2 network in human melanoma cells;
    identifying 7 regulatory loops and a bifan motif. Signaling
    from FGFR leads to sustained activation of MAPK1,2, whereas
    signaling from MC1R results in transient activation of MAPK1,2.
    The dynamics of MAPK activation depends critically on the
    expression level and connectivity to C-Raf, which is critical
    for a sustained MAPK1,2 response. A partially incoherent bifan
    motif with a feedback loop acts as a logic gate to integrate
    signals and regulate duration of activation of the MAPK
    signaling cascade. Further reducing a 106-node ordinary
    differential equations network encompassing the complete
    network to a 6-node network encompassing rate-limiting
    processes sustains the feedback loops and the bifan, providing
    sufficient information to predict biological responses.</p>
  </div>
</div>
<div class="dc:publisher">
  <p>This model is hosted on 
  <a href="http://www.ebi.ac.uk/biomodels/">BioModels Database</a>
  and identified by: 
  <a href="http://identifiers.org/biomodels.db/BIOMD0000000664">BIOMD0000000664</a>.</p>
  <p>To cite BioModels Database, please use: 
  <a href="http://identifiers.org/pubmed/25414348" target="_blank">Chelliah V et al. BioModels: ten-year
  anniversary. Nucl. Acids Res. 2015, 43(Database
  issue):D542-8</a>.</p>
</div>
<div class="dc:license">
  <p>To the extent possible under law, all copyright and related or
  neighbouring rights to this encoded model have been dedicated to
  the public domain worldwide. Please refer to 
  <a href="http://creativecommons.org/publicdomain/zero/1.0/" title="Access to: CC0 1.0 Universal (CC0 1.0), Public Domain Dedication">CC0
  Public Domain Dedication</a> for more information.</p>
</div>
</body>
    </notes>
    <annotation>
    <rdf:RDF xmlns:rdf="http://www.w3.org/1999/02/22-rdf-syntax-ns#" xmlns:dc="http://purl.org/dc/elements/1.1/" xmlns:dcterms="http://purl.org/dc/terms/" xmlns:vCard="http://www.w3.org/2001/vcard-rdf/3.0#" xmlns:bqbiol="http://biomodels.net/biology-qualifiers/" xmlns:bqmodel="http://biomodels.net/model-qualifiers/">
        <rdf:Description rdf:about="#COPASI0">
	<dc:creator>
	<rdf:Bag>
	<rdf:li rdf:parseType="Resource">
	<vCard:N rdf:parseType="Resource">
	<vCard:Family>Roberts</vCard:Family>
	<vCard:Given>Matthew Grant</vCard:Given>
	</vCard:N>
	<vCard:EMAIL>mroberts@ebi.ac.uk</vCard:EMAIL>
	<vCard:ORG rdf:parseType="Resource">
	<vCard:Orgname>EMBL-EBI</vCard:Orgname>
	</vCard:ORG>
	</rdf:li>
	</rdf:Bag>
	</dc:creator>
	<dcterms:created rdf:parseType="Resource">
	<dcterms:W3CDTF>2018-01-26T12:13:03Z</dcterms:W3CDTF>
	</dcterms:created>
	<dcterms:modified rdf:parseType="Resource">
	<dcterms:W3CDTF>2018-01-29T11:15:37Z</dcterms:W3CDTF>
	</dcterms:modified>
	<dcterms:modified rdf:parseType="Resource">
	<dcterms:W3CDTF>2018-01-29T11:15:37Z</dcterms:W3CDTF>
	</dcterms:modified>
	<bqmodel:is>
	<rdf:Bag>
	<rdf:li rdf:resource="http://identifiers.org/biomodels.db/MODEL8687732743"/>
	</rdf:Bag>
	</bqmodel:is>
	<bqmodel:isDescribedBy>
	<rdf:Bag>
	<rdf:li rdf:resource="http://identifiers.org/pubmed/18171696"/>
	</rdf:Bag>
	</bqmodel:isDescribedBy>
	<bqmodel:isDescribedBy>
	<rdf:Bag>
	<rdf:li rdf:resource="http://identifiers.org/pubmed/18171696"/>
	</rdf:Bag>
	</bqmodel:isDescribedBy>
	<bqmodel:is>
	<rdf:Bag>
	<rdf:li rdf:resource="http://identifiers.org/biomodels.db/BIOMD0000000664"/>
	</rdf:Bag>
	</bqmodel:is>
	<bqbiol:occursIn>
	<rdf:Bag>
	<rdf:li rdf:resource="http://identifiers.org/bto/BTO:0000848"/>
	</rdf:Bag>
	</bqbiol:occursIn>
	<bqbiol:hasProperty>
	<rdf:Bag>
	<rdf:li rdf:resource="http://identifiers.org/go/GO:0043408"/>
	</rdf:Bag>
	</bqbiol:hasProperty>
	<bqbiol:hasProperty>
	<rdf:Bag>
	<rdf:li rdf:resource="http://identifiers.org/mamo/MAMO_0000046"/>
	</rdf:Bag>
	</bqbiol:hasProperty>
	<bqbiol:hasTaxon>
	<rdf:Bag>
	<rdf:li rdf:resource="http://identifiers.org/taxonomy/9606"/>
	</rdf:Bag>
	</bqbiol:hasTaxon>
	</rdf:Description>
	
	
	
	
	
    </rdf:RDF>
    <COPASI xmlns="http://www.copasi.org/static/sbml">
      <rdf:RDF xmlns:rdf="http://www.w3.org/1999/02/22-rdf-syntax-ns#" xmlns:CopasiMT="http://www.copasi.org/RDF/MiriamTerms#" xmlns:bqbiol="http://biomodels.net/biology-qualifiers/" xmlns:dcterms="http://purl.org/dc/terms/" xmlns:vCard="http://www.w3.org/2001/vcard-rdf/3.0#">
        <rdf:Description rdf:about="#COPASI0">
          <bqbiol:hasProperty>
            <rdf:Bag>
              <rdf:li rdf:resource="http://identifiers.org/mamo/MAMO_0000046"/>
            </rdf:Bag>
          </bqbiol:hasProperty>
          <bqbiol:hasProperty>
            <rdf:Bag>
              <rdf:li rdf:resource="http://identifiers.org/go/GO:0043408"/>
            </rdf:Bag>
          </bqbiol:hasProperty>
          <bqbiol:hasTaxon>
            <rdf:Bag>
              <rdf:li rdf:resource="http://identifiers.org/taxonomy/9606"/>
            </rdf:Bag>
          </bqbiol:hasTaxon>
          <dcterms:bibliographicCitation>
            <rdf:Bag>
              <rdf:li>
                <rdf:Description>
                  <CopasiMT:isDescribedBy rdf:resource="http://identifiers.org/pubmed/18171696"/>
                </rdf:Description>
              </rdf:li>
            </rdf:Bag>
          </dcterms:bibliographicCitation>
          <dcterms:created>
            <rdf:Description>
              <dcterms:W3CDTF>2018-01-26T12:13:03Z</dcterms:W3CDTF>
            </rdf:Description>
          </dcterms:created>
          <dcterms:creator>
            <rdf:Bag>
              <rdf:li>
                <rdf:Description>
                  <vCard:EMAIL>mroberts@ebi.ac.uk</vCard:EMAIL>
                  <vCard:N>
                    <rdf:Description>
                      <vCard:Family>Roberts</vCard:Family>
                      <vCard:Given>Matthew Grant</vCard:Given>
                    </rdf:Description>
                  </vCard:N>
                  <vCard:ORG>
                    <rdf:Description>
                      <vCard:Orgname>EMBL-EBI</vCard:Orgname>
                    </rdf:Description>
                  </vCard:ORG>
                </rdf:Description>
              </rdf:li>
            </rdf:Bag>
          </dcterms:creator>
          <dcterms:modified>
            <rdf:Description>
              <dcterms:W3CDTF>2018-01-26T12:13:03Z</dcterms:W3CDTF>
            </rdf:Description>
          </dcterms:modified>
          <CopasiMT:is>
            <rdf:Bag>
              <rdf:li rdf:resource="http://identifiers.org/biomodels.db/MODEL8687732743"/>
            </rdf:Bag>
          </CopasiMT:is>
          <CopasiMT:occursIn>
            <rdf:Bag>
              <rdf:li rdf:resource="http://identifiers.org/bto/BTO:0000848"/>
            </rdf:Bag>
          </CopasiMT:occursIn>
        </rdf:Description>
      </rdf:RDF>
    </COPASI>
  </annotation>
      <listOfFunctionDefinitions>
      <functionDefinition id="function_1_1" metaid="_4544230c-f70a-4368-a814-86fb242fdebc" name="function 1_1">
        <math xmlns="http://www.w3.org/1998/Math/MathML">        
          <lambda>
            <bvar>
              <ci> a1 </ci>
            </bvar>
            <bvar>
              <ci> b1 </ci>
            </bvar>
            <bvar>
              <ci> g1 </ci>
            </bvar>
            <apply>
              <times/>
              <ci> a1 </ci>
              <apply>
                <divide/>
                <ci> g1 </ci>
                <apply>
                  <plus/>
                  <ci> b1 </ci>
                  <ci> g1 </ci>
                </apply>
              </apply>
            </apply>
          </lambda>
        </math>
            </functionDefinition>
      <functionDefinition id="function_1_2" metaid="_164d80c4-43dc-41c6-bf36-fc6a5036638b" name="function 1_2">
        <math xmlns="http://www.w3.org/1998/Math/MathML">        
          <lambda>
            <bvar>
              <ci> a2 </ci>
            </bvar>
            <bvar>
              <ci> b2 </ci>
            </bvar>
            <bvar>
              <ci> g2 </ci>
            </bvar>
            <apply>
              <times/>
              <ci> a2 </ci>
              <apply>
                <divide/>
                <ci> g2 </ci>
                <apply>
                  <plus/>
                  <ci> b2 </ci>
                  <ci> g2 </ci>
                </apply>
              </apply>
            </apply>
          </lambda>
        </math>
            </functionDefinition>
      <functionDefinition id="function_2_1" metaid="_5e656345-422e-441f-8aed-58860c874a2b" name="function 2_1">
        <math xmlns="http://www.w3.org/1998/Math/MathML">        
          <lambda>
            <bvar>
              <ci> C_Raf </ci>
            </bvar>
            <bvar>
              <ci> C_Raf_inactive </ci>
            </bvar>
            <bvar>
              <ci> E </ci>
            </bvar>
            <bvar>
              <ci> FGFR </ci>
            </bvar>
            <bvar>
              <ci> f13 </ci>
            </bvar>
            <apply>
              <times/>
              <ci> f13 </ci>
              <apply>
                <minus/>
                <apply>
                  <minus/>
                  <ci> E </ci>
                  <ci> C_Raf </ci>
                </apply>
                <ci> C_Raf_inactive </ci>
              </apply>
              <ci> FGFR </ci>
            </apply>
          </lambda>
        </math>
            </functionDefinition>
      <functionDefinition id="function_3_1" metaid="a8bf1927-1469-45b6-a10e-e61d3de24420" name="function 3_1">
        <math xmlns="http://www.w3.org/1998/Math/MathML">        
          <lambda>
            <bvar>
              <ci> C_Raf </ci>
            </bvar>
            <bvar>
              <ci> C_Raf_inactive </ci>
            </bvar>
            <bvar>
              <ci> E </ci>
            </bvar>
            <bvar>
              <ci> MAPK </ci>
            </bvar>
            <bvar>
              <ci> f53 </ci>
            </bvar>
            <apply>
              <times/>
              <ci> f53 </ci>
              <apply>
                <minus/>
                <apply>
                  <minus/>
                  <ci> E </ci>
                  <ci> C_Raf </ci>
                </apply>
                <ci> C_Raf_inactive </ci>
              </apply>
              <ci> MAPK </ci>
            </apply>
          </lambda>
        </math>
            </functionDefinition>
      <functionDefinition id="function_4_1" metaid="_14dbfa4d-dcd7-447a-945d-0497685070a6" name="function 4_1">
        <math xmlns="http://www.w3.org/1998/Math/MathML">        
          <lambda>
            <bvar>
              <ci> FGFR </ci>
            </bvar>
            <bvar>
              <ci> f14 </ci>
            </bvar>
            <apply>
              <times/>
              <ci> f14 </ci>
              <ci> FGFR </ci>
            </apply>
          </lambda>
        </math>
            </functionDefinition>
      <functionDefinition id="function_4_2" metaid="_471318be-4ed5-4133-8bc2-314a65217ae8" name="function 4_2">
        <math xmlns="http://www.w3.org/1998/Math/MathML">        
          <lambda>
            <bvar>
              <ci> MSH </ci>
            </bvar>
            <bvar>
              <ci> f24 </ci>
            </bvar>
            <apply>
              <times/>
              <ci> f24 </ci>
              <ci> MSH </ci>
            </apply>
          </lambda>
        </math>
            </functionDefinition>
      <functionDefinition id="function_4_3" metaid="_0cf09757-f6ba-4fc4-94a3-deb751a461ee" name="function 4_3">
        <math xmlns="http://www.w3.org/1998/Math/MathML">        
          <lambda>
            <bvar>
              <ci> C_Raf </ci>
            </bvar>
            <bvar>
              <ci> f35 </ci>
            </bvar>
            <apply>
              <times/>
              <ci> f35 </ci>
              <ci> C_Raf </ci>
            </apply>
          </lambda>
        </math>
            </functionDefinition>
      <functionDefinition id="function_4_4" metaid="_14abcb22-2e35-4fd8-8aad-5afdbaaa3a96" name="function 4_4">
        <math xmlns="http://www.w3.org/1998/Math/MathML">        
          <lambda>
            <bvar>
              <ci> B_Raf </ci>
            </bvar>
            <bvar>
              <ci> f45 </ci>
            </bvar>
            <apply>
              <times/>
              <ci> f45 </ci>
              <ci> B_Raf </ci>
            </apply>
          </lambda>
        </math>
            </functionDefinition>
      <functionDefinition id="function_5_1" metaid="a9ec5ca1-faae-4fd8-8410-152e01183dc5" name="function 5_1">
        <math xmlns="http://www.w3.org/1998/Math/MathML">        
          <lambda>
            <bvar>
              <ci> C_Raf </ci>
            </bvar>
            <bvar>
              <ci> MSH </ci>
            </bvar>
            <bvar>
              <ci> h36_y3 </ci>
            </bvar>
            <apply>
              <times/>
              <ci> h36_y3 </ci>
              <ci> MSH </ci>
              <ci> C_Raf </ci>
            </apply>
          </lambda>
        </math>
            </functionDefinition>
    </listOfFunctionDefinitions>
    <listOfUnitDefinitions>
      <unitDefinition id="time" metaid="_14198b47-ecc1-4bad-9dcd-85cf045cc041" name="time">
        <listOfUnits>
          <unit exponent="1" kind="second" metaid="_3d84cada-9694-44e5-a1df-e074003b5692" multiplier="60" scale="0"/>
        </listOfUnits>
      </unitDefinition>
      <unitDefinition id="unit_0" metaid="_2bf7f4ae-56bb-4c43-b6ab-e8c34f104128" name="0.06*mmol/(l*s)">
        <listOfUnits>
          <unit exponent="1" kind="mole" metaid="_13c6c063-c89d-4c12-bddd-210641f44a89" multiplier="0.06" scale="-3"/>
          <unit exponent="-1" kind="litre" metaid="f967d931-470f-4544-926d-77ab459d6e42" multiplier="1" scale="0"/>
          <unit exponent="-1" kind="second" metaid="_6a21eea5-b29b-4840-8110-e5048f37ef47" multiplier="1" scale="0"/>
        </listOfUnits>
      </unitDefinition>
      <unitDefinition id="unit_1" metaid="_75eca0ec-201c-445e-92e6-0f41ba040601" name="1/(59.9999*s)">
        <listOfUnits>
          <unit exponent="-1" kind="second" metaid="_706ab769-7362-4e5e-b9ad-adcc9e492c64" multiplier="59.9999" scale="0"/>
        </listOfUnits>
      </unitDefinition>
      <unitDefinition id="unit_2" metaid="f5554620-9c01-4ec3-a1e6-2d99c32a65f5" name="0.06*ml/(mol*s)">
        <listOfUnits>
          <unit exponent="-1" kind="mole" metaid="_549ba165-16b8-4876-b209-04ecc319888d" multiplier="1" scale="0"/>
          <unit exponent="1" kind="litre" metaid="ba0c1593-9e3c-4a39-8e03-f917e25d6bc8" multiplier="0.06" scale="-3"/>
          <unit exponent="-1" kind="second" metaid="d5215c70-afea-4721-b946-9e9265e0ef5a" multiplier="1" scale="0"/>
        </listOfUnits>
      </unitDefinition>
    </listOfUnitDefinitions>
    <listOfCompartments>
      <compartment constant="true" id="Compartment" metaid="e9651315-777b-411a-b029-e129c00e6c5f" name="Compartment" size="1" spatialDimensions="3"/>
    </listOfCompartments>
    <listOfSpecies>
      <species boundaryCondition="false" compartment="Compartment" constant="false" id="FGFR" initialConcentration="0" metaid="COPASI1" name="FGFR">
        <annotation>
        <rdf:RDF xmlns:rdf="http://www.w3.org/1999/02/22-rdf-syntax-ns#" xmlns:dc="http://purl.org/dc/elements/1.1/" xmlns:dcterms="http://purl.org/dc/terms/" xmlns:vCard="http://www.w3.org/2001/vcard-rdf/3.0#" xmlns:bqbiol="http://biomodels.net/biology-qualifiers/" xmlns:bqmodel="http://biomodels.net/model-qualifiers/">
            <rdf:Description rdf:about="#COPASI1">
	<bqbiol:isVersionOf>
	<rdf:Bag>
	<rdf:li rdf:resource="http://identifiers.org/uniprot/P11362"/>
	</rdf:Bag>
	</bqbiol:isVersionOf>
	</rdf:Description>
	
	
	
	
	
        </rdf:RDF>
        <COPASI xmlns="http://www.copasi.org/static/sbml">
          <rdf:RDF xmlns:rdf="http://www.w3.org/1999/02/22-rdf-syntax-ns#" xmlns:CopasiMT="http://www.copasi.org/RDF/MiriamTerms#">
            <rdf:Description rdf:about="#COPASI1">
              <CopasiMT:isVersionOf>
                <rdf:Bag>
                  <rdf:li rdf:resource="http://identifiers.org/uniprot/P11362"/>
                </rdf:Bag>
              </CopasiMT:isVersionOf>
            </rdf:Description>
          </rdf:RDF>
        </COPASI>
      </annotation>
            </species>
      <species boundaryCondition="false" compartment="Compartment" constant="false" id="MSH" initialConcentration="0" metaid="COPASI2" name="MSH">
        <annotation>
        <rdf:RDF xmlns:rdf="http://www.w3.org/1999/02/22-rdf-syntax-ns#" xmlns:dc="http://purl.org/dc/elements/1.1/" xmlns:dcterms="http://purl.org/dc/terms/" xmlns:vCard="http://www.w3.org/2001/vcard-rdf/3.0#" xmlns:bqbiol="http://biomodels.net/biology-qualifiers/" xmlns:bqmodel="http://biomodels.net/model-qualifiers/">
            <rdf:Description rdf:about="#COPASI2">
	<bqbiol:isVersionOf>
	<rdf:Bag>
	<rdf:li rdf:resource="http://identifiers.org/pr/PR:000001239"/>
	</rdf:Bag>
	</bqbiol:isVersionOf>
	</rdf:Description>
	
	
	
	
	
        </rdf:RDF>
        <COPASI xmlns="http://www.copasi.org/static/sbml">
          <rdf:RDF xmlns:rdf="http://www.w3.org/1999/02/22-rdf-syntax-ns#" xmlns:CopasiMT="http://www.copasi.org/RDF/MiriamTerms#">
            <rdf:Description rdf:about="#COPASI2">
              <CopasiMT:isVersionOf>
                <rdf:Bag>
                  <rdf:li rdf:resource="http://identifiers.org/pr/PR:000001239"/>
                </rdf:Bag>
              </CopasiMT:isVersionOf>
            </rdf:Description>
          </rdf:RDF>
        </COPASI>
      </annotation>
            </species>
      <species boundaryCondition="false" compartment="Compartment" constant="false" id="B_Raf" initialConcentration="0" metaid="COPASI3" name="B-Raf">
        <annotation>
        <rdf:RDF xmlns:rdf="http://www.w3.org/1999/02/22-rdf-syntax-ns#" xmlns:dc="http://purl.org/dc/elements/1.1/" xmlns:dcterms="http://purl.org/dc/terms/" xmlns:vCard="http://www.w3.org/2001/vcard-rdf/3.0#" xmlns:bqbiol="http://biomodels.net/biology-qualifiers/" xmlns:bqmodel="http://biomodels.net/model-qualifiers/">
            <rdf:Description rdf:about="#COPASI3">
	<bqbiol:isVersionOf>
	<rdf:Bag>
	<rdf:li rdf:resource="http://identifiers.org/uniprot/P15056"/>
	</rdf:Bag>
	</bqbiol:isVersionOf>
	</rdf:Description>
	
	
	
	
	
        </rdf:RDF>
        <COPASI xmlns="http://www.copasi.org/static/sbml">
          <rdf:RDF xmlns:rdf="http://www.w3.org/1999/02/22-rdf-syntax-ns#" xmlns:CopasiMT="http://www.copasi.org/RDF/MiriamTerms#">
            <rdf:Description rdf:about="#COPASI3">
              <CopasiMT:isVersionOf>
                <rdf:Bag>
                  <rdf:li rdf:resource="http://identifiers.org/uniprot/P15056"/>
                </rdf:Bag>
              </CopasiMT:isVersionOf>
            </rdf:Description>
          </rdf:RDF>
        </COPASI>
      </annotation>
            </species>
      <species boundaryCondition="false" compartment="Compartment" constant="false" id="MAPK" initialConcentration="0" metaid="COPASI4" name="MAPK">
        <annotation>
        <rdf:RDF xmlns:rdf="http://www.w3.org/1999/02/22-rdf-syntax-ns#" xmlns:dc="http://purl.org/dc/elements/1.1/" xmlns:dcterms="http://purl.org/dc/terms/" xmlns:vCard="http://www.w3.org/2001/vcard-rdf/3.0#" xmlns:bqbiol="http://biomodels.net/biology-qualifiers/" xmlns:bqmodel="http://biomodels.net/model-qualifiers/">
            <rdf:Description rdf:about="#COPASI4">
	<bqbiol:isVersionOf>
	<rdf:Bag>
	<rdf:li rdf:resource="http://identifiers.org/uniprot/P28482"/>
	</rdf:Bag>
	</bqbiol:isVersionOf>
	</rdf:Description>
	
	
	
	
	
        </rdf:RDF>
        <COPASI xmlns="http://www.copasi.org/static/sbml">
          <rdf:RDF xmlns:rdf="http://www.w3.org/1999/02/22-rdf-syntax-ns#" xmlns:CopasiMT="http://www.copasi.org/RDF/MiriamTerms#">
            <rdf:Description rdf:about="#COPASI4">
              <CopasiMT:isVersionOf>
                <rdf:Bag>
                  <rdf:li rdf:resource="http://identifiers.org/uniprot/P28482"/>
                </rdf:Bag>
              </CopasiMT:isVersionOf>
            </rdf:Description>
          </rdf:RDF>
        </COPASI>
      </annotation>
            </species>
      <species boundaryCondition="false" compartment="Compartment" constant="false" id="C_Raf_inactive" initialConcentration="0" metaid="COPASI5" name="C-Raf inactive">
        <annotation>
        <rdf:RDF xmlns:rdf="http://www.w3.org/1999/02/22-rdf-syntax-ns#" xmlns:dc="http://purl.org/dc/elements/1.1/" xmlns:dcterms="http://purl.org/dc/terms/" xmlns:vCard="http://www.w3.org/2001/vcard-rdf/3.0#" xmlns:bqbiol="http://biomodels.net/biology-qualifiers/" xmlns:bqmodel="http://biomodels.net/model-qualifiers/">
            <rdf:Description rdf:about="#COPASI5">
	<bqbiol:isVersionOf>
	<rdf:Bag>
	<rdf:li rdf:resource="http://identifiers.org/uniprot/P04049"/>
	</rdf:Bag>
	</bqbiol:isVersionOf>
	</rdf:Description>
	
	
	
	
	
        </rdf:RDF>
        <COPASI xmlns="http://www.copasi.org/static/sbml">
          <rdf:RDF xmlns:rdf="http://www.w3.org/1999/02/22-rdf-syntax-ns#" xmlns:CopasiMT="http://www.copasi.org/RDF/MiriamTerms#">
            <rdf:Description rdf:about="#COPASI5">
              <CopasiMT:isVersionOf>
                <rdf:Bag>
                  <rdf:li rdf:resource="http://identifiers.org/uniprot/P04049"/>
                </rdf:Bag>
              </CopasiMT:isVersionOf>
            </rdf:Description>
          </rdf:RDF>
        </COPASI>
      </annotation>
            </species>
      <species boundaryCondition="true" compartment="Compartment" constant="false" id="g2_0" initialConcentration="1" metaid="COPASI6" name="g2">
        <annotation>
        <rdf:RDF xmlns:rdf="http://www.w3.org/1999/02/22-rdf-syntax-ns#" xmlns:dc="http://purl.org/dc/elements/1.1/" xmlns:dcterms="http://purl.org/dc/terms/" xmlns:vCard="http://www.w3.org/2001/vcard-rdf/3.0#" xmlns:bqbiol="http://biomodels.net/biology-qualifiers/" xmlns:bqmodel="http://biomodels.net/model-qualifiers/">
            <rdf:Description rdf:about="#COPASI6">
              <bqbiol:isVersionOf>
	<rdf:Bag>
	<rdf:li rdf:resource="http://identifiers.org/fma/FMA:74643"/>
	</rdf:Bag>
	</bqbiol:isVersionOf>
	
	<bqbiol:hasProperty>
	<rdf:Bag>
	<rdf:li rdf:resource="http://identifiers.org/ncit/C41210"/>
	</rdf:Bag>
	</bqbiol:hasProperty>
	</rdf:Description>
	
	
	
	
	
        </rdf:RDF>
        <COPASI xmlns="http://www.copasi.org/static/sbml">
          <rdf:RDF xmlns:rdf="http://www.w3.org/1999/02/22-rdf-syntax-ns#" xmlns:CopasiMT="http://www.copasi.org/RDF/MiriamTerms#" xmlns:bqbiol="http://biomodels.net/biology-qualifiers/">
            <rdf:Description rdf:about="#COPASI6">
              <bqbiol:hasProperty>
                <rdf:Bag>
                  <rdf:li rdf:resource="http://identifiers.org/ncit/C41210"/>
                </rdf:Bag>
              </bqbiol:hasProperty>
              <CopasiMT:isVersionOf>
                <rdf:Bag>
                  <rdf:li rdf:resource="http://identifiers.org/fma/FMA:74643"/>
                </rdf:Bag>
              </CopasiMT:isVersionOf>
            </rdf:Description>
          </rdf:RDF>
        </COPASI>
      </annotation>
            </species>
      <species boundaryCondition="false" compartment="Compartment" constant="false" id="C_Raf" initialConcentration="0" metaid="COPASI7" name="C-Raf">
        <annotation>
        <rdf:RDF xmlns:rdf="http://www.w3.org/1999/02/22-rdf-syntax-ns#" xmlns:dc="http://purl.org/dc/elements/1.1/" xmlns:dcterms="http://purl.org/dc/terms/" xmlns:vCard="http://www.w3.org/2001/vcard-rdf/3.0#" xmlns:bqbiol="http://biomodels.net/biology-qualifiers/" xmlns:bqmodel="http://biomodels.net/model-qualifiers/">
            <rdf:Description rdf:about="#COPASI7">
	<bqbiol:isVersionOf>
	<rdf:Bag>
	<rdf:li rdf:resource="http://identifiers.org/uniprot/P04049"/>
	</rdf:Bag>
	</bqbiol:isVersionOf>
	</rdf:Description>
	
	
	
	
	
        </rdf:RDF>
        <COPASI xmlns="http://www.copasi.org/static/sbml">
          <rdf:RDF xmlns:rdf="http://www.w3.org/1999/02/22-rdf-syntax-ns#" xmlns:CopasiMT="http://www.copasi.org/RDF/MiriamTerms#">
            <rdf:Description rdf:about="#COPASI7">
              <CopasiMT:isVersionOf>
                <rdf:Bag>
                  <rdf:li rdf:resource="http://identifiers.org/uniprot/P04049"/>
                </rdf:Bag>
              </CopasiMT:isVersionOf>
            </rdf:Description>
          </rdf:RDF>
        </COPASI>
      </annotation>
            </species>
      <species boundaryCondition="true" compartment="Compartment" constant="false" id="g1_0" initialConcentration="0" metaid="COPASI8" name="g1">
        <annotation>
        <rdf:RDF xmlns:rdf="http://www.w3.org/1999/02/22-rdf-syntax-ns#" xmlns:dc="http://purl.org/dc/elements/1.1/" xmlns:dcterms="http://purl.org/dc/terms/" xmlns:vCard="http://www.w3.org/2001/vcard-rdf/3.0#" xmlns:bqbiol="http://biomodels.net/biology-qualifiers/" xmlns:bqmodel="http://biomodels.net/model-qualifiers/">
            <rdf:Description rdf:about="#COPASI8">
              <bqbiol:isVersionOf>
	<rdf:Bag>
	<rdf:li rdf:resource="http://identifiers.org/uniprot/P05230"/>
	</rdf:Bag>
	</bqbiol:isVersionOf>
	
	<bqbiol:hasProperty>
	<rdf:Bag>
	<rdf:li rdf:resource="http://identifiers.org/ncit/C41210"/>
	</rdf:Bag>
	</bqbiol:hasProperty>
	</rdf:Description>
	
	
	
	
	
        </rdf:RDF>
        <COPASI xmlns="http://www.copasi.org/static/sbml">
          <rdf:RDF xmlns:rdf="http://www.w3.org/1999/02/22-rdf-syntax-ns#" xmlns:CopasiMT="http://www.copasi.org/RDF/MiriamTerms#" xmlns:bqbiol="http://biomodels.net/biology-qualifiers/">
            <rdf:Description rdf:about="#COPASI8">
              <bqbiol:hasProperty>
                <rdf:Bag>
                  <rdf:li rdf:resource="http://identifiers.org/ncit/C41210"/>
                </rdf:Bag>
              </bqbiol:hasProperty>
              <CopasiMT:isVersionOf>
                <rdf:Bag>
                  <rdf:li rdf:resource="http://identifiers.org/uniprot/P05230"/>
                </rdf:Bag>
              </CopasiMT:isVersionOf>
            </rdf:Description>
          </rdf:RDF>
        </COPASI>
      </annotation>
            </species>
    </listOfSpecies>
    <listOfParameters>
      <parameter constant="true" id="a1" metaid="COPASI9" name="a1" units="unit_0" value="10">
        <annotation>
        <COPASI xmlns="http://www.copasi.org/static/sbml">
          <rdf:RDF xmlns:rdf="http://www.w3.org/1999/02/22-rdf-syntax-ns#" xmlns:dcterms="http://purl.org/dc/terms/">
            <rdf:Description rdf:about="#COPASI9">
              <dcterms:created>
                <rdf:Description>
                  <dcterms:W3CDTF>2018-01-26T12:14:42Z</dcterms:W3CDTF>
                </rdf:Description>
              </dcterms:created>
            </rdf:Description>
          </rdf:RDF>
        </COPASI>
      </annotation>
            </parameter>
      <parameter constant="false" id="g1" metaid="COPASI10" name="g1" value="0">
        <annotation>
        <COPASI xmlns="http://www.copasi.org/static/sbml">
          <rdf:RDF xmlns:rdf="http://www.w3.org/1999/02/22-rdf-syntax-ns#" xmlns:dcterms="http://purl.org/dc/terms/">
            <rdf:Description rdf:about="#COPASI10">
              <dcterms:created>
                <rdf:Description>
                  <dcterms:W3CDTF>2018-01-26T12:14:48Z</dcterms:W3CDTF>
                </rdf:Description>
              </dcterms:created>
            </rdf:Description>
          </rdf:RDF>
        </COPASI>
      </annotation>
            </parameter>
      <parameter constant="true" id="b1" metaid="COPASI11" name="b1" value="10">
        <annotation>
        <COPASI xmlns="http://www.copasi.org/static/sbml">
          <rdf:RDF xmlns:rdf="http://www.w3.org/1999/02/22-rdf-syntax-ns#" xmlns:dcterms="http://purl.org/dc/terms/">
            <rdf:Description rdf:about="#COPASI11">
              <dcterms:created>
                <rdf:Description>
                  <dcterms:W3CDTF>2018-01-26T12:14:44Z</dcterms:W3CDTF>
                </rdf:Description>
              </dcterms:created>
            </rdf:Description>
          </rdf:RDF>
        </COPASI>
      </annotation>
            </parameter>
      <parameter constant="true" id="d1" metaid="COPASI12" name="d1" units="unit_1" value="0.2">
        <annotation>
        <COPASI xmlns="http://www.copasi.org/static/sbml">
          <rdf:RDF xmlns:rdf="http://www.w3.org/1999/02/22-rdf-syntax-ns#" xmlns:dcterms="http://purl.org/dc/terms/">
            <rdf:Description rdf:about="#COPASI12">
              <dcterms:created>
                <rdf:Description>
                  <dcterms:W3CDTF>2018-01-26T12:14:45Z</dcterms:W3CDTF>
                </rdf:Description>
              </dcterms:created>
            </rdf:Description>
          </rdf:RDF>
        </COPASI>
      </annotation>
            </parameter>
      <parameter constant="true" id="a2" metaid="COPASI13" name="a2" units="unit_0" value="10">
        <annotation>
        <COPASI xmlns="http://www.copasi.org/static/sbml">
          <rdf:RDF xmlns:rdf="http://www.w3.org/1999/02/22-rdf-syntax-ns#" xmlns:dcterms="http://purl.org/dc/terms/">
            <rdf:Description rdf:about="#COPASI13">
              <dcterms:created>
                <rdf:Description>
                  <dcterms:W3CDTF>2018-01-26T12:14:44Z</dcterms:W3CDTF>
                </rdf:Description>
              </dcterms:created>
            </rdf:Description>
          </rdf:RDF>
        </COPASI>
      </annotation>
            </parameter>
      <parameter constant="false" id="g2" metaid="COPASI14" name="g2" value="1">
        <annotation>
        <COPASI xmlns="http://www.copasi.org/static/sbml">
          <rdf:RDF xmlns:rdf="http://www.w3.org/1999/02/22-rdf-syntax-ns#" xmlns:dcterms="http://purl.org/dc/terms/">
            <rdf:Description rdf:about="#COPASI14">
              <dcterms:created>
                <rdf:Description>
                  <dcterms:W3CDTF>2018-01-26T12:14:49Z</dcterms:W3CDTF>
                </rdf:Description>
              </dcterms:created>
            </rdf:Description>
          </rdf:RDF>
        </COPASI>
      </annotation>
            </parameter>
      <parameter constant="true" id="b2" metaid="COPASI15" name="b2" value="10">
        <annotation>
        <COPASI xmlns="http://www.copasi.org/static/sbml">
          <rdf:RDF xmlns:rdf="http://www.w3.org/1999/02/22-rdf-syntax-ns#" xmlns:dcterms="http://purl.org/dc/terms/">
            <rdf:Description rdf:about="#COPASI15">
              <dcterms:created>
                <rdf:Description>
                  <dcterms:W3CDTF>2018-01-26T12:14:45Z</dcterms:W3CDTF>
                </rdf:Description>
              </dcterms:created>
            </rdf:Description>
          </rdf:RDF>
        </COPASI>
      </annotation>
            </parameter>
      <parameter constant="true" id="d2" metaid="COPASI16" name="d2" units="unit_1" value="0.1">
        <annotation>
        <COPASI xmlns="http://www.copasi.org/static/sbml">
          <rdf:RDF xmlns:rdf="http://www.w3.org/1999/02/22-rdf-syntax-ns#" xmlns:dcterms="http://purl.org/dc/terms/">
            <rdf:Description rdf:about="#COPASI16">
              <dcterms:created>
                <rdf:Description>
                  <dcterms:W3CDTF>2018-01-26T12:14:45Z</dcterms:W3CDTF>
                </rdf:Description>
              </dcterms:created>
            </rdf:Description>
          </rdf:RDF>
        </COPASI>
      </annotation>
            </parameter>
      <parameter constant="true" id="f53" metaid="COPASI17" name="f53" units="unit_2" value="1.5">
        <annotation>
        <COPASI xmlns="http://www.copasi.org/static/sbml">
          <rdf:RDF xmlns:rdf="http://www.w3.org/1999/02/22-rdf-syntax-ns#" xmlns:dcterms="http://purl.org/dc/terms/">
            <rdf:Description rdf:about="#COPASI17">
              <dcterms:created>
                <rdf:Description>
                  <dcterms:W3CDTF>2018-01-26T12:14:48Z</dcterms:W3CDTF>
                </rdf:Description>
              </dcterms:created>
            </rdf:Description>
          </rdf:RDF>
        </COPASI>
      </annotation>
            </parameter>
      <parameter constant="true" id="f13" metaid="COPASI18" name="f13" units="unit_2" value="0.6">
        <annotation>
        <COPASI xmlns="http://www.copasi.org/static/sbml">
          <rdf:RDF xmlns:rdf="http://www.w3.org/1999/02/22-rdf-syntax-ns#" xmlns:dcterms="http://purl.org/dc/terms/">
            <rdf:Description rdf:about="#COPASI18">
              <dcterms:created>
                <rdf:Description>
                  <dcterms:W3CDTF>2018-01-26T12:14:47Z</dcterms:W3CDTF>
                </rdf:Description>
              </dcterms:created>
            </rdf:Description>
          </rdf:RDF>
        </COPASI>
      </annotation>
            </parameter>
      <parameter constant="true" id="h36_y3" metaid="COPASI19" name="h36" units="unit_2" value="0.1">
        <annotation>
        <COPASI xmlns="http://www.copasi.org/static/sbml">
          <rdf:RDF xmlns:rdf="http://www.w3.org/1999/02/22-rdf-syntax-ns#" xmlns:dcterms="http://purl.org/dc/terms/">
            <rdf:Description rdf:about="#COPASI19">
              <dcterms:created>
                <rdf:Description>
                  <dcterms:W3CDTF>2018-01-26T12:14:51Z</dcterms:W3CDTF>
                </rdf:Description>
              </dcterms:created>
            </rdf:Description>
          </rdf:RDF>
        </COPASI>
      </annotation>
            </parameter>
      <parameter constant="true" id="d3" metaid="COPASI20" name="d3" units="unit_1" value="1">
        <annotation>
        <COPASI xmlns="http://www.copasi.org/static/sbml">
          <rdf:RDF xmlns:rdf="http://www.w3.org/1999/02/22-rdf-syntax-ns#" xmlns:dcterms="http://purl.org/dc/terms/">
            <rdf:Description rdf:about="#COPASI20">
              <dcterms:created>
                <rdf:Description>
                  <dcterms:W3CDTF>2018-01-26T12:14:46Z</dcterms:W3CDTF>
                </rdf:Description>
              </dcterms:created>
            </rdf:Description>
          </rdf:RDF>
        </COPASI>
      </annotation>
            </parameter>
      <parameter constant="true" id="E" metaid="COPASI21" name="E" value="10">
        <annotation>
        <COPASI xmlns="http://www.copasi.org/static/sbml">
          <rdf:RDF xmlns:rdf="http://www.w3.org/1999/02/22-rdf-syntax-ns#" xmlns:dcterms="http://purl.org/dc/terms/">
            <rdf:Description rdf:about="#COPASI21">
              <dcterms:created>
                <rdf:Description>
                  <dcterms:W3CDTF>2018-01-26T12:14:47Z</dcterms:W3CDTF>
                </rdf:Description>
              </dcterms:created>
            </rdf:Description>
          </rdf:RDF>
        </COPASI>
      </annotation>
            </parameter>
      <parameter constant="true" id="f14" metaid="COPASI22" name="f14" units="unit_1" value="0.1">
        <annotation>
        <COPASI xmlns="http://www.copasi.org/static/sbml">
          <rdf:RDF xmlns:rdf="http://www.w3.org/1999/02/22-rdf-syntax-ns#" xmlns:dcterms="http://purl.org/dc/terms/">
            <rdf:Description rdf:about="#COPASI22">
              <dcterms:created>
                <rdf:Description>
                  <dcterms:W3CDTF>2018-01-26T12:14:47Z</dcterms:W3CDTF>
                </rdf:Description>
              </dcterms:created>
            </rdf:Description>
          </rdf:RDF>
        </COPASI>
      </annotation>
            </parameter>
      <parameter constant="true" id="f24" metaid="COPASI23" name="f24" units="unit_1" value="0.8">
        <annotation>
        <COPASI xmlns="http://www.copasi.org/static/sbml">
          <rdf:RDF xmlns:rdf="http://www.w3.org/1999/02/22-rdf-syntax-ns#" xmlns:dcterms="http://purl.org/dc/terms/">
            <rdf:Description rdf:about="#COPASI23">
              <dcterms:created>
                <rdf:Description>
                  <dcterms:W3CDTF>2018-01-26T12:14:47Z</dcterms:W3CDTF>
                </rdf:Description>
              </dcterms:created>
            </rdf:Description>
          </rdf:RDF>
        </COPASI>
      </annotation>
            </parameter>
      <parameter constant="true" id="d4" metaid="COPASI24" name="d4" units="unit_1" value="1.1">
        <annotation>
        <COPASI xmlns="http://www.copasi.org/static/sbml">
          <rdf:RDF xmlns:rdf="http://www.w3.org/1999/02/22-rdf-syntax-ns#" xmlns:dcterms="http://purl.org/dc/terms/">
            <rdf:Description rdf:about="#COPASI24">
              <dcterms:created>
                <rdf:Description>
                  <dcterms:W3CDTF>2018-01-26T12:14:46Z</dcterms:W3CDTF>
                </rdf:Description>
              </dcterms:created>
            </rdf:Description>
          </rdf:RDF>
        </COPASI>
      </annotation>
            </parameter>
      <parameter constant="true" id="f35" metaid="COPASI25" name="f35" units="unit_1" value="0.3">
        <annotation>
        <COPASI xmlns="http://www.copasi.org/static/sbml">
          <rdf:RDF xmlns:rdf="http://www.w3.org/1999/02/22-rdf-syntax-ns#" xmlns:dcterms="http://purl.org/dc/terms/">
            <rdf:Description rdf:about="#COPASI25">
              <dcterms:created>
                <rdf:Description>
                  <dcterms:W3CDTF>2018-01-26T12:14:48Z</dcterms:W3CDTF>
                </rdf:Description>
              </dcterms:created>
            </rdf:Description>
          </rdf:RDF>
        </COPASI>
      </annotation>
            </parameter>
      <parameter constant="true" id="f45" metaid="COPASI26" name="f45" units="unit_1" value="0.1">
        <annotation>
        <COPASI xmlns="http://www.copasi.org/static/sbml">
          <rdf:RDF xmlns:rdf="http://www.w3.org/1999/02/22-rdf-syntax-ns#" xmlns:dcterms="http://purl.org/dc/terms/">
            <rdf:Description rdf:about="#COPASI26">
              <dcterms:created>
                <rdf:Description>
                  <dcterms:W3CDTF>2018-01-26T12:14:48Z</dcterms:W3CDTF>
                </rdf:Description>
              </dcterms:created>
            </rdf:Description>
          </rdf:RDF>
        </COPASI>
      </annotation>
            </parameter>
      <parameter constant="true" id="d5" metaid="COPASI27" name="d5" units="unit_1" value="1">
        <annotation>
        <COPASI xmlns="http://www.copasi.org/static/sbml">
          <rdf:RDF xmlns:rdf="http://www.w3.org/1999/02/22-rdf-syntax-ns#" xmlns:dcterms="http://purl.org/dc/terms/">
            <rdf:Description rdf:about="#COPASI27">
              <dcterms:created>
                <rdf:Description>
                  <dcterms:W3CDTF>2018-01-26T12:14:46Z</dcterms:W3CDTF>
                </rdf:Description>
              </dcterms:created>
            </rdf:Description>
          </rdf:RDF>
        </COPASI>
      </annotation>
            </parameter>
      <parameter constant="true" id="d6" metaid="COPASI28" name="d6" units="unit_1" value="0.001">
        <annotation>
        <COPASI xmlns="http://www.copasi.org/static/sbml">
          <rdf:RDF xmlns:rdf="http://www.w3.org/1999/02/22-rdf-syntax-ns#" xmlns:dcterms="http://purl.org/dc/terms/">
            <rdf:Description rdf:about="#COPASI28">
              <dcterms:created>
                <rdf:Description>
                  <dcterms:W3CDTF>2018-01-26T12:14:46Z</dcterms:W3CDTF>
                </rdf:Description>
              </dcterms:created>
            </rdf:Description>
          </rdf:RDF>
        </COPASI>
      </annotation>
            </parameter>
    </listOfParameters>
    <listOfRules>
      <assignmentRule metaid="_61e97a2f-6fe2-4017-a8e5-c7850911d098" variable="g1">
        <math xmlns="http://www.w3.org/1998/Math/MathML">        
          <piecewise>
            <piece>
              <cn> 0 </cn>
              <apply>
                <and/>
                <apply>
                  <geq/>
                  <csymbol encoding="text" definitionURL="http://www.sbml.org/sbml/symbols/time"> time </csymbol>
                  <cn> 0 </cn>
                </apply>
                <apply>
                  <lt/>
                  <csymbol encoding="text" definitionURL="http://www.sbml.org/sbml/symbols/time"> time </csymbol>
                  <cn> 5 </cn>
                </apply>
              </apply>
            </piece>
            <otherwise>
              <piecewise>
                <piece>
                  <cn> 1 </cn>
                  <apply>
                    <and/>
                    <apply>
                      <geq/>
                      <csymbol encoding="text" definitionURL="http://www.sbml.org/sbml/symbols/time"> time </csymbol>
                      <cn> 5 </cn>
                    </apply>
                    <apply>
                      <lt/>
                      <csymbol encoding="text" definitionURL="http://www.sbml.org/sbml/symbols/time"> time </csymbol>
                      <cn> 10 </cn>
                    </apply>
                  </apply>
                </piece>
                <otherwise>
                  <cn> 0 </cn>
                </otherwise>
              </piecewise>
            </otherwise>
          </piecewise>
        </math>
            </assignmentRule>
      <assignmentRule metaid="_162185ac-ce6d-447a-85d5-4e6f37eb993a" variable="g1_0">
        <math xmlns="http://www.w3.org/1998/Math/MathML">        
          <ci> g1 </ci>
        </math>
            </assignmentRule>
      <assignmentRule metaid="bd5a6f3f-919f-4134-8c01-3174b17f2945" variable="g2">
        <math xmlns="http://www.w3.org/1998/Math/MathML">        
          <piecewise>
            <piece>
              <cn> 1 </cn>
              <apply>
                <and/>
                <apply>
                  <geq/>
                  <csymbol encoding="text" definitionURL="http://www.sbml.org/sbml/symbols/time"> time </csymbol>
                  <cn> 0 </cn>
                </apply>
                <apply>
                  <lt/>
                  <csymbol encoding="text" definitionURL="http://www.sbml.org/sbml/symbols/time"> time </csymbol>
                  <cn> 5 </cn>
                </apply>
              </apply>
            </piece>
            <otherwise>
              <cn> 0 </cn>
            </otherwise>
          </piecewise>
        </math>
            </assignmentRule>
      <assignmentRule metaid="_51574d29-11f0-45dc-874e-5dd0eaff6b11" variable="g2_0">
        <math xmlns="http://www.w3.org/1998/Math/MathML">        
          <ci> g2 </ci>
        </math>
            </assignmentRule>
    </listOfRules>
    <listOfReactions>
      <reaction id="FGFR_Activation" metaid="COPASI29" name="FGFR Stimulus" reversible="false">
        <annotation>
        <rdf:RDF xmlns:rdf="http://www.w3.org/1999/02/22-rdf-syntax-ns#" xmlns:dc="http://purl.org/dc/elements/1.1/" xmlns:dcterms="http://purl.org/dc/terms/" xmlns:vCard="http://www.w3.org/2001/vcard-rdf/3.0#" xmlns:bqbiol="http://biomodels.net/biology-qualifiers/" xmlns:bqmodel="http://biomodels.net/model-qualifiers/">
            <rdf:Description rdf:about="#COPASI29">
	<bqbiol:isVersionOf>
	<rdf:Bag>
	<rdf:li rdf:resource="http://identifiers.org/sbo/SBO:0000170"/>
	</rdf:Bag>
	</bqbiol:isVersionOf>
	</rdf:Description>
	
	
	
	
	
        </rdf:RDF>
        <COPASI xmlns="http://www.copasi.org/static/sbml">
          <rdf:RDF xmlns:rdf="http://www.w3.org/1999/02/22-rdf-syntax-ns#" xmlns:CopasiMT="http://www.copasi.org/RDF/MiriamTerms#">
            <rdf:Description rdf:about="#COPASI29">
              <CopasiMT:isVersionOf>
                <rdf:Bag>
                  <rdf:li rdf:resource="http://identifiers.org/sbo/SBO:0000170"/>
                </rdf:Bag>
              </CopasiMT:isVersionOf>
            </rdf:Description>
          </rdf:RDF>
        </COPASI>
      </annotation>
              <listOfProducts>
          <speciesReference metaid="_5429bd37-c299-4c53-9c60-8252527bbb8c" species="FGFR" stoichiometry="1"/>
        </listOfProducts>
        <listOfModifiers>
          <modifierSpeciesReference metaid="_56780c30-e3d2-4f6f-bdf9-9af04a44cd71" species="g1_0"/>
        </listOfModifiers>
        <kineticLaw metaid="f8fb7221-33ae-4c78-bf80-d74cea995155">
          <math xmlns="http://www.w3.org/1998/Math/MathML">          
            <apply>
              <times/>
              <ci> Compartment </ci>
              <apply>
                <ci> function_1_1 </ci>
                <ci> a1 </ci>
                <ci> b1 </ci>
                <ci> g1 </ci>
              </apply>
            </apply>
          </math>
                </kineticLaw>
      </reaction>
      <reaction id="FGFR_Degradation" metaid="COPASI30" name="FGFR Degradation" reversible="false">
        <annotation>
        <rdf:RDF xmlns:rdf="http://www.w3.org/1999/02/22-rdf-syntax-ns#" xmlns:dc="http://purl.org/dc/elements/1.1/" xmlns:dcterms="http://purl.org/dc/terms/" xmlns:vCard="http://www.w3.org/2001/vcard-rdf/3.0#" xmlns:bqbiol="http://biomodels.net/biology-qualifiers/" xmlns:bqmodel="http://biomodels.net/model-qualifiers/">
            <rdf:Description rdf:about="#COPASI30">
	<bqbiol:isVersionOf>
	<rdf:Bag>
	<rdf:li rdf:resource="http://identifiers.org/sbo/SBO:0000179"/>
	</rdf:Bag>
	</bqbiol:isVersionOf>
	</rdf:Description>
	
	
	
	
	
        </rdf:RDF>
        <COPASI xmlns="http://www.copasi.org/static/sbml">
          <rdf:RDF xmlns:rdf="http://www.w3.org/1999/02/22-rdf-syntax-ns#" xmlns:CopasiMT="http://www.copasi.org/RDF/MiriamTerms#">
            <rdf:Description rdf:about="#COPASI30">
              <CopasiMT:isVersionOf>
                <rdf:Bag>
                  <rdf:li rdf:resource="http://identifiers.org/sbo/SBO:0000179"/>
                </rdf:Bag>
              </CopasiMT:isVersionOf>
            </rdf:Description>
          </rdf:RDF>
        </COPASI>
      </annotation>
              <listOfReactants>
          <speciesReference metaid="_6d0723e6-fe0b-4a89-bb66-8273f5c81396" species="FGFR" stoichiometry="1"/>
        </listOfReactants>
        <kineticLaw metaid="_242e57d9-5a82-4d32-bcfd-4e74a878cc6a">
          <math xmlns="http://www.w3.org/1998/Math/MathML">          
            <apply>
              <times/>
              <ci> Compartment </ci>
              <ci> d1 </ci>
              <ci> FGFR </ci>
            </apply>
          </math>
                </kineticLaw>
      </reaction>
      <reaction id="MSH_Activation" metaid="COPASI31" name="MSH Stimulus" reversible="false">
        <annotation>
        <rdf:RDF xmlns:rdf="http://www.w3.org/1999/02/22-rdf-syntax-ns#" xmlns:dc="http://purl.org/dc/elements/1.1/" xmlns:dcterms="http://purl.org/dc/terms/" xmlns:vCard="http://www.w3.org/2001/vcard-rdf/3.0#" xmlns:bqbiol="http://biomodels.net/biology-qualifiers/" xmlns:bqmodel="http://biomodels.net/model-qualifiers/">
            <rdf:Description rdf:about="#COPASI31">
	<bqbiol:isVersionOf>
	<rdf:Bag>
	<rdf:li rdf:resource="http://identifiers.org/sbo/SBO:0000170"/>
	</rdf:Bag>
	</bqbiol:isVersionOf>
	</rdf:Description>
	
	
	
	
	
        </rdf:RDF>
        <COPASI xmlns="http://www.copasi.org/static/sbml">
          <rdf:RDF xmlns:rdf="http://www.w3.org/1999/02/22-rdf-syntax-ns#" xmlns:CopasiMT="http://www.copasi.org/RDF/MiriamTerms#">
            <rdf:Description rdf:about="#COPASI31">
              <CopasiMT:isVersionOf>
                <rdf:Bag>
                  <rdf:li rdf:resource="http://identifiers.org/sbo/SBO:0000170"/>
                </rdf:Bag>
              </CopasiMT:isVersionOf>
            </rdf:Description>
          </rdf:RDF>
        </COPASI>
      </annotation>
              <listOfProducts>
          <speciesReference metaid="_1db15e7e-15b1-4572-bf72-d6a212ea036c" species="MSH" stoichiometry="1"/>
        </listOfProducts>
        <listOfModifiers>
          <modifierSpeciesReference metaid="_83120d33-d15e-4b59-816b-5df927d1e55a" species="g2_0"/>
        </listOfModifiers>
        <kineticLaw metaid="c24120b0-7bbc-40a0-bc54-e961b34f4b3d">
          <math xmlns="http://www.w3.org/1998/Math/MathML">          
            <apply>
              <times/>
              <ci> Compartment </ci>
              <apply>
                <ci> function_1_2 </ci>
                <ci> a2 </ci>
                <ci> b2 </ci>
                <ci> g2 </ci>
              </apply>
            </apply>
          </math>
                </kineticLaw>
      </reaction>
      <reaction id="MSH_Degradation" metaid="COPASI32" name="MSH Degradation" reversible="false">
        <annotation>
        <rdf:RDF xmlns:rdf="http://www.w3.org/1999/02/22-rdf-syntax-ns#" xmlns:dc="http://purl.org/dc/elements/1.1/" xmlns:dcterms="http://purl.org/dc/terms/" xmlns:vCard="http://www.w3.org/2001/vcard-rdf/3.0#" xmlns:bqbiol="http://biomodels.net/biology-qualifiers/" xmlns:bqmodel="http://biomodels.net/model-qualifiers/">
            <rdf:Description rdf:about="#COPASI32">
	<bqbiol:isVersionOf>
	<rdf:Bag>
	<rdf:li rdf:resource="http://identifiers.org/sbo/SBO:0000179"/>
	</rdf:Bag>
	</bqbiol:isVersionOf>
	</rdf:Description>
	
	
	
	
	
        </rdf:RDF>
        <COPASI xmlns="http://www.copasi.org/static/sbml">
          <rdf:RDF xmlns:rdf="http://www.w3.org/1999/02/22-rdf-syntax-ns#" xmlns:CopasiMT="http://www.copasi.org/RDF/MiriamTerms#">
            <rdf:Description rdf:about="#COPASI32">
              <CopasiMT:isVersionOf>
                <rdf:Bag>
                  <rdf:li rdf:resource="http://identifiers.org/sbo/SBO:0000179"/>
                </rdf:Bag>
              </CopasiMT:isVersionOf>
            </rdf:Description>
          </rdf:RDF>
        </COPASI>
      </annotation>
              <listOfReactants>
          <speciesReference metaid="_7ca91bc6-1434-4250-9ab6-c7fff3ec8642" species="MSH" stoichiometry="1"/>
        </listOfReactants>
        <kineticLaw metaid="_5be29f4a-7977-4c53-a2d0-e8d2bb067d71">
          <math xmlns="http://www.w3.org/1998/Math/MathML">          
            <apply>
              <times/>
              <ci> Compartment </ci>
              <ci> d2 </ci>
              <ci> MSH </ci>
            </apply>
          </math>
                </kineticLaw>
      </reaction>
      <reaction id="C_Raf_Activation_1" metaid="COPASI33" name="C-Raf Activation 1" reversible="false">
        <annotation>
        <rdf:RDF xmlns:rdf="http://www.w3.org/1999/02/22-rdf-syntax-ns#" xmlns:dc="http://purl.org/dc/elements/1.1/" xmlns:dcterms="http://purl.org/dc/terms/" xmlns:vCard="http://www.w3.org/2001/vcard-rdf/3.0#" xmlns:bqbiol="http://biomodels.net/biology-qualifiers/" xmlns:bqmodel="http://biomodels.net/model-qualifiers/">
            <rdf:Description rdf:about="#COPASI33">
              <bqbiol:isPartOf>
	<rdf:Bag>
	<rdf:li rdf:resource="http://identifiers.org/reactome/R-HSA-5673000"/>
	</rdf:Bag>
	</bqbiol:isPartOf>
	
	<bqbiol:isVersionOf>
	<rdf:Bag>
	<rdf:li rdf:resource="http://identifiers.org/reactome/R-HSA-442726"/>
	</rdf:Bag>
	</bqbiol:isVersionOf>
	</rdf:Description>
	
	
	
	
	
        </rdf:RDF>
        <COPASI xmlns="http://www.copasi.org/static/sbml">
          <rdf:RDF xmlns:rdf="http://www.w3.org/1999/02/22-rdf-syntax-ns#" xmlns:CopasiMT="http://www.copasi.org/RDF/MiriamTerms#">
            <rdf:Description rdf:about="#COPASI33">
              <CopasiMT:isPartOf>
                <rdf:Bag>
                  <rdf:li rdf:resource="http://identifiers.org/reactome/R-HSA-5673000"/>
                </rdf:Bag>
              </CopasiMT:isPartOf>
              <CopasiMT:isVersionOf>
                <rdf:Bag>
                  <rdf:li rdf:resource="http://identifiers.org/reactome/R-HSA-442726"/>
                </rdf:Bag>
              </CopasiMT:isVersionOf>
            </rdf:Description>
          </rdf:RDF>
        </COPASI>
      </annotation>
              <listOfProducts>
          <speciesReference metaid="_8eeb6382-bb65-4565-ae9f-1c0cbf688df6" species="C_Raf" stoichiometry="1"/>
        </listOfProducts>
        <listOfModifiers>
          <modifierSpeciesReference metaid="_86268ac2-ad90-4541-92b4-faae89d27ea4" species="C_Raf_inactive"/>
          <modifierSpeciesReference metaid="c924d50d-005e-40ab-b0cb-c737428b5492" species="FGFR"/>
        </listOfModifiers>
        <kineticLaw metaid="ba4316e8-e99c-4653-8fda-e7dc53defa1b">
          <math xmlns="http://www.w3.org/1998/Math/MathML">          
            <apply>
              <times/>
              <ci> Compartment </ci>
              <apply>
                <ci> function_2_1 </ci>
                <ci> C_Raf </ci>
                <ci> C_Raf_inactive </ci>
                <ci> E </ci>
                <ci> FGFR </ci>
                <ci> f13 </ci>
              </apply>
            </apply>
          </math>
                </kineticLaw>
      </reaction>
      <reaction id="C_Raf_Activation_2" metaid="COPASI34" name="C_Raf Activation 2" reversible="false">
        <annotation>
        <rdf:RDF xmlns:rdf="http://www.w3.org/1999/02/22-rdf-syntax-ns#" xmlns:dc="http://purl.org/dc/elements/1.1/" xmlns:dcterms="http://purl.org/dc/terms/" xmlns:vCard="http://www.w3.org/2001/vcard-rdf/3.0#" xmlns:bqbiol="http://biomodels.net/biology-qualifiers/" xmlns:bqmodel="http://biomodels.net/model-qualifiers/">
            <rdf:Description rdf:about="#COPASI34">
              <bqbiol:isPartOf>
	<rdf:Bag>
	<rdf:li rdf:resource="http://identifiers.org/reactome/R-HSA-5673000"/>
	</rdf:Bag>
	</bqbiol:isPartOf>
	
	<bqbiol:isVersionOf>
	<rdf:Bag>
	<rdf:li rdf:resource="http://identifiers.org/reactome/R-HSA-442726"/>
	</rdf:Bag>
	</bqbiol:isVersionOf>
	</rdf:Description>
	
	
	
	
	
        </rdf:RDF>
        <COPASI xmlns="http://www.copasi.org/static/sbml">
          <rdf:RDF xmlns:rdf="http://www.w3.org/1999/02/22-rdf-syntax-ns#" xmlns:CopasiMT="http://www.copasi.org/RDF/MiriamTerms#">
            <rdf:Description rdf:about="#COPASI34">
              <CopasiMT:isPartOf>
                <rdf:Bag>
                  <rdf:li rdf:resource="http://identifiers.org/reactome/R-HSA-5673000"/>
                </rdf:Bag>
              </CopasiMT:isPartOf>
              <CopasiMT:isVersionOf>
                <rdf:Bag>
                  <rdf:li rdf:resource="http://identifiers.org/reactome/R-HSA-442726"/>
                </rdf:Bag>
              </CopasiMT:isVersionOf>
            </rdf:Description>
          </rdf:RDF>
        </COPASI>
      </annotation>
              <listOfProducts>
          <speciesReference metaid="de973504-0396-4f6a-a5e7-a3a3aac381ff" species="C_Raf" stoichiometry="1"/>
        </listOfProducts>
        <listOfModifiers>
          <modifierSpeciesReference metaid="_33bc466b-8eee-4f17-b518-d361cfa2864b" species="C_Raf_inactive"/>
          <modifierSpeciesReference metaid="_84c461c6-e5a4-48a5-b2b0-2ff918506e40" species="MAPK"/>
        </listOfModifiers>
        <kineticLaw metaid="_74d463a2-1970-453c-8461-3ac7329d0718">
          <math xmlns="http://www.w3.org/1998/Math/MathML">          
            <apply>
              <times/>
              <ci> Compartment </ci>
              <apply>
                <ci> function_3_1 </ci>
                <ci> C_Raf </ci>
                <ci> C_Raf_inactive </ci>
                <ci> E </ci>
                <ci> MAPK </ci>
                <ci> f53 </ci>
              </apply>
            </apply>
          </math>
                </kineticLaw>
      </reaction>
      <reaction id="C_Raf_Degradation" metaid="COPASI35" name="C-Raf Degradation" reversible="false">
        <annotation>
        <rdf:RDF xmlns:rdf="http://www.w3.org/1999/02/22-rdf-syntax-ns#" xmlns:dc="http://purl.org/dc/elements/1.1/" xmlns:dcterms="http://purl.org/dc/terms/" xmlns:vCard="http://www.w3.org/2001/vcard-rdf/3.0#" xmlns:bqbiol="http://biomodels.net/biology-qualifiers/" xmlns:bqmodel="http://biomodels.net/model-qualifiers/">
            <rdf:Description rdf:about="#COPASI35">
	<bqbiol:isVersionOf>
	<rdf:Bag>
	<rdf:li rdf:resource="http://identifiers.org/reactome/SBO:0000179"/>
	</rdf:Bag>
	</bqbiol:isVersionOf>
	</rdf:Description>
	
	
	
	
	
        </rdf:RDF>
        <COPASI xmlns="http://www.copasi.org/static/sbml">
          <rdf:RDF xmlns:rdf="http://www.w3.org/1999/02/22-rdf-syntax-ns#" xmlns:CopasiMT="http://www.copasi.org/RDF/MiriamTerms#">
            <rdf:Description rdf:about="#COPASI35">
              <CopasiMT:isVersionOf>
                <rdf:Bag>
                  <rdf:li rdf:resource="http://identifiers.org/reactome/SBO:0000179"/>
                </rdf:Bag>
              </CopasiMT:isVersionOf>
            </rdf:Description>
          </rdf:RDF>
        </COPASI>
      </annotation>
              <listOfReactants>
          <speciesReference metaid="_96b13e57-d199-4826-8acb-d2e37e57f8fa" species="C_Raf" stoichiometry="1"/>
        </listOfReactants>
        <kineticLaw metaid="_01057627-cb78-4cb1-ab31-fe3e2fa3040a">
          <math xmlns="http://www.w3.org/1998/Math/MathML">          
            <apply>
              <times/>
              <ci> Compartment </ci>
              <ci> d3 </ci>
              <ci> C_Raf </ci>
            </apply>
          </math>
                </kineticLaw>
      </reaction>
      <reaction id="B_Raf_Activation_1" metaid="COPASI36" name="B-Raf Activation 1" reversible="false">
        <annotation>
        <rdf:RDF xmlns:rdf="http://www.w3.org/1999/02/22-rdf-syntax-ns#" xmlns:dc="http://purl.org/dc/elements/1.1/" xmlns:dcterms="http://purl.org/dc/terms/" xmlns:vCard="http://www.w3.org/2001/vcard-rdf/3.0#" xmlns:bqbiol="http://biomodels.net/biology-qualifiers/" xmlns:bqmodel="http://biomodels.net/model-qualifiers/">
            <rdf:Description rdf:about="#COPASI36">
              <bqbiol:isPartOf>
	<rdf:Bag>
	<rdf:li rdf:resource="http://identifiers.org/reactome/R-HSA-5673000"/>
	</rdf:Bag>
	</bqbiol:isPartOf>
	
	<bqbiol:isVersionOf>
	<rdf:Bag>
	<rdf:li rdf:resource="http://identifiers.org/reactome/R-HSA-442726"/>
	</rdf:Bag>
	</bqbiol:isVersionOf>
	</rdf:Description>
	
	
	
	
	
        </rdf:RDF>
        <COPASI xmlns="http://www.copasi.org/static/sbml">
          <rdf:RDF xmlns:rdf="http://www.w3.org/1999/02/22-rdf-syntax-ns#" xmlns:CopasiMT="http://www.copasi.org/RDF/MiriamTerms#">
            <rdf:Description rdf:about="#COPASI36">
              <CopasiMT:isPartOf>
                <rdf:Bag>
                  <rdf:li rdf:resource="http://identifiers.org/reactome/R-HSA-5673000"/>
                </rdf:Bag>
              </CopasiMT:isPartOf>
              <CopasiMT:isVersionOf>
                <rdf:Bag>
                  <rdf:li rdf:resource="http://identifiers.org/reactome/R-HSA-442726"/>
                </rdf:Bag>
              </CopasiMT:isVersionOf>
            </rdf:Description>
          </rdf:RDF>
        </COPASI>
      </annotation>
              <listOfProducts>
          <speciesReference metaid="_05d65eba-18ce-46af-a707-d1b81be3d3dd" species="B_Raf" stoichiometry="1"/>
        </listOfProducts>
        <listOfModifiers>
          <modifierSpeciesReference metaid="_722664f4-e2c2-475b-9c68-a124029523d4" species="FGFR"/>
        </listOfModifiers>
        <kineticLaw metaid="_903d83bc-15c2-4b48-8cb3-509af78d54fd">
          <math xmlns="http://www.w3.org/1998/Math/MathML">          
            <apply>
              <times/>
              <ci> Compartment </ci>
              <apply>
                <ci> function_4_1 </ci>
                <ci> FGFR </ci>
                <ci> f14 </ci>
              </apply>
            </apply>
          </math>
                </kineticLaw>
      </reaction>
      <reaction id="B_Raf_Activation_2" metaid="COPASI37" name="B-Raf Activation 2" reversible="false">
        <annotation>
        <rdf:RDF xmlns:rdf="http://www.w3.org/1999/02/22-rdf-syntax-ns#" xmlns:dc="http://purl.org/dc/elements/1.1/" xmlns:dcterms="http://purl.org/dc/terms/" xmlns:vCard="http://www.w3.org/2001/vcard-rdf/3.0#" xmlns:bqbiol="http://biomodels.net/biology-qualifiers/" xmlns:bqmodel="http://biomodels.net/model-qualifiers/">
            <rdf:Description rdf:about="#COPASI37">
              <bqbiol:isPartOf>
	<rdf:Bag>
	<rdf:li rdf:resource="http://identifiers.org/reactome/R-HSA-5673000"/>
	</rdf:Bag>
	</bqbiol:isPartOf>
	
	<bqbiol:isVersionOf>
	<rdf:Bag>
	<rdf:li rdf:resource="http://identifiers.org/reactome/R-HSA-442726"/>
	</rdf:Bag>
	</bqbiol:isVersionOf>
	</rdf:Description>
	
	
	
	
	
        </rdf:RDF>
        <COPASI xmlns="http://www.copasi.org/static/sbml">
          <rdf:RDF xmlns:rdf="http://www.w3.org/1999/02/22-rdf-syntax-ns#" xmlns:CopasiMT="http://www.copasi.org/RDF/MiriamTerms#">
            <rdf:Description rdf:about="#COPASI37">
              <CopasiMT:isPartOf>
                <rdf:Bag>
                  <rdf:li rdf:resource="http://identifiers.org/reactome/R-HSA-5673000"/>
                </rdf:Bag>
              </CopasiMT:isPartOf>
              <CopasiMT:isVersionOf>
                <rdf:Bag>
                  <rdf:li rdf:resource="http://identifiers.org/reactome/R-HSA-442726"/>
                </rdf:Bag>
              </CopasiMT:isVersionOf>
            </rdf:Description>
          </rdf:RDF>
        </COPASI>
      </annotation>
              <listOfProducts>
          <speciesReference metaid="a0c90d91-bc53-48d8-bc72-a8cfc742ebf5" species="B_Raf" stoichiometry="1"/>
        </listOfProducts>
        <listOfModifiers>
          <modifierSpeciesReference metaid="b0b3543e-46e6-4add-8549-9ee118901eb7" species="MSH"/>
        </listOfModifiers>
        <kineticLaw metaid="_18199f56-2a47-437c-ab3a-8aa6caf17982">
          <math xmlns="http://www.w3.org/1998/Math/MathML">          
            <apply>
              <times/>
              <ci> Compartment </ci>
              <apply>
                <ci> function_4_2 </ci>
                <ci> MSH </ci>
                <ci> f24 </ci>
              </apply>
            </apply>
          </math>
                </kineticLaw>
      </reaction>
      <reaction id="B_Raf_Degradation" metaid="COPASI38" name="B-Raf Degradation" reversible="false">
        <annotation>
        <rdf:RDF xmlns:rdf="http://www.w3.org/1999/02/22-rdf-syntax-ns#" xmlns:dc="http://purl.org/dc/elements/1.1/" xmlns:dcterms="http://purl.org/dc/terms/" xmlns:vCard="http://www.w3.org/2001/vcard-rdf/3.0#" xmlns:bqbiol="http://biomodels.net/biology-qualifiers/" xmlns:bqmodel="http://biomodels.net/model-qualifiers/">
            <rdf:Description rdf:about="#COPASI38">
	<bqbiol:isVersionOf>
	<rdf:Bag>
	<rdf:li rdf:resource="http://identifiers.org/sbo/SBO:0000179"/>
	</rdf:Bag>
	</bqbiol:isVersionOf>
	</rdf:Description>
	
	
	
	
	
        </rdf:RDF>
        <COPASI xmlns="http://www.copasi.org/static/sbml">
          <rdf:RDF xmlns:rdf="http://www.w3.org/1999/02/22-rdf-syntax-ns#" xmlns:CopasiMT="http://www.copasi.org/RDF/MiriamTerms#">
            <rdf:Description rdf:about="#COPASI38">
              <CopasiMT:isVersionOf>
                <rdf:Bag>
                  <rdf:li rdf:resource="http://identifiers.org/sbo/SBO:0000179"/>
                </rdf:Bag>
              </CopasiMT:isVersionOf>
            </rdf:Description>
          </rdf:RDF>
        </COPASI>
      </annotation>
              <listOfReactants>
          <speciesReference metaid="d7cd7087-54fc-4641-8c4d-5f9253ac5f31" species="B_Raf" stoichiometry="1"/>
        </listOfReactants>
        <kineticLaw metaid="_5deb9109-3178-4dc8-b808-01d069e68877">
          <math xmlns="http://www.w3.org/1998/Math/MathML">          
            <apply>
              <times/>
              <ci> Compartment </ci>
              <ci> d4 </ci>
              <ci> B_Raf </ci>
            </apply>
          </math>
                </kineticLaw>
      </reaction>
      <reaction id="MAPK_Activation_1" metaid="COPASI39" name="MAPK Activation 1" reversible="false">
        <annotation>
        <rdf:RDF xmlns:rdf="http://www.w3.org/1999/02/22-rdf-syntax-ns#" xmlns:dc="http://purl.org/dc/elements/1.1/" xmlns:dcterms="http://purl.org/dc/terms/" xmlns:vCard="http://www.w3.org/2001/vcard-rdf/3.0#" xmlns:bqbiol="http://biomodels.net/biology-qualifiers/" xmlns:bqmodel="http://biomodels.net/model-qualifiers/">
            <rdf:Description rdf:about="#COPASI39">
              <bqbiol:isPartOf>
	<rdf:Bag>
	<rdf:li rdf:resource="http://identifiers.org/reactome/R-HSA-5674135"/>
	</rdf:Bag>
	</bqbiol:isPartOf>
	
	<bqbiol:isVersionOf>
	<rdf:Bag>
	<rdf:li rdf:resource="http://identifiers.org/reactome/R-HSA-442737"/>
	</rdf:Bag>
	</bqbiol:isVersionOf>
	</rdf:Description>
	
	
	
	
	
        </rdf:RDF>
        <COPASI xmlns="http://www.copasi.org/static/sbml">
          <rdf:RDF xmlns:rdf="http://www.w3.org/1999/02/22-rdf-syntax-ns#" xmlns:CopasiMT="http://www.copasi.org/RDF/MiriamTerms#">
            <rdf:Description rdf:about="#COPASI39">
              <CopasiMT:isPartOf>
                <rdf:Bag>
                  <rdf:li rdf:resource="http://identifiers.org/reactome/R-HSA-5674135"/>
                </rdf:Bag>
              </CopasiMT:isPartOf>
              <CopasiMT:isVersionOf>
                <rdf:Bag>
                  <rdf:li rdf:resource="http://identifiers.org/reactome/R-HSA-442737"/>
                </rdf:Bag>
              </CopasiMT:isVersionOf>
            </rdf:Description>
          </rdf:RDF>
        </COPASI>
      </annotation>
              <listOfProducts>
          <speciesReference metaid="_41f9fb5c-af85-4936-881a-516433c9a4a4" species="MAPK" stoichiometry="1"/>
        </listOfProducts>
        <listOfModifiers>
          <modifierSpeciesReference metaid="_5f5a7d85-8fd1-4af7-9696-724d88bfa6e7" species="C_Raf"/>
        </listOfModifiers>
        <kineticLaw metaid="cae907f6-382f-4e0d-a46c-574f44f726c3">
          <math xmlns="http://www.w3.org/1998/Math/MathML">          
            <apply>
              <times/>
              <ci> Compartment </ci>
              <apply>
                <ci> function_4_3 </ci>
                <ci> C_Raf </ci>
                <ci> f35 </ci>
              </apply>
            </apply>
          </math>
                </kineticLaw>
      </reaction>
      <reaction id="MAPK_Activation_2" metaid="COPASI40" name="MAPK Activation 2" reversible="false">
        <annotation>
        <rdf:RDF xmlns:rdf="http://www.w3.org/1999/02/22-rdf-syntax-ns#" xmlns:dc="http://purl.org/dc/elements/1.1/" xmlns:dcterms="http://purl.org/dc/terms/" xmlns:vCard="http://www.w3.org/2001/vcard-rdf/3.0#" xmlns:bqbiol="http://biomodels.net/biology-qualifiers/" xmlns:bqmodel="http://biomodels.net/model-qualifiers/">
            <rdf:Description rdf:about="#COPASI40">
              <bqbiol:isPartOf>
	<rdf:Bag>
	<rdf:li rdf:resource="http://identifiers.org/reactome/R-HSA-5674135"/>
	</rdf:Bag>
	</bqbiol:isPartOf>
	
	<bqbiol:isVersionOf>
	<rdf:Bag>
	<rdf:li rdf:resource="http://identifiers.org/reactome/R-HSA-442737"/>
	</rdf:Bag>
	</bqbiol:isVersionOf>
	</rdf:Description>
	
	
	
	
	
        </rdf:RDF>
        <COPASI xmlns="http://www.copasi.org/static/sbml">
          <rdf:RDF xmlns:rdf="http://www.w3.org/1999/02/22-rdf-syntax-ns#" xmlns:CopasiMT="http://www.copasi.org/RDF/MiriamTerms#">
            <rdf:Description rdf:about="#COPASI40">
              <CopasiMT:isPartOf>
                <rdf:Bag>
                  <rdf:li rdf:resource="http://identifiers.org/reactome/R-HSA-5674135"/>
                </rdf:Bag>
              </CopasiMT:isPartOf>
              <CopasiMT:isVersionOf>
                <rdf:Bag>
                  <rdf:li rdf:resource="http://identifiers.org/reactome/R-HSA-442737"/>
                </rdf:Bag>
              </CopasiMT:isVersionOf>
            </rdf:Description>
          </rdf:RDF>
        </COPASI>
      </annotation>
              <listOfProducts>
          <speciesReference metaid="b515571d-4462-47d2-9da2-1cfef5da085d" species="MAPK" stoichiometry="1"/>
        </listOfProducts>
        <listOfModifiers>
          <modifierSpeciesReference metaid="_09d2fbf9-8207-4ab8-93e8-776d61970b41" species="B_Raf"/>
        </listOfModifiers>
        <kineticLaw metaid="_4d35571f-7159-4506-87a8-c545bc76f2ac">
          <math xmlns="http://www.w3.org/1998/Math/MathML">          
            <apply>
              <times/>
              <ci> Compartment </ci>
              <apply>
                <ci> function_4_4 </ci>
                <ci> B_Raf </ci>
                <ci> f45 </ci>
              </apply>
            </apply>
          </math>
                </kineticLaw>
      </reaction>
      <reaction id="MAPK_Degradation" metaid="COPASI41" name="MAPK Degradation" reversible="false">
        <annotation>
        <rdf:RDF xmlns:rdf="http://www.w3.org/1999/02/22-rdf-syntax-ns#" xmlns:dc="http://purl.org/dc/elements/1.1/" xmlns:dcterms="http://purl.org/dc/terms/" xmlns:vCard="http://www.w3.org/2001/vcard-rdf/3.0#" xmlns:bqbiol="http://biomodels.net/biology-qualifiers/" xmlns:bqmodel="http://biomodels.net/model-qualifiers/">
            <rdf:Description rdf:about="#COPASI41">
	<bqbiol:isVersionOf>
	<rdf:Bag>
	<rdf:li rdf:resource="http://identifiers.org/sbo/SBO:0000179"/>
	</rdf:Bag>
	</bqbiol:isVersionOf>
	</rdf:Description>
	
	
	
	
	
        </rdf:RDF>
        <COPASI xmlns="http://www.copasi.org/static/sbml">
          <rdf:RDF xmlns:rdf="http://www.w3.org/1999/02/22-rdf-syntax-ns#" xmlns:CopasiMT="http://www.copasi.org/RDF/MiriamTerms#">
            <rdf:Description rdf:about="#COPASI41">
              <CopasiMT:isVersionOf>
                <rdf:Bag>
                  <rdf:li rdf:resource="http://identifiers.org/sbo/SBO:0000179"/>
                </rdf:Bag>
              </CopasiMT:isVersionOf>
            </rdf:Description>
          </rdf:RDF>
        </COPASI>
      </annotation>
              <listOfReactants>
          <speciesReference metaid="e35fb00d-9701-4211-8750-1db7449c7253" species="MAPK" stoichiometry="1"/>
        </listOfReactants>
        <kineticLaw metaid="b67c001b-d8c5-4576-b406-721a43db6280">
          <math xmlns="http://www.w3.org/1998/Math/MathML">          
            <apply>
              <times/>
              <ci> Compartment </ci>
              <ci> d5 </ci>
              <ci> MAPK </ci>
            </apply>
          </math>
                </kineticLaw>
      </reaction>
      <reaction id="C_Raf_Inactivation" metaid="COPASI42" name="C-Raf Inactivation" reversible="false">
        <annotation>
        <COPASI xmlns="http://www.copasi.org/static/sbml">
          <rdf:RDF xmlns:rdf="http://www.w3.org/1999/02/22-rdf-syntax-ns#" xmlns:dcterms="http://purl.org/dc/terms/">
            <rdf:Description rdf:about="#COPASI42">
              <dcterms:created>
                <rdf:Description>
                  <dcterms:W3CDTF>2018-01-26T13:24:02Z</dcterms:W3CDTF>
                </rdf:Description>
              </dcterms:created>
            </rdf:Description>
          </rdf:RDF>
        </COPASI>
      </annotation>
              <listOfReactants>
          <speciesReference metaid="_12f04c17-0741-4661-a5b2-862f0bd10da5" species="C_Raf" stoichiometry="1"/>
        </listOfReactants>
        <listOfProducts>
          <speciesReference metaid="_5745553f-bc73-4519-9096-f008e63b1fe3" species="C_Raf_inactive" stoichiometry="1"/>
        </listOfProducts>
        <listOfModifiers>
          <modifierSpeciesReference metaid="_52e47ff5-d9a3-4763-a3f6-c30c5f6ef3b4" species="MSH"/>
        </listOfModifiers>
        <kineticLaw metaid="a25a582b-6186-48ba-b623-6ed35ee6a37e">
          <math xmlns="http://www.w3.org/1998/Math/MathML">          
            <apply>
              <times/>
              <ci> Compartment </ci>
              <apply>
                <ci> function_5_1 </ci>
                <ci> C_Raf </ci>
                <ci> MSH </ci>
                <ci> h36_y3 </ci>
              </apply>
            </apply>
          </math>
                </kineticLaw>
      </reaction>
      <reaction id="Inactive_C_Raf_degradation" metaid="COPASI43" name="Inactive C-Raf degradation" reversible="false">
        <annotation>
        <rdf:RDF xmlns:rdf="http://www.w3.org/1999/02/22-rdf-syntax-ns#" xmlns:dc="http://purl.org/dc/elements/1.1/" xmlns:dcterms="http://purl.org/dc/terms/" xmlns:vCard="http://www.w3.org/2001/vcard-rdf/3.0#" xmlns:bqbiol="http://biomodels.net/biology-qualifiers/" xmlns:bqmodel="http://biomodels.net/model-qualifiers/">
            <rdf:Description rdf:about="#COPASI43">
	<bqbiol:isVersionOf>
	<rdf:Bag>
	<rdf:li rdf:resource="http://identifiers.org/sbo/SBO:0000179"/>
	</rdf:Bag>
	</bqbiol:isVersionOf>
	</rdf:Description>
	
	
	
	
	
        </rdf:RDF>
        <COPASI xmlns="http://www.copasi.org/static/sbml">
          <rdf:RDF xmlns:rdf="http://www.w3.org/1999/02/22-rdf-syntax-ns#" xmlns:CopasiMT="http://www.copasi.org/RDF/MiriamTerms#">
            <rdf:Description rdf:about="#COPASI43">
              <CopasiMT:isVersionOf>
                <rdf:Bag>
                  <rdf:li rdf:resource="http://identifiers.org/sbo/SBO:0000179"/>
                </rdf:Bag>
              </CopasiMT:isVersionOf>
            </rdf:Description>
          </rdf:RDF>
        </COPASI>
      </annotation>
              <listOfReactants>
          <speciesReference metaid="_02ea0126-be43-47dc-b7c4-71c15c0d73db" species="C_Raf_inactive" stoichiometry="1"/>
        </listOfReactants>
        <kineticLaw metaid="_6ce72f30-60c9-4e00-a941-9e5647eee9d8">
          <math xmlns="http://www.w3.org/1998/Math/MathML">          
            <apply>
              <times/>
              <ci> Compartment </ci>
              <ci> d6 </ci>
              <ci> C_Raf_inactive </ci>
            </apply>
          </math>
                </kineticLaw>
      </reaction>
    </listOfReactions>
  </model>
</sbml>