<?xml version="1.0" encoding="UTF-8"?>
<sbml xmlns="http://www.sbml.org/sbml/level3/version2/core" level="3" version="2">
  <model>
    <listOfCompartments>
      <compartment id="compartment" size="1" constant="false"/>
    </listOfCompartments>
    <listOfSpecies>
      <species id="S1" compartment="compartment" initialAmount="0.995718610375349" hasOnlySubstanceUnits="true" boundaryCondition="false" constant="false"/>
      <species id="S2" compartment="compartment" initialAmount="7.93374698729112" hasOnlySubstanceUnits="true" boundaryCondition="false" constant="false"/>
      <species id="S3" compartment="compartment" initialAmount="7.3952955826743" hasOnlySubstanceUnits="true" boundaryCondition="false" constant="false"/>
      <species id="S4" compartment="compartment" initialAmount="7.4974175178698" hasOnlySubstanceUnits="true" boundaryCondition="false" constant="false"/>
      <species id="S5" compartment="compartment" initialAmount="9.82111530050508" hasOnlySubstanceUnits="true" boundaryCondition="false" constant="false"/>
      <species id="S6" compartment="compartment" initialAmount="0.973199168014461" hasOnlySubstanceUnits="true" boundaryCondition="false" constant="false"/>
      <species id="S7" compartment="compartment" initialAmount="0.991200902673176" hasOnlySubstanceUnits="true" boundaryCondition="false" constant="false"/>
      <species id="S8" compartment="compartment" initialAmount="0.771916236260896" hasOnlySubstanceUnits="true" boundaryCondition="false" constant="false"/>
      <species id="S9" compartment="compartment" initialAmount="6.79447975622729" hasOnlySubstanceUnits="true" boundaryCondition="false" constant="false"/>
      <species id="S10" compartment="compartment" initialAmount="0.904124677363535" hasOnlySubstanceUnits="true" boundaryCondition="false" constant="false"/>
      <species id="S11" compartment="compartment" initialAmount="6.39744670061924" hasOnlySubstanceUnits="true" boundaryCondition="false" constant="false"/>
      <species id="S12" compartment="compartment" initialAmount="0.66900605613907" hasOnlySubstanceUnits="true" boundaryCondition="false" constant="false"/>
      <species id="S13" compartment="compartment" initialAmount="3.4413121206098" hasOnlySubstanceUnits="true" boundaryCondition="false" constant="false"/>
      <species id="S14" compartment="compartment" initialAmount="1.55682100584399" hasOnlySubstanceUnits="true" boundaryCondition="false" constant="false"/>
      <species id="S15" compartment="compartment" initialAmount="6.73203498550711" hasOnlySubstanceUnits="true" boundaryCondition="false" constant="false"/>
      <species id="S16" compartment="compartment" initialAmount="0.258354602588344" hasOnlySubstanceUnits="true" boundaryCondition="false" constant="false"/>
      <species id="S17" compartment="compartment" initialAmount="8.96275935714739" hasOnlySubstanceUnits="true" boundaryCondition="false" constant="false"/>
      <species id="S18" compartment="compartment" initialAmount="3.1784401751425" hasOnlySubstanceUnits="true" boundaryCondition="false" constant="false"/>
      <species id="S19" compartment="compartment" initialAmount="8.13692594816573" hasOnlySubstanceUnits="true" boundaryCondition="true" constant="false"/>
      <species id="S20" compartment="compartment" initialAmount="7.57266185460425" hasOnlySubstanceUnits="true" boundaryCondition="true" constant="false"/>
      <species id="S21" compartment="compartment" initialAmount="7.63088612281092" hasOnlySubstanceUnits="true" boundaryCondition="true" constant="false"/>
      <species id="S22" compartment="compartment" initialAmount="3.79491797982929" hasOnlySubstanceUnits="true" boundaryCondition="true" constant="false"/>
      <species id="S23" compartment="compartment" initialAmount="7.48158446753167" hasOnlySubstanceUnits="true" boundaryCondition="false" constant="false"/>
      <species id="S24" compartment="compartment" initialAmount="4.22388220605712" hasOnlySubstanceUnits="true" boundaryCondition="true" constant="false"/>
      <species id="S25" compartment="compartment" initialAmount="4.26431335956703" hasOnlySubstanceUnits="true" boundaryCondition="false" constant="false"/>
      <species id="S_in" compartment="compartment" initialAmount="9.64176137735951" hasOnlySubstanceUnits="true" boundaryCondition="true" constant="false"/>
      <species id="S_out" compartment="compartment" initialAmount="0.147995184790472" hasOnlySubstanceUnits="true" boundaryCondition="false" constant="false"/>
    </listOfSpecies>
    <listOfParameters>
      <parameter id="kf_J1" value="0.86491085513601" constant="false"/>
      <parameter id="kr_J1" value="0.120432271165454" constant="false"/>
      <parameter id="kf_J2" value="0.937459987380779" constant="false"/>
      <parameter id="kr_J2" value="0.485977937076938" constant="false"/>
      <parameter id="K1_J2" value="0.340975535599619" constant="false"/>
      <parameter id="K2_J2" value="0.563226932895736" constant="false"/>
      <parameter id="kf_J3" value="0.39273781737173" constant="false"/>
      <parameter id="kr_J3" value="0.987711862473408" constant="false"/>
      <parameter id="K1_J3" value="0.825518548570136" constant="false"/>
      <parameter id="K2_J3" value="0.537642115471401" constant="false"/>
      <parameter id="kf_J4" value="0.246921204481421" constant="false"/>
      <parameter id="kr_J4" value="0.373893088739648" constant="false"/>
      <parameter id="kf_J5" value="0.0619397624412736" constant="false"/>
      <parameter id="kr_J5" value="0.633337583619003" constant="false"/>
      <parameter id="K1_J5" value="0.443447445719435" constant="false"/>
      <parameter id="K2_J5" value="0.985416606441891" constant="false"/>
      <parameter id="kf_J6" value="0.166618720952524" constant="false"/>
      <parameter id="kr_J6" value="0.278957171994964" constant="false"/>
      <parameter id="K1_J6" value="0.492486988062902" constant="false"/>
      <parameter id="K2_J6" value="0.813520520281608" constant="false"/>
      <parameter id="kf_J7" value="0.472704338501825" constant="false"/>
      <parameter id="kr_J7" value="0.853967730231037" constant="false"/>
      <parameter id="K1_J7" value="0.725272130205608" constant="false"/>
      <parameter id="K2_J7" value="0.658028817399022" constant="false"/>
      <parameter id="kf_J8" value="0.821899487761909" constant="false"/>
      <parameter id="kr_J8" value="0.552306364497705" constant="false"/>
      <parameter id="K1_J8" value="0.340963268117445" constant="false"/>
      <parameter id="K2_J8" value="0.68237055140417" constant="false"/>
      <parameter id="kf_J9" value="0.757143955463213" constant="false"/>
      <parameter id="kr_J9" value="0.340193657081534" constant="false"/>
      <parameter id="K1_J9" value="0.966984858478743" constant="false"/>
      <parameter id="K2_J9" value="0.233354660418803" constant="false"/>
      <parameter id="kf_J10" value="0.0339011794028778" constant="false"/>
      <parameter id="kr_J10" value="0.443212837001875" constant="false"/>
      <parameter id="K1_J10" value="0.497130192994998" constant="false"/>
      <parameter id="K2_J10" value="0.253578539124427" constant="false"/>
      <parameter id="kf_J11" value="0.610204421454119" constant="false"/>
      <parameter id="kr_J11" value="0.969791109966255" constant="false"/>
      <parameter id="K1_J11" value="0.260486360028859" constant="false"/>
      <parameter id="K2_J11" value="0.0936160525731538" constant="false"/>
      <parameter id="kf_J12" value="0.149581303025609" constant="false"/>
      <parameter id="kr_J12" value="0.814402511443756" constant="false"/>
      <parameter id="K1_J12" value="0.618302110303329" constant="false"/>
      <parameter id="K2_J12" value="0.349372059556097" constant="false"/>
      <parameter id="kf_J13" value="0.453143959466332" constant="false"/>
      <parameter id="kr_J13" value="0.446001679560117" constant="false"/>
      <parameter id="K1_J13" value="0.9444369292489" constant="false"/>
      <parameter id="K2_J13" value="0.556311772362813" constant="false"/>
      <parameter id="kf_J14" value="0.52558057881645" constant="false"/>
      <parameter id="kr_J14" value="0.748040918161795" constant="false"/>
      <parameter id="kf_J15" value="0.861245670747159" constant="false"/>
      <parameter id="kr_J15" value="0.147386156936581" constant="false"/>
      <parameter id="kf_J16" value="0.266601662289993" constant="false"/>
      <parameter id="kr_J16" value="0.625169889326936" constant="false"/>
      <parameter id="kf_J17" value="0.37871848123646" constant="false"/>
      <parameter id="kr_J17" value="0.246365593341145" constant="false"/>
      <parameter id="kf_J18" value="0.411836927965484" constant="false"/>
      <parameter id="kr_J18" value="0.192662228022625" constant="false"/>
      <parameter id="kf_J19" value="0.360760044649886" constant="false"/>
      <parameter id="kr_J19" value="0.532281695224782" constant="false"/>
      <parameter id="kf_J20" value="0.642922652409005" constant="false"/>
      <parameter id="kr_J20" value="0.282594233008236" constant="false"/>
      <parameter id="kf_J21" value="0.745080299767472" constant="false"/>
      <parameter id="kr_J21" value="0.458030444264169" constant="false"/>
      <parameter id="K1_J21" value="0.608537241216069" constant="false"/>
      <parameter id="K2_J21" value="0.8714293581433" constant="false"/>
      <parameter id="kf_J22" value="0.84891033794489" constant="false"/>
      <parameter id="kr_J22" value="0.627928778567147" constant="false"/>
      <parameter id="K1_J22" value="0.27122784420146" constant="false"/>
      <parameter id="K2_J22" value="0.46198347634582" constant="false"/>
      <parameter id="kf_J23" value="0.633251059707187" constant="false"/>
      <parameter id="kr_J23" value="0.00456861321721092" constant="false"/>
      <parameter id="K1_J23" value="0.809791810030047" constant="false"/>
      <parameter id="K2_J23" value="0.312877565560022" constant="false"/>
      <parameter id="kf_J24" value="0.453649783628807" constant="false"/>
      <parameter id="kr_J24" value="0.246144942014815" constant="false"/>
      <parameter id="K1_J24" value="0.105613030975462" constant="false"/>
      <parameter id="K2_J24" value="0.107983064603091" constant="false"/>
      <parameter id="kf_J25" value="0.872222128275409" constant="false"/>
      <parameter id="kr_J25" value="0.170576053950045" constant="false"/>
      <parameter id="K1_J25" value="0.229715896859374" constant="false"/>
      <parameter id="K2_J25" value="0.675140261255276" constant="false"/>
      <parameter id="kf_J26" value="0.19790656236228" constant="false"/>
      <parameter id="kr_J26" value="0.881906275867" constant="false"/>
      <parameter id="K1_J26" value="0.771513839152669" constant="false"/>
      <parameter id="K2_J26" value="0.351769593211737" constant="false"/>
      <parameter id="kf_J27" value="0.943587171097771" constant="false"/>
      <parameter id="kr_J27" value="0.11936622586035" constant="false"/>
      <parameter id="K1_J27" value="0.773483876527074" constant="false"/>
      <parameter id="K2_J27" value="0.809613326055262" constant="false"/>
      <parameter id="kf_J28" value="0.504292049886751" constant="false"/>
      <parameter id="kr_J28" value="0.985042114323089" constant="false"/>
      <parameter id="K1_J28" value="0.979744177757855" constant="false"/>
      <parameter id="K2_J28" value="0.682176699030863" constant="false"/>
      <parameter id="kf_J29" value="0.122997777329242" constant="false"/>
      <parameter id="kr_J29" value="0.270733333921342" constant="false"/>
      <parameter id="K1_J29" value="0.880349986918785" constant="false"/>
      <parameter id="K2_J29" value="0.854529770821722" constant="false"/>
      <parameter id="kf_J30" value="0.701073495632747" constant="false"/>
      <parameter id="kr_J30" value="0.352826025551713" constant="false"/>
      <parameter id="K1_J30" value="0.813055770619898" constant="false"/>
      <parameter id="K2_J30" value="0.962284532729104" constant="false"/>
      <parameter id="kf_J31" value="0.793554479486863" constant="false"/>
      <parameter id="kr_J31" value="0.426200029544315" constant="false"/>
      <parameter id="K1_J31" value="0.186682662764916" constant="false"/>
      <parameter id="K2_J31" value="0.851990714094071" constant="false"/>
      <parameter id="kf_J32" value="0.72703719676493" constant="false"/>
      <parameter id="kr_J32" value="0.339773432229004" constant="false"/>
      <parameter id="K1_J32" value="0.468669841724906" constant="false"/>
      <parameter id="K2_J32" value="0.406336264451429" constant="false"/>
      <parameter id="kf_J33" value="0.20873050183739" constant="false"/>
      <parameter id="kr_J33" value="0.28061295701782" constant="false"/>
      <parameter id="K1_J33" value="0.00409023021503341" constant="false"/>
      <parameter id="K2_J33" value="0.503831911575499" constant="false"/>
      <parameter id="kf_J34" value="0.0356114189852081" constant="false"/>
      <parameter id="kr_J34" value="0.888342840643907" constant="false"/>
      <parameter id="K1_J34" value="0.647763692788573" constant="false"/>
      <parameter id="K2_J34" value="0.0589867970364819" constant="false"/>
      <parameter id="kf_J35" value="0.106669673887143" constant="false"/>
      <parameter id="kr_J35" value="0.530067355998104" constant="false"/>
      <parameter id="K1_J35" value="0.186328852691459" constant="false"/>
      <parameter id="K2_J35" value="0.0505021412810558" constant="false"/>
    </listOfParameters>
    <listOfReactions>
      <reaction id="r1" reversible="false">
        <listOfReactants>
          <speciesReference species="S_in" stoichiometry="1" constant="true"/>
          <speciesReference species="S24" stoichiometry="1" constant="true"/>
        </listOfReactants>
        <listOfProducts>
          <speciesReference species="S20" stoichiometry="1" constant="true"/>
          <speciesReference species="S22" stoichiometry="1" constant="true"/>
        </listOfProducts>
        <kineticLaw>
          <math xmlns="http://www.w3.org/1998/Math/MathML">
            <apply>
              <minus/>
              <apply>
                <times/>
                <ci> kf_J1 </ci>
                <ci> S_in </ci>
                <ci> S24 </ci>
              </apply>
              <apply>
                <times/>
                <ci> kr_J1 </ci>
                <ci> S20 </ci>
                <ci> S22 </ci>
              </apply>
            </apply>
          </math>
        </kineticLaw>
      </reaction>
      <reaction id="r2" reversible="false">
        <listOfReactants>
          <speciesReference species="S12" stoichiometry="1" constant="true"/>
        </listOfReactants>
        <listOfProducts>
          <speciesReference species="S_out" stoichiometry="1" constant="true"/>
        </listOfProducts>
        <listOfModifiers>
          <modifierSpeciesReference species="S6"/>
        </listOfModifiers>
        <kineticLaw>
          <math xmlns="http://www.w3.org/1998/Math/MathML">
            <apply>
              <divide/>
              <apply>
                <times/>
                <ci> S6 </ci>
                <apply>
                  <minus/>
                  <apply>
                    <divide/>
                    <apply>
                      <times/>
                      <ci> kf_J2 </ci>
                      <ci> S12 </ci>
                    </apply>
                    <ci> K1_J2 </ci>
                  </apply>
                  <apply>
                    <divide/>
                    <apply>
                      <times/>
                      <ci> kr_J2 </ci>
                      <ci> S_out </ci>
                    </apply>
                    <ci> K2_J2 </ci>
                  </apply>
                </apply>
              </apply>
              <apply>
                <plus/>
                <cn type="integer"> 1 </cn>
                <apply>
                  <divide/>
                  <ci> S12 </ci>
                  <ci> K1_J2 </ci>
                </apply>
                <apply>
                  <divide/>
                  <ci> S_out </ci>
                  <ci> K2_J2 </ci>
                </apply>
              </apply>
            </apply>
          </math>
        </kineticLaw>
      </reaction>
      <reaction id="r3" reversible="false">
        <listOfReactants>
          <speciesReference species="S_out" stoichiometry="1" constant="true"/>
        </listOfReactants>
        <listOfProducts>
          <speciesReference species="S12" stoichiometry="1" constant="true"/>
        </listOfProducts>
        <listOfModifiers>
          <modifierSpeciesReference species="S19"/>
        </listOfModifiers>
        <kineticLaw>
          <math xmlns="http://www.w3.org/1998/Math/MathML">
            <apply>
              <divide/>
              <apply>
                <times/>
                <ci> S19 </ci>
                <apply>
                  <minus/>
                  <apply>
                    <divide/>
                    <apply>
                      <times/>
                      <ci> kf_J3 </ci>
                      <ci> S_out </ci>
                    </apply>
                    <ci> K2_J3 </ci>
                  </apply>
                  <apply>
                    <divide/>
                    <apply>
                      <times/>
                      <ci> kr_J3 </ci>
                      <ci> S12 </ci>
                    </apply>
                    <ci> K1_J3 </ci>
                  </apply>
                </apply>
              </apply>
              <apply>
                <plus/>
                <cn type="integer"> 1 </cn>
                <apply>
                  <divide/>
                  <ci> S_out </ci>
                  <ci> K2_J3 </ci>
                </apply>
                <apply>
                  <divide/>
                  <ci> S12 </ci>
                  <ci> K1_J3 </ci>
                </apply>
              </apply>
            </apply>
          </math>
        </kineticLaw>
      </reaction>
      <reaction id="r4" reversible="false">
        <listOfReactants>
          <speciesReference species="S23" stoichiometry="1" constant="true"/>
        </listOfReactants>
        <listOfProducts>
          <speciesReference species="S19" stoichiometry="1" constant="true"/>
          <speciesReference species="S25" stoichiometry="1" constant="true"/>
        </listOfProducts>
        <kineticLaw>
          <math xmlns="http://www.w3.org/1998/Math/MathML">
            <apply>
              <minus/>
              <apply>
                <times/>
                <ci> kf_J4 </ci>
                <ci> S23 </ci>
              </apply>
              <apply>
                <times/>
                <ci> kr_J4 </ci>
                <ci> S19 </ci>
                <ci> S25 </ci>
              </apply>
            </apply>
          </math>
        </kineticLaw>
      </reaction>
      <reaction id="r5" reversible="false">
        <listOfReactants>
          <speciesReference species="S18" stoichiometry="1" constant="true"/>
        </listOfReactants>
        <listOfProducts>
          <speciesReference species="S9" stoichiometry="1" constant="true"/>
        </listOfProducts>
        <listOfModifiers>
          <modifierSpeciesReference species="S7"/>
        </listOfModifiers>
        <kineticLaw>
          <math xmlns="http://www.w3.org/1998/Math/MathML">
            <apply>
              <divide/>
              <apply>
                <times/>
                <ci> S7 </ci>
                <apply>
                  <minus/>
                  <apply>
                    <divide/>
                    <apply>
                      <times/>
                      <ci> kf_J5 </ci>
                      <ci> S18 </ci>
                    </apply>
                    <ci> K1_J5 </ci>
                  </apply>
                  <apply>
                    <divide/>
                    <apply>
                      <times/>
                      <ci> kr_J5 </ci>
                      <ci> S9 </ci>
                    </apply>
                    <ci> K2_J5 </ci>
                  </apply>
                </apply>
              </apply>
              <apply>
                <plus/>
                <cn type="integer"> 1 </cn>
                <apply>
                  <divide/>
                  <ci> S18 </ci>
                  <ci> K1_J5 </ci>
                </apply>
                <apply>
                  <divide/>
                  <ci> S9 </ci>
                  <ci> K2_J5 </ci>
                </apply>
              </apply>
            </apply>
          </math>
        </kineticLaw>
      </reaction>
      <reaction id="r6" reversible="false">
        <listOfReactants>
          <speciesReference species="S9" stoichiometry="1" constant="true"/>
        </listOfReactants>
        <listOfProducts>
          <speciesReference species="S25" stoichiometry="1" constant="true"/>
        </listOfProducts>
        <listOfModifiers>
          <modifierSpeciesReference species="S7"/>
        </listOfModifiers>
        <kineticLaw>
          <math xmlns="http://www.w3.org/1998/Math/MathML">
            <apply>
              <divide/>
              <apply>
                <times/>
                <ci> S7 </ci>
                <apply>
                  <minus/>
                  <apply>
                    <divide/>
                    <apply>
                      <times/>
                      <ci> kf_J6 </ci>
                      <ci> S9 </ci>
                    </apply>
                    <ci> K1_J6 </ci>
                  </apply>
                  <apply>
                    <divide/>
                    <apply>
                      <times/>
                      <ci> kr_J6 </ci>
                      <ci> S25 </ci>
                    </apply>
                    <ci> K2_J6 </ci>
                  </apply>
                </apply>
              </apply>
              <apply>
                <plus/>
                <cn type="integer"> 1 </cn>
                <apply>
                  <divide/>
                  <ci> S9 </ci>
                  <ci> K1_J6 </ci>
                </apply>
                <apply>
                  <divide/>
                  <ci> S25 </ci>
                  <ci> K2_J6 </ci>
                </apply>
              </apply>
            </apply>
          </math>
        </kineticLaw>
      </reaction>
      <reaction id="r7" reversible="false">
        <listOfReactants>
          <speciesReference species="S25" stoichiometry="1" constant="true"/>
        </listOfReactants>
        <listOfProducts>
          <speciesReference species="S9" stoichiometry="1" constant="true"/>
        </listOfProducts>
        <listOfModifiers>
          <modifierSpeciesReference species="S20"/>
        </listOfModifiers>
        <kineticLaw>
          <math xmlns="http://www.w3.org/1998/Math/MathML">
            <apply>
              <divide/>
              <apply>
                <times/>
                <ci> S20 </ci>
                <apply>
                  <minus/>
                  <apply>
                    <divide/>
                    <apply>
                      <times/>
                      <ci> kf_J7 </ci>
                      <ci> S25 </ci>
                    </apply>
                    <ci> K1_J7 </ci>
                  </apply>
                  <apply>
                    <divide/>
                    <apply>
                      <times/>
                      <ci> kr_J7 </ci>
                      <ci> S9 </ci>
                    </apply>
                    <ci> K2_J7 </ci>
                  </apply>
                </apply>
              </apply>
              <apply>
                <plus/>
                <cn type="integer"> 1 </cn>
                <apply>
                  <divide/>
                  <ci> S25 </ci>
                  <ci> K1_J7 </ci>
                </apply>
                <apply>
                  <divide/>
                  <ci> S9 </ci>
                  <ci> K2_J7 </ci>
                </apply>
              </apply>
            </apply>
          </math>
        </kineticLaw>
      </reaction>
      <reaction id="r8" reversible="false">
        <listOfReactants>
          <speciesReference species="S9" stoichiometry="1" constant="true"/>
        </listOfReactants>
        <listOfProducts>
          <speciesReference species="S18" stoichiometry="1" constant="true"/>
        </listOfProducts>
        <listOfModifiers>
          <modifierSpeciesReference species="S20"/>
        </listOfModifiers>
        <kineticLaw>
          <math xmlns="http://www.w3.org/1998/Math/MathML">
            <apply>
              <divide/>
              <apply>
                <times/>
                <ci> S20 </ci>
                <apply>
                  <minus/>
                  <apply>
                    <divide/>
                    <apply>
                      <times/>
                      <ci> kf_J8 </ci>
                      <ci> S9 </ci>
                    </apply>
                    <ci> K1_J8 </ci>
                  </apply>
                  <apply>
                    <divide/>
                    <apply>
                      <times/>
                      <ci> kr_J8 </ci>
                      <ci> S18 </ci>
                    </apply>
                    <ci> K2_J8 </ci>
                  </apply>
                </apply>
              </apply>
              <apply>
                <plus/>
                <cn type="integer"> 1 </cn>
                <apply>
                  <divide/>
                  <ci> S9 </ci>
                  <ci> K1_J8 </ci>
                </apply>
                <apply>
                  <divide/>
                  <ci> S18 </ci>
                  <ci> K2_J8 </ci>
                </apply>
              </apply>
            </apply>
          </math>
        </kineticLaw>
      </reaction>
      <reaction id="r9" reversible="false">
        <listOfReactants>
          <speciesReference species="S17" stoichiometry="1" constant="true"/>
        </listOfReactants>
        <listOfProducts>
          <speciesReference species="S15" stoichiometry="1" constant="true"/>
        </listOfProducts>
        <listOfModifiers>
          <modifierSpeciesReference species="S16"/>
        </listOfModifiers>
        <kineticLaw>
          <math xmlns="http://www.w3.org/1998/Math/MathML">
            <apply>
              <divide/>
              <apply>
                <times/>
                <ci> S16 </ci>
                <apply>
                  <minus/>
                  <apply>
                    <divide/>
                    <apply>
                      <times/>
                      <ci> kf_J9 </ci>
                      <ci> S17 </ci>
                    </apply>
                    <ci> K1_J9 </ci>
                  </apply>
                  <apply>
                    <divide/>
                    <apply>
                      <times/>
                      <ci> kr_J9 </ci>
                      <ci> S15 </ci>
                    </apply>
                    <ci> K2_J9 </ci>
                  </apply>
                </apply>
              </apply>
              <apply>
                <plus/>
                <cn type="integer"> 1 </cn>
                <apply>
                  <divide/>
                  <ci> S17 </ci>
                  <ci> K1_J9 </ci>
                </apply>
                <apply>
                  <divide/>
                  <ci> S15 </ci>
                  <ci> K2_J9 </ci>
                </apply>
              </apply>
            </apply>
          </math>
        </kineticLaw>
      </reaction>
      <reaction id="r10" reversible="false">
        <listOfReactants>
          <speciesReference species="S15" stoichiometry="1" constant="true"/>
        </listOfReactants>
        <listOfProducts>
          <speciesReference species="S13" stoichiometry="1" constant="true"/>
        </listOfProducts>
        <listOfModifiers>
          <modifierSpeciesReference species="S16"/>
        </listOfModifiers>
        <kineticLaw>
          <math xmlns="http://www.w3.org/1998/Math/MathML">
            <apply>
              <divide/>
              <apply>
                <times/>
                <ci> S16 </ci>
                <apply>
                  <minus/>
                  <apply>
                    <divide/>
                    <apply>
                      <times/>
                      <ci> kf_J10 </ci>
                      <ci> S15 </ci>
                    </apply>
                    <ci> K1_J10 </ci>
                  </apply>
                  <apply>
                    <divide/>
                    <apply>
                      <times/>
                      <ci> kr_J10 </ci>
                      <ci> S13 </ci>
                    </apply>
                    <ci> K2_J10 </ci>
                  </apply>
                </apply>
              </apply>
              <apply>
                <plus/>
                <cn type="integer"> 1 </cn>
                <apply>
                  <divide/>
                  <ci> S15 </ci>
                  <ci> K1_J10 </ci>
                </apply>
                <apply>
                  <divide/>
                  <ci> S13 </ci>
                  <ci> K2_J10 </ci>
                </apply>
              </apply>
            </apply>
          </math>
        </kineticLaw>
      </reaction>
      <reaction id="r11" reversible="false">
        <listOfReactants>
          <speciesReference species="S13" stoichiometry="1" constant="true"/>
        </listOfReactants>
        <listOfProducts>
          <speciesReference species="S15" stoichiometry="1" constant="true"/>
        </listOfProducts>
        <listOfModifiers>
          <modifierSpeciesReference species="S18"/>
        </listOfModifiers>
        <kineticLaw>
          <math xmlns="http://www.w3.org/1998/Math/MathML">
            <apply>
              <divide/>
              <apply>
                <times/>
                <ci> S18 </ci>
                <apply>
                  <minus/>
                  <apply>
                    <divide/>
                    <apply>
                      <times/>
                      <ci> kf_J11 </ci>
                      <ci> S13 </ci>
                    </apply>
                    <ci> K1_J11 </ci>
                  </apply>
                  <apply>
                    <divide/>
                    <apply>
                      <times/>
                      <ci> kr_J11 </ci>
                      <ci> S15 </ci>
                    </apply>
                    <ci> K2_J11 </ci>
                  </apply>
                </apply>
              </apply>
              <apply>
                <plus/>
                <cn type="integer"> 1 </cn>
                <apply>
                  <divide/>
                  <ci> S13 </ci>
                  <ci> K1_J11 </ci>
                </apply>
                <apply>
                  <divide/>
                  <ci> S15 </ci>
                  <ci> K2_J11 </ci>
                </apply>
              </apply>
            </apply>
          </math>
        </kineticLaw>
      </reaction>
      <reaction id="r12" reversible="false">
        <listOfReactants>
          <speciesReference species="S15" stoichiometry="1" constant="true"/>
        </listOfReactants>
        <listOfProducts>
          <speciesReference species="S17" stoichiometry="1" constant="true"/>
        </listOfProducts>
        <listOfModifiers>
          <modifierSpeciesReference species="S18"/>
        </listOfModifiers>
        <kineticLaw>
          <math xmlns="http://www.w3.org/1998/Math/MathML">
            <apply>
              <divide/>
              <apply>
                <times/>
                <ci> S18 </ci>
                <apply>
                  <minus/>
                  <apply>
                    <divide/>
                    <apply>
                      <times/>
                      <ci> kf_J12 </ci>
                      <ci> S15 </ci>
                    </apply>
                    <ci> K1_J12 </ci>
                  </apply>
                  <apply>
                    <divide/>
                    <apply>
                      <times/>
                      <ci> kr_J12 </ci>
                      <ci> S17 </ci>
                    </apply>
                    <ci> K2_J12 </ci>
                  </apply>
                </apply>
              </apply>
              <apply>
                <plus/>
                <cn type="integer"> 1 </cn>
                <apply>
                  <divide/>
                  <ci> S15 </ci>
                  <ci> K1_J12 </ci>
                </apply>
                <apply>
                  <divide/>
                  <ci> S17 </ci>
                  <ci> K2_J12 </ci>
                </apply>
              </apply>
            </apply>
          </math>
        </kineticLaw>
      </reaction>
      <reaction id="r13" reversible="false">
        <listOfReactants>
          <speciesReference species="S13" stoichiometry="1" constant="true"/>
        </listOfReactants>
        <listOfProducts>
          <speciesReference species="S23" stoichiometry="1" constant="true"/>
        </listOfProducts>
        <listOfModifiers>
          <modifierSpeciesReference species="S2"/>
        </listOfModifiers>
        <kineticLaw>
          <math xmlns="http://www.w3.org/1998/Math/MathML">
            <apply>
              <divide/>
              <apply>
                <times/>
                <ci> S2 </ci>
                <apply>
                  <minus/>
                  <apply>
                    <divide/>
                    <apply>
                      <times/>
                      <ci> kf_J13 </ci>
                      <ci> S13 </ci>
                    </apply>
                    <ci> K1_J13 </ci>
                  </apply>
                  <apply>
                    <divide/>
                    <apply>
                      <times/>
                      <ci> kr_J13 </ci>
                      <ci> S23 </ci>
                    </apply>
                    <ci> K2_J13 </ci>
                  </apply>
                </apply>
              </apply>
              <apply>
                <plus/>
                <cn type="integer"> 1 </cn>
                <apply>
                  <divide/>
                  <ci> S13 </ci>
                  <ci> K1_J13 </ci>
                </apply>
                <apply>
                  <divide/>
                  <ci> S23 </ci>
                  <ci> K2_J13 </ci>
                </apply>
              </apply>
            </apply>
          </math>
        </kineticLaw>
      </reaction>
      <reaction id="r14" reversible="false">
        <listOfReactants>
          <speciesReference species="S23" stoichiometry="1" constant="true"/>
          <speciesReference species="S21" stoichiometry="1" constant="true"/>
        </listOfReactants>
        <listOfProducts>
          <speciesReference species="S23" stoichiometry="1" constant="true"/>
          <speciesReference species="S21" stoichiometry="1" constant="true"/>
        </listOfProducts>
        <kineticLaw>
          <math xmlns="http://www.w3.org/1998/Math/MathML">
            <apply>
              <minus/>
              <apply>
                <times/>
                <ci> kf_J14 </ci>
                <ci> S23 </ci>
                <ci> S21 </ci>
              </apply>
              <apply>
                <times/>
                <ci> kr_J14 </ci>
                <ci> S23 </ci>
                <ci> S21 </ci>
              </apply>
            </apply>
          </math>
        </kineticLaw>
      </reaction>
      <reaction id="r15" reversible="false">
        <listOfReactants>
          <speciesReference species="S23" stoichiometry="1" constant="true"/>
          <speciesReference species="S21" stoichiometry="1" constant="true"/>
        </listOfReactants>
        <listOfProducts>
          <speciesReference species="S21" stoichiometry="1" constant="true"/>
        </listOfProducts>
        <kineticLaw>
          <math xmlns="http://www.w3.org/1998/Math/MathML">
            <apply>
              <minus/>
              <apply>
                <times/>
                <ci> kf_J15 </ci>
                <ci> S23 </ci>
                <ci> S21 </ci>
              </apply>
              <apply>
                <times/>
                <ci> kr_J15 </ci>
                <ci> S21 </ci>
              </apply>
            </apply>
          </math>
        </kineticLaw>
      </reaction>
      <reaction id="r16" reversible="false">
        <listOfReactants>
          <speciesReference species="S21" stoichiometry="1" constant="true"/>
        </listOfReactants>
        <listOfProducts>
          <speciesReference species="S23" stoichiometry="1" constant="true"/>
          <speciesReference species="S21" stoichiometry="1" constant="true"/>
        </listOfProducts>
        <kineticLaw>
          <math xmlns="http://www.w3.org/1998/Math/MathML">
            <apply>
              <minus/>
              <apply>
                <times/>
                <ci> kf_J16 </ci>
                <ci> S21 </ci>
              </apply>
              <apply>
                <times/>
                <ci> kr_J16 </ci>
                <ci> S23 </ci>
                <ci> S21 </ci>
              </apply>
            </apply>
          </math>
        </kineticLaw>
      </reaction>
      <reaction id="r17" reversible="false">
        <listOfReactants>
          <speciesReference species="S23" stoichiometry="1" constant="true"/>
          <speciesReference species="S21" stoichiometry="1" constant="true"/>
        </listOfReactants>
        <listOfProducts>
          <speciesReference species="S23" stoichiometry="1" constant="true"/>
          <speciesReference species="S21" stoichiometry="1" constant="true"/>
        </listOfProducts>
        <kineticLaw>
          <math xmlns="http://www.w3.org/1998/Math/MathML">
            <apply>
              <minus/>
              <apply>
                <times/>
                <ci> kf_J17 </ci>
                <ci> S23 </ci>
                <ci> S21 </ci>
              </apply>
              <apply>
                <times/>
                <ci> kr_J17 </ci>
                <ci> S23 </ci>
                <ci> S21 </ci>
              </apply>
            </apply>
          </math>
        </kineticLaw>
      </reaction>
      <reaction id="r18" reversible="false">
        <listOfReactants>
          <speciesReference species="S21" stoichiometry="1" constant="true"/>
          <speciesReference species="S21" stoichiometry="1" constant="true"/>
        </listOfReactants>
        <listOfProducts>
          <speciesReference species="S21" stoichiometry="1" constant="true"/>
          <speciesReference species="S23" stoichiometry="1" constant="true"/>
        </listOfProducts>
        <kineticLaw>
          <math xmlns="http://www.w3.org/1998/Math/MathML">
            <apply>
              <minus/>
              <apply>
                <times/>
                <ci> kf_J18 </ci>
                <ci> S21 </ci>
                <ci> S21 </ci>
              </apply>
              <apply>
                <times/>
                <ci> kr_J18 </ci>
                <ci> S21 </ci>
                <ci> S23 </ci>
              </apply>
            </apply>
          </math>
        </kineticLaw>
      </reaction>
      <reaction id="r19" reversible="false">
        <listOfReactants>
          <speciesReference species="S23" stoichiometry="1" constant="true"/>
        </listOfReactants>
        <listOfProducts>
          <speciesReference species="S21" stoichiometry="1" constant="true"/>
          <speciesReference species="S23" stoichiometry="1" constant="true"/>
        </listOfProducts>
        <kineticLaw>
          <math xmlns="http://www.w3.org/1998/Math/MathML">
            <apply>
              <minus/>
              <apply>
                <times/>
                <ci> kf_J19 </ci>
                <ci> S23 </ci>
              </apply>
              <apply>
                <times/>
                <ci> kr_J19 </ci>
                <ci> S21 </ci>
                <ci> S23 </ci>
              </apply>
            </apply>
          </math>
        </kineticLaw>
      </reaction>
      <reaction id="r20" reversible="false">
        <listOfReactants>
          <speciesReference species="S23" stoichiometry="1" constant="true"/>
          <speciesReference species="S21" stoichiometry="1" constant="true"/>
        </listOfReactants>
        <listOfProducts>
          <speciesReference species="S21" stoichiometry="1" constant="true"/>
        </listOfProducts>
        <kineticLaw>
          <math xmlns="http://www.w3.org/1998/Math/MathML">
            <apply>
              <minus/>
              <apply>
                <times/>
                <ci> kf_J20 </ci>
                <ci> S23 </ci>
                <ci> S21 </ci>
              </apply>
              <apply>
                <times/>
                <ci> kr_J20 </ci>
                <ci> S21 </ci>
              </apply>
            </apply>
          </math>
        </kineticLaw>
      </reaction>
      <reaction id="r21" reversible="false">
        <listOfReactants>
          <speciesReference species="S4" stoichiometry="1" constant="true"/>
        </listOfReactants>
        <listOfProducts>
          <speciesReference species="S11" stoichiometry="1" constant="true"/>
        </listOfProducts>
        <kineticLaw>
          <math xmlns="http://www.w3.org/1998/Math/MathML">
            <apply>
              <divide/>
              <apply>
                <times/>
                <ci> S4 </ci>
                <apply>
                  <minus/>
                  <apply>
                    <divide/>
                    <apply>
                      <times/>
                      <ci> kf_J21 </ci>
                      <ci> S4 </ci>
                    </apply>
                    <ci> K1_J21 </ci>
                  </apply>
                  <apply>
                    <divide/>
                    <apply>
                      <times/>
                      <ci> kr_J21 </ci>
                      <ci> S11 </ci>
                    </apply>
                    <ci> K2_J21 </ci>
                  </apply>
                </apply>
              </apply>
              <apply>
                <plus/>
                <cn type="integer"> 1 </cn>
                <apply>
                  <divide/>
                  <ci> S4 </ci>
                  <ci> K1_J21 </ci>
                </apply>
                <apply>
                  <divide/>
                  <ci> S11 </ci>
                  <ci> K2_J21 </ci>
                </apply>
              </apply>
            </apply>
          </math>
        </kineticLaw>
      </reaction>
      <reaction id="r22" reversible="false">
        <listOfReactants>
          <speciesReference species="S11" stoichiometry="1" constant="true"/>
        </listOfReactants>
        <listOfProducts>
          <speciesReference species="S4" stoichiometry="1" constant="true"/>
        </listOfProducts>
        <listOfModifiers>
          <modifierSpeciesReference species="S21"/>
        </listOfModifiers>
        <kineticLaw>
          <math xmlns="http://www.w3.org/1998/Math/MathML">
            <apply>
              <divide/>
              <apply>
                <times/>
                <ci> S21 </ci>
                <apply>
                  <minus/>
                  <apply>
                    <divide/>
                    <apply>
                      <times/>
                      <ci> kf_J22 </ci>
                      <ci> S11 </ci>
                    </apply>
                    <ci> K2_J22 </ci>
                  </apply>
                  <apply>
                    <divide/>
                    <apply>
                      <times/>
                      <ci> kr_J22 </ci>
                      <ci> S4 </ci>
                    </apply>
                    <ci> K1_J22 </ci>
                  </apply>
                </apply>
              </apply>
              <apply>
                <plus/>
                <cn type="integer"> 1 </cn>
                <apply>
                  <divide/>
                  <ci> S11 </ci>
                  <ci> K2_J22 </ci>
                </apply>
                <apply>
                  <divide/>
                  <ci> S4 </ci>
                  <ci> K1_J22 </ci>
                </apply>
              </apply>
            </apply>
          </math>
        </kineticLaw>
      </reaction>
      <reaction id="r23" reversible="false">
        <listOfReactants>
          <speciesReference species="S23" stoichiometry="1" constant="true"/>
        </listOfReactants>
        <listOfProducts>
          <speciesReference species="S2" stoichiometry="1" constant="true"/>
        </listOfProducts>
        <listOfModifiers>
          <modifierSpeciesReference species="S8"/>
        </listOfModifiers>
        <kineticLaw>
          <math xmlns="http://www.w3.org/1998/Math/MathML">
            <apply>
              <divide/>
              <apply>
                <times/>
                <ci> S8 </ci>
                <apply>
                  <minus/>
                  <apply>
                    <divide/>
                    <apply>
                      <times/>
                      <ci> kf_J23 </ci>
                      <ci> S23 </ci>
                    </apply>
                    <ci> K1_J23 </ci>
                  </apply>
                  <apply>
                    <divide/>
                    <apply>
                      <times/>
                      <ci> kr_J23 </ci>
                      <ci> S2 </ci>
                    </apply>
                    <ci> K2_J23 </ci>
                  </apply>
                </apply>
              </apply>
              <apply>
                <plus/>
                <cn type="integer"> 1 </cn>
                <apply>
                  <divide/>
                  <ci> S23 </ci>
                  <ci> K1_J23 </ci>
                </apply>
                <apply>
                  <divide/>
                  <ci> S2 </ci>
                  <ci> K2_J23 </ci>
                </apply>
              </apply>
            </apply>
          </math>
        </kineticLaw>
      </reaction>
      <reaction id="r24" reversible="false">
        <listOfReactants>
          <speciesReference species="S2" stoichiometry="1" constant="true"/>
        </listOfReactants>
        <listOfProducts>
          <speciesReference species="S1" stoichiometry="1" constant="true"/>
        </listOfProducts>
        <listOfModifiers>
          <modifierSpeciesReference species="S8"/>
        </listOfModifiers>
        <kineticLaw>
          <math xmlns="http://www.w3.org/1998/Math/MathML">
            <apply>
              <divide/>
              <apply>
                <times/>
                <ci> S8 </ci>
                <apply>
                  <minus/>
                  <apply>
                    <divide/>
                    <apply>
                      <times/>
                      <ci> kf_J24 </ci>
                      <ci> S2 </ci>
                    </apply>
                    <ci> K1_J24 </ci>
                  </apply>
                  <apply>
                    <divide/>
                    <apply>
                      <times/>
                      <ci> kr_J24 </ci>
                      <ci> S1 </ci>
                    </apply>
                    <ci> K2_J24 </ci>
                  </apply>
                </apply>
              </apply>
              <apply>
                <plus/>
                <cn type="integer"> 1 </cn>
                <apply>
                  <divide/>
                  <ci> S2 </ci>
                  <ci> K1_J24 </ci>
                </apply>
                <apply>
                  <divide/>
                  <ci> S1 </ci>
                  <ci> K2_J24 </ci>
                </apply>
              </apply>
            </apply>
          </math>
        </kineticLaw>
      </reaction>
      <reaction id="r25" reversible="false">
        <listOfReactants>
          <speciesReference species="S1" stoichiometry="1" constant="true"/>
        </listOfReactants>
        <listOfProducts>
          <speciesReference species="S2" stoichiometry="1" constant="true"/>
        </listOfProducts>
        <listOfModifiers>
          <modifierSpeciesReference species="S4"/>
        </listOfModifiers>
        <kineticLaw>
          <math xmlns="http://www.w3.org/1998/Math/MathML">
            <apply>
              <divide/>
              <apply>
                <times/>
                <ci> S4 </ci>
                <apply>
                  <minus/>
                  <apply>
                    <divide/>
                    <apply>
                      <times/>
                      <ci> kf_J25 </ci>
                      <ci> S1 </ci>
                    </apply>
                    <ci> K1_J25 </ci>
                  </apply>
                  <apply>
                    <divide/>
                    <apply>
                      <times/>
                      <ci> kr_J25 </ci>
                      <ci> S2 </ci>
                    </apply>
                    <ci> K2_J25 </ci>
                  </apply>
                </apply>
              </apply>
              <apply>
                <plus/>
                <cn type="integer"> 1 </cn>
                <apply>
                  <divide/>
                  <ci> S1 </ci>
                  <ci> K1_J25 </ci>
                </apply>
                <apply>
                  <divide/>
                  <ci> S2 </ci>
                  <ci> K2_J25 </ci>
                </apply>
              </apply>
            </apply>
          </math>
        </kineticLaw>
      </reaction>
      <reaction id="r26" reversible="false">
        <listOfReactants>
          <speciesReference species="S2" stoichiometry="1" constant="true"/>
        </listOfReactants>
        <listOfProducts>
          <speciesReference species="S23" stoichiometry="1" constant="true"/>
        </listOfProducts>
        <listOfModifiers>
          <modifierSpeciesReference species="S4"/>
        </listOfModifiers>
        <kineticLaw>
          <math xmlns="http://www.w3.org/1998/Math/MathML">
            <apply>
              <divide/>
              <apply>
                <times/>
                <ci> S4 </ci>
                <apply>
                  <minus/>
                  <apply>
                    <divide/>
                    <apply>
                      <times/>
                      <ci> kf_J26 </ci>
                      <ci> S2 </ci>
                    </apply>
                    <ci> K1_J26 </ci>
                  </apply>
                  <apply>
                    <divide/>
                    <apply>
                      <times/>
                      <ci> kr_J26 </ci>
                      <ci> S23 </ci>
                    </apply>
                    <ci> K2_J26 </ci>
                  </apply>
                </apply>
              </apply>
              <apply>
                <plus/>
                <cn type="integer"> 1 </cn>
                <apply>
                  <divide/>
                  <ci> S2 </ci>
                  <ci> K1_J26 </ci>
                </apply>
                <apply>
                  <divide/>
                  <ci> S23 </ci>
                  <ci> K2_J26 </ci>
                </apply>
              </apply>
            </apply>
          </math>
        </kineticLaw>
      </reaction>
      <reaction id="r27" reversible="false">
        <listOfReactants>
          <speciesReference species="S1" stoichiometry="1" constant="true"/>
        </listOfReactants>
        <listOfProducts>
          <speciesReference species="S14" stoichiometry="1" constant="true"/>
        </listOfProducts>
        <listOfModifiers>
          <modifierSpeciesReference species="S21"/>
        </listOfModifiers>
        <kineticLaw>
          <math xmlns="http://www.w3.org/1998/Math/MathML">
            <apply>
              <divide/>
              <apply>
                <times/>
                <ci> S21 </ci>
                <apply>
                  <minus/>
                  <apply>
                    <divide/>
                    <apply>
                      <times/>
                      <ci> kf_J27 </ci>
                      <ci> S1 </ci>
                    </apply>
                    <ci> K1_J27 </ci>
                  </apply>
                  <apply>
                    <divide/>
                    <apply>
                      <times/>
                      <ci> kr_J27 </ci>
                      <ci> S14 </ci>
                    </apply>
                    <ci> K2_J27 </ci>
                  </apply>
                </apply>
              </apply>
              <apply>
                <plus/>
                <cn type="integer"> 1 </cn>
                <apply>
                  <divide/>
                  <ci> S1 </ci>
                  <ci> K1_J27 </ci>
                </apply>
                <apply>
                  <divide/>
                  <ci> S14 </ci>
                  <ci> K2_J27 </ci>
                </apply>
              </apply>
            </apply>
          </math>
        </kineticLaw>
      </reaction>
      <reaction id="r28" reversible="false">
        <listOfReactants>
          <speciesReference species="S3" stoichiometry="1" constant="true"/>
        </listOfReactants>
        <listOfProducts>
          <speciesReference species="S5" stoichiometry="1" constant="true"/>
        </listOfProducts>
        <listOfModifiers>
          <modifierSpeciesReference species="S14"/>
        </listOfModifiers>
        <kineticLaw>
          <math xmlns="http://www.w3.org/1998/Math/MathML">
            <apply>
              <divide/>
              <apply>
                <times/>
                <ci> S14 </ci>
                <apply>
                  <minus/>
                  <apply>
                    <divide/>
                    <apply>
                      <times/>
                      <ci> kf_J28 </ci>
                      <ci> S3 </ci>
                    </apply>
                    <ci> K1_J28 </ci>
                  </apply>
                  <apply>
                    <divide/>
                    <apply>
                      <times/>
                      <ci> kr_J28 </ci>
                      <ci> S5 </ci>
                    </apply>
                    <ci> K2_J28 </ci>
                  </apply>
                </apply>
              </apply>
              <apply>
                <plus/>
                <cn type="integer"> 1 </cn>
                <apply>
                  <divide/>
                  <ci> S3 </ci>
                  <ci> K1_J28 </ci>
                </apply>
                <apply>
                  <divide/>
                  <ci> S5 </ci>
                  <ci> K2_J28 </ci>
                </apply>
              </apply>
            </apply>
          </math>
        </kineticLaw>
      </reaction>
      <reaction id="r29" reversible="false">
        <listOfReactants>
          <speciesReference species="S5" stoichiometry="1" constant="true"/>
        </listOfReactants>
        <listOfProducts>
          <speciesReference species="S4" stoichiometry="1" constant="true"/>
        </listOfProducts>
        <listOfModifiers>
          <modifierSpeciesReference species="S14"/>
        </listOfModifiers>
        <kineticLaw>
          <math xmlns="http://www.w3.org/1998/Math/MathML">
            <apply>
              <divide/>
              <apply>
                <times/>
                <ci> S14 </ci>
                <apply>
                  <minus/>
                  <apply>
                    <divide/>
                    <apply>
                      <times/>
                      <ci> kf_J29 </ci>
                      <ci> S5 </ci>
                    </apply>
                    <ci> K1_J29 </ci>
                  </apply>
                  <apply>
                    <divide/>
                    <apply>
                      <times/>
                      <ci> kr_J29 </ci>
                      <ci> S4 </ci>
                    </apply>
                    <ci> K2_J29 </ci>
                  </apply>
                </apply>
              </apply>
              <apply>
                <plus/>
                <cn type="integer"> 1 </cn>
                <apply>
                  <divide/>
                  <ci> S5 </ci>
                  <ci> K1_J29 </ci>
                </apply>
                <apply>
                  <divide/>
                  <ci> S4 </ci>
                  <ci> K2_J29 </ci>
                </apply>
              </apply>
            </apply>
          </math>
        </kineticLaw>
      </reaction>
      <reaction id="r30" reversible="false">
        <listOfReactants>
          <speciesReference species="S4" stoichiometry="1" constant="true"/>
        </listOfReactants>
        <listOfProducts>
          <speciesReference species="S5" stoichiometry="1" constant="true"/>
        </listOfProducts>
        <listOfModifiers>
          <modifierSpeciesReference species="S10"/>
        </listOfModifiers>
        <kineticLaw>
          <math xmlns="http://www.w3.org/1998/Math/MathML">
            <apply>
              <divide/>
              <apply>
                <times/>
                <ci> S10 </ci>
                <apply>
                  <minus/>
                  <apply>
                    <divide/>
                    <apply>
                      <times/>
                      <ci> kf_J30 </ci>
                      <ci> S4 </ci>
                    </apply>
                    <ci> K1_J30 </ci>
                  </apply>
                  <apply>
                    <divide/>
                    <apply>
                      <times/>
                      <ci> kr_J30 </ci>
                      <ci> S5 </ci>
                    </apply>
                    <ci> K2_J30 </ci>
                  </apply>
                </apply>
              </apply>
              <apply>
                <plus/>
                <cn type="integer"> 1 </cn>
                <apply>
                  <divide/>
                  <ci> S4 </ci>
                  <ci> K1_J30 </ci>
                </apply>
                <apply>
                  <divide/>
                  <ci> S5 </ci>
                  <ci> K2_J30 </ci>
                </apply>
              </apply>
            </apply>
          </math>
        </kineticLaw>
      </reaction>
      <reaction id="r31" reversible="false">
        <listOfReactants>
          <speciesReference species="S5" stoichiometry="1" constant="true"/>
        </listOfReactants>
        <listOfProducts>
          <speciesReference species="S3" stoichiometry="1" constant="true"/>
        </listOfProducts>
        <listOfModifiers>
          <modifierSpeciesReference species="S10"/>
        </listOfModifiers>
        <kineticLaw>
          <math xmlns="http://www.w3.org/1998/Math/MathML">
            <apply>
              <divide/>
              <apply>
                <times/>
                <ci> S10 </ci>
                <apply>
                  <minus/>
                  <apply>
                    <divide/>
                    <apply>
                      <times/>
                      <ci> kf_J31 </ci>
                      <ci> S5 </ci>
                    </apply>
                    <ci> K1_J31 </ci>
                  </apply>
                  <apply>
                    <divide/>
                    <apply>
                      <times/>
                      <ci> kr_J31 </ci>
                      <ci> S3 </ci>
                    </apply>
                    <ci> K2_J31 </ci>
                  </apply>
                </apply>
              </apply>
              <apply>
                <plus/>
                <cn type="integer"> 1 </cn>
                <apply>
                  <divide/>
                  <ci> S5 </ci>
                  <ci> K1_J31 </ci>
                </apply>
                <apply>
                  <divide/>
                  <ci> S3 </ci>
                  <ci> K2_J31 </ci>
                </apply>
              </apply>
            </apply>
          </math>
        </kineticLaw>
      </reaction>
      <reaction id="r32" reversible="false">
        <listOfReactants>
          <speciesReference species="S11" stoichiometry="1" constant="true"/>
        </listOfReactants>
        <listOfProducts>
          <speciesReference species="S14" stoichiometry="1" constant="true"/>
        </listOfProducts>
        <listOfModifiers>
          <modifierSpeciesReference species="S5"/>
        </listOfModifiers>
        <kineticLaw>
          <math xmlns="http://www.w3.org/1998/Math/MathML">
            <apply>
              <divide/>
              <apply>
                <times/>
                <ci> S5 </ci>
                <apply>
                  <minus/>
                  <apply>
                    <divide/>
                    <apply>
                      <times/>
                      <ci> kf_J32 </ci>
                      <ci> S11 </ci>
                    </apply>
                    <ci> K1_J32 </ci>
                  </apply>
                  <apply>
                    <divide/>
                    <apply>
                      <times/>
                      <ci> kr_J32 </ci>
                      <ci> S14 </ci>
                    </apply>
                    <ci> K2_J32 </ci>
                  </apply>
                </apply>
              </apply>
              <apply>
                <plus/>
                <cn type="integer"> 1 </cn>
                <apply>
                  <divide/>
                  <ci> S11 </ci>
                  <ci> K1_J32 </ci>
                </apply>
                <apply>
                  <divide/>
                  <ci> S14 </ci>
                  <ci> K2_J32 </ci>
                </apply>
              </apply>
            </apply>
          </math>
        </kineticLaw>
      </reaction>
      <reaction id="r33" reversible="false">
        <listOfReactants>
          <speciesReference species="S14" stoichiometry="1" constant="true"/>
        </listOfReactants>
        <listOfProducts>
          <speciesReference species="S11" stoichiometry="1" constant="true"/>
        </listOfProducts>
        <kineticLaw>
          <math xmlns="http://www.w3.org/1998/Math/MathML">
            <apply>
              <divide/>
              <apply>
                <times/>
                <ci> S14 </ci>
                <apply>
                  <minus/>
                  <apply>
                    <divide/>
                    <apply>
                      <times/>
                      <ci> kf_J33 </ci>
                      <ci> S14 </ci>
                    </apply>
                    <ci> K2_J33 </ci>
                  </apply>
                  <apply>
                    <divide/>
                    <apply>
                      <times/>
                      <ci> kr_J33 </ci>
                      <ci> S11 </ci>
                    </apply>
                    <ci> K1_J33 </ci>
                  </apply>
                </apply>
              </apply>
              <apply>
                <plus/>
                <cn type="integer"> 1 </cn>
                <apply>
                  <divide/>
                  <ci> S14 </ci>
                  <ci> K2_J33 </ci>
                </apply>
                <apply>
                  <divide/>
                  <ci> S11 </ci>
                  <ci> K1_J33 </ci>
                </apply>
              </apply>
            </apply>
          </math>
        </kineticLaw>
      </reaction>
      <reaction id="r34" reversible="false">
        <listOfReactants>
          <speciesReference species="S14" stoichiometry="1" constant="true"/>
        </listOfReactants>
        <listOfProducts>
          <speciesReference species="S14" stoichiometry="1" constant="true"/>
        </listOfProducts>
        <listOfModifiers>
          <modifierSpeciesReference species="S11"/>
        </listOfModifiers>
        <kineticLaw>
          <math xmlns="http://www.w3.org/1998/Math/MathML">
            <apply>
              <divide/>
              <apply>
                <times/>
                <ci> S11 </ci>
                <apply>
                  <minus/>
                  <apply>
                    <divide/>
                    <apply>
                      <times/>
                      <ci> kf_J34 </ci>
                      <ci> S14 </ci>
                    </apply>
                    <ci> K1_J34 </ci>
                  </apply>
                  <apply>
                    <divide/>
                    <apply>
                      <times/>
                      <ci> kr_J34 </ci>
                      <ci> S14 </ci>
                    </apply>
                    <ci> K2_J34 </ci>
                  </apply>
                </apply>
              </apply>
              <apply>
                <plus/>
                <cn type="integer"> 1 </cn>
                <apply>
                  <divide/>
                  <ci> S14 </ci>
                  <ci> K1_J34 </ci>
                </apply>
                <apply>
                  <divide/>
                  <ci> S14 </ci>
                  <ci> K2_J34 </ci>
                </apply>
              </apply>
            </apply>
          </math>
        </kineticLaw>
      </reaction>
      <reaction id="r35" reversible="false">
        <listOfReactants>
          <speciesReference species="S14" stoichiometry="1" constant="true"/>
        </listOfReactants>
        <listOfProducts>
          <speciesReference species="S14" stoichiometry="1" constant="true"/>
        </listOfProducts>
        <kineticLaw>
          <math xmlns="http://www.w3.org/1998/Math/MathML">
            <apply>
              <divide/>
              <apply>
                <times/>
                <ci> S14 </ci>
                <apply>
                  <minus/>
                  <apply>
                    <divide/>
                    <apply>
                      <times/>
                      <ci> kf_J35 </ci>
                      <ci> S14 </ci>
                    </apply>
                    <ci> K1_J35 </ci>
                  </apply>
                  <apply>
                    <divide/>
                    <apply>
                      <times/>
                      <ci> kr_J35 </ci>
                      <ci> S14 </ci>
                    </apply>
                    <ci> K2_J35 </ci>
                  </apply>
                </apply>
              </apply>
              <apply>
                <plus/>
                <cn type="integer"> 1 </cn>
                <apply>
                  <divide/>
                  <ci> S14 </ci>
                  <ci> K1_J35 </ci>
                </apply>
                <apply>
                  <divide/>
                  <ci> S14 </ci>
                  <ci> K2_J35 </ci>
                </apply>
              </apply>
            </apply>
          </math>
        </kineticLaw>
      </reaction>
    </listOfReactions>
  </model>
</sbml>
